Order ID,Order Date,Ship Date,Ship Mode,Customer ID,Segment,Country,City,State,Postal Code,Region,Product ID,Category,Sub-Category,Product Name,Sales,Quantity,Discount,Profit
ORD-00000,04/01/2012,04/06/2012,Standard Class,AA-10327,Home Office,United States,Houston,NY,13905,West,PRD-00000,Furniture,Tables,Tables Product,626.99,8,0.0,129.17
ORD-00001,06/14/2013,06/21/2013,Standard Class,AA-10434,Consumer,United States,Houston,IL,46421,South,PRD-00001,Technology,Copiers,Copiers Product,3880.16,18,0.15,595.84
ORD-00002,05/31/2013,06/07/2013,Standard Class,AA-10487,Home Office,United States,Houston,AZ,26361,Central,PRD-00002,Technology,Phones,Phones Product,746.08,13,0.1,121.04
ORD-00003,11/19/2011,11/21/2011,First Class,AA-10597,Consumer,United States,Los Angeles,NY,59823,East,PRD-00003,Furniture,Bookcases,Bookcases Product,1980.21,19,0.0,-341.6
ORD-00004,02/01/2016,02/07/2016,Standard Class,AA-10501,Home Office,United States,Los Angeles,AZ,42087,South,PRD-00004,Office Supplies,Paper,Paper Product,1351.9,12,0.1,298.89
ORD-00005,03/08/2016,03/09/2016,First Class,AA-10509,Corporate,United States,Chicago,NY,37653,East,PRD-00005,Furniture,Tables,Tables Product,4652.97,11,0.0,-291.14
ORD-00006,05/20/2013,05/25/2013,First Class,AA-10570,Home Office,United States,Phoenix,TX,86484,Central,PRD-00006,Groceries,Dairy,Dairy Product,698.96,5,0.05,172.64
ORD-00007,01/22/2015,01/24/2015,Same Day,AA-10427,Home Office,United States,New York,TX,60019,Central,PRD-00007,Office Supplies,Binders,Binders Product,1141.0,3,0.0,-123.56
ORD-00008,12/07/2016,12/11/2016,Second Class,AA-10443,Corporate,United States,New York,IL,75612,South,PRD-00008,Technology,Phones,Phones Product,6802.74,18,0.1,-905.23
ORD-00009,09/10/2016,09/17/2016,Standard Class,AA-10369,Home Office,United States,Chicago,TX,12552,West,PRD-00009,Furniture,Tables,Tables Product,966.09,5,0.05,119.44
ORD-00010,01/26/2015,01/30/2015,Standard Class,AA-10472,Home Office,United States,Los Angeles,CA,96474,Central,PRD-00010,Office Supplies,Appliances,Appliances Product,3521.8,8,0.0,-523.37
ORD-00011,03/01/2017,03/05/2017,First Class,AA-10399,Corporate,United States,Phoenix,TX,25860,South,PRD-00011,Furniture,Furnishings,Furnishings Product,3256.17,7,0.05,741.66
ORD-00012,07/09/2013,07/10/2013,Standard Class,AA-10347,Consumer,United States,New York,NY,53309,West,PRD-00012,Furniture,Chairs,Chairs Product,5347.01,19,0.2,-362.9
ORD-00013,10/06/2016,10/08/2016,Same Day,AA-10436,Corporate,United States,Los Angeles,NY,22704,Central,PRD-00013,Furniture,Furnishings,Furnishings Product,1919.57,7,0.2,279.73
ORD-00014,12/22/2014,12/28/2014,First Class,AA-10531,Consumer,United States,Los Angeles,CA,34931,Central,PRD-00014,Groceries,Dairy,Dairy Product,679.9,2,0.0,-111.25
ORD-00015,07/28/2012,08/04/2012,Standard Class,AA-10531,Consumer,United States,Phoenix,NY,22224,South,PRD-00015,Office Supplies,Paper,Paper Product,1986.08,15,0.0,130.84
ORD-00016,11/12/2012,11/13/2012,Same Day,AA-10523,Corporate,United States,Houston,IL,65444,Central,PRD-00016,Groceries,Dairy,Dairy Product,3035.75,7,0.0,-307.27
ORD-00017,09/26/2012,09/29/2012,Standard Class,AA-10412,Consumer,United States,Phoenix,TX,75909,South,PRD-00017,Furniture,Tables,Tables Product,587.6,2,0.2,-96.03
ORD-00018,08/21/2011,08/26/2011,Second Class,AA-10575,Home Office,United States,Phoenix,NY,91183,West,PRD-00018,Technology,Copiers,Copiers Product,904.7,3,0.05,38.24
ORD-00019,09/14/2015,09/18/2015,Second Class,AA-10613,Home Office,United States,Chicago,TX,51441,West,PRD-00019,Furniture,Bookcases,Bookcases Product,2367.16,7,0.1,-134.43
ORD-00020,02/08/2011,02/11/2011,Standard Class,AA-10549,Consumer,United States,Chicago,IL,30676,Central,PRD-00020,Technology,Phones,Phones Product,2060.02,18,0.1,-248.29
ORD-00021,02/03/2017,02/04/2017,Second Class,AA-10469,Corporate,United States,Chicago,AZ,37607,East,PRD-00021,Technology,Machines,Machines Product,1880.3,4,0.05,-77.69
ORD-00022,04/13/2013,04/14/2013,Standard Class,AA-10450,Corporate,United States,Los Angeles,IL,31178,Central,PRD-00022,Groceries,Canned Goods,Canned Goods Product,110.45,2,0.15,32.87
ORD-00023,03/09/2017,03/16/2017,First Class,AA-10533,Home Office,United States,Phoenix,CA,66333,South,PRD-00023,Technology,Phones,Phones Product,1419.22,3,0.05,180.74
ORD-00024,06/21/2011,06/24/2011,Same Day,AA-10472,Home Office,United States,Los Angeles,CA,31299,South,PRD-00024,Furniture,Chairs,Chairs Product,1355.25,12,0.05,271.27
ORD-00025,08/16/2015,08/23/2015,Standard Class,AA-10327,Corporate,United States,New York,TX,39154,South,PRD-00025,Office Supplies,Paper,Paper Product,5643.33,14,0.05,-225.26
ORD-00026,02/29/2016,03/03/2016,Standard Class,AA-10494,Corporate,United States,Chicago,AZ,62386,East,PRD-00026,Furniture,Tables,Tables Product,172.76,8,0.05,6.75
ORD-00027,04/24/2011,04/29/2011,Same Day,AA-10374,Corporate,United States,Chicago,TX,89457,West,PRD-00027,Furniture,Tables,Tables Product,9151.19,19,0.1,-1620.18
ORD-00028,04/27/2015,05/04/2015,Second Class,AA-10610,Corporate,United States,Houston,NY,97062,East,PRD-00028,Office Supplies,Paper,Paper Product,714.61,2,0.0,80.0
ORD-00029,12/27/2017,01/02/2018,First Class,AA-10475,Home Office,United States,Los Angeles,CA,65108,Central,PRD-00029,Technology,Machines,Machines Product,2746.34,17,0.15,-11.78
ORD-00030,12/13/2012,12/17/2012,First Class,AA-10606,Corporate,United States,Houston,TX,98555,South,PRD-00030,Furniture,Furnishings,Furnishings Product,7533.46,18,0.1,-209.82
ORD-00031,09/24/2016,10/01/2016,Second Class,AA-10557,Home Office,United States,Chicago,CA,36100,South,PRD-00031,Office Supplies,Appliances,Appliances Product,2625.71,10,0.2,2.92
ORD-00032,04/11/2011,04/17/2011,Second Class,AA-10338,Home Office,United States,Houston,TX,62383,South,PRD-00032,Office Supplies,Binders,Binders Product,8527.43,20,0.0,624.63
ORD-00033,08/27/2012,09/01/2012,Second Class,AA-10317,Consumer,United States,Houston,CA,70901,East,PRD-00033,Technology,Accessories,Accessories Product,769.48,8,0.2,60.58
ORD-00034,12/18/2015,12/25/2015,Second Class,AA-10573,Home Office,United States,Chicago,AZ,73517,South,PRD-00034,Groceries,Dairy,Dairy Product,2246.35,6,0.15,157.34
ORD-00035,01/29/2014,01/30/2014,Second Class,AA-10540,Consumer,United States,Los Angeles,TX,30028,South,PRD-00035,Technology,Machines,Machines Product,1145.12,8,0.1,384.55
ORD-00036,09/21/2011,09/25/2011,Same Day,AA-10527,Home Office,United States,New York,AZ,59857,Central,PRD-00036,Groceries,Canned Goods,Canned Goods Product,4289.45,18,0.0,-325.57
ORD-00037,01/25/2011,01/27/2011,Same Day,AA-10495,Consumer,United States,Chicago,TX,73654,West,PRD-00037,Furniture,Furnishings,Furnishings Product,3832.19,14,0.2,1072.71
ORD-00038,05/12/2015,05/16/2015,Standard Class,AA-10487,Consumer,United States,Houston,CA,70515,South,PRD-00038,Groceries,Beverages,Beverages Product,6908.63,15,0.2,832.31
ORD-00039,07/25/2011,07/29/2011,First Class,AA-10448,Corporate,United States,Chicago,NY,71644,West,PRD-00039,Groceries,Canned Goods,Canned Goods Product,1629.62,7,0.1,418.38
ORD-00040,01/18/2017,01/20/2017,Second Class,AA-10341,Consumer,United States,Phoenix,CA,41266,South,PRD-00040,Furniture,Tables,Tables Product,1178.41,3,0.0,297.6
ORD-00041,04/23/2016,04/29/2016,Standard Class,AA-10373,Consumer,United States,Chicago,NY,85849,West,PRD-00041,Office Supplies,Binders,Binders Product,3472.02,9,0.05,567.8
ORD-00042,07/01/2014,07/08/2014,First Class,AA-10609,Home Office,United States,Phoenix,NY,84177,West,PRD-00042,Groceries,Dairy,Dairy Product,330.67,7,0.05,-45.92
ORD-00043,11/23/2014,11/27/2014,Same Day,AA-10587,Consumer,United States,Houston,IL,93307,Central,PRD-00043,Groceries,Canned Goods,Canned Goods Product,773.76,3,0.1,-148.88
ORD-00044,09/18/2012,09/22/2012,Same Day,AA-10537,Home Office,United States,Phoenix,IL,52245,South,PRD-00044,Office Supplies,Paper,Paper Product,8120.35,20,0.2,2150.15
ORD-00045,12/21/2011,12/25/2011,First Class,AA-10457,Consumer,United States,Houston,CA,56507,East,PRD-00045,Groceries,Beverages,Beverages Product,4338.39,15,0.15,7.97
ORD-00046,10/26/2014,10/30/2014,Same Day,AA-10458,Home Office,United States,Los Angeles,TX,94659,Central,PRD-00046,Furniture,Chairs,Chairs Product,8067.36,17,0.0,-445.21
ORD-00047,01/10/2016,01/15/2016,First Class,AA-10323,Corporate,United States,Phoenix,AZ,55056,Central,PRD-00047,Technology,Machines,Machines Product,1665.25,8,0.05,-27.1
ORD-00048,03/04/2017,03/06/2017,First Class,AA-10484,Consumer,United States,Phoenix,CA,35105,South,PRD-00048,Furniture,Furnishings,Furnishings Product,1442.21,9,0.05,-184.03
ORD-00049,06/06/2016,06/07/2016,Second Class,AA-10456,Corporate,United States,New York,NY,82529,East,PRD-00049,Furniture,Chairs,Chairs Product,1086.13,7,0.1,-100.29
ORD-00050,06/01/2012,06/03/2012,Standard Class,AA-10566,Corporate,United States,Houston,NY,18564,Central,PRD-00050,Technology,Phones,Phones Product,2837.2,19,0.15,182.38
ORD-00051,07/07/2016,07/09/2016,Standard Class,AA-10352,Home Office,United States,Houston,AZ,88135,South,PRD-00051,Technology,Copiers,Copiers Product,2037.3,5,0.1,-303.34
ORD-00052,11/10/2016,11/15/2016,Standard Class,AA-10509,Home Office,United States,New York,CA,91987,South,PRD-00052,Groceries,Dairy,Dairy Product,4314.82,10,0.15,-72.37
ORD-00053,12/19/2013,12/23/2013,Same Day,AA-10356,Corporate,United States,New York,CA,47762,East,PRD-00053,Office Supplies,Pens,Pens Product,1682.86,6,0.05,-333.87
ORD-00054,02/03/2016,02/08/2016,Second Class,AA-10351,Home Office,United States,Los Angeles,IL,28643,West,PRD-00054,Office Supplies,Paper,Paper Product,6345.61,19,0.05,349.54
ORD-00055,09/02/2011,09/05/2011,Same Day,AA-10399,Corporate,United States,New York,AZ,15224,Central,PRD-00055,Furniture,Bookcases,Bookcases Product,1064.0,15,0.1,233.91
ORD-00056,08/13/2014,08/14/2014,First Class,AA-10443,Home Office,United States,New York,CA,71669,Central,PRD-00056,Technology,Phones,Phones Product,3850.69,8,0.2,586.36
ORD-00057,02/13/2014,02/19/2014,Standard Class,AA-10407,Consumer,United States,Chicago,TX,74942,East,PRD-00057,Groceries,Dairy,Dairy Product,720.92,3,0.15,-0.01
ORD-00058,06/29/2015,07/06/2015,Same Day,AA-10596,Home Office,United States,New York,AZ,70552,Central,PRD-00058,Technology,Accessories,Accessories Product,492.34,3,0.1,-64.22
ORD-00059,08/11/2011,08/13/2011,First Class,AA-10411,Corporate,United States,Houston,NY,13783,South,PRD-00059,Furniture,Furnishings,Furnishings Product,5735.93,15,0.05,-228.1
ORD-00060,10/10/2012,10/11/2012,Second Class,AA-10474,Corporate,United States,Chicago,AZ,45838,Central,PRD-00060,Technology,Accessories,Accessories Product,360.31,3,0.0,27.7
ORD-00061,05/30/2016,06/04/2016,Second Class,AA-10556,Consumer,United States,Chicago,TX,54548,East,PRD-00061,Office Supplies,Binders,Binders Product,1455.74,18,0.05,514.05
ORD-00062,01/11/2011,01/16/2011,Same Day,AA-10459,Corporate,United States,Chicago,CA,41300,Central,PRD-00062,Furniture,Furnishings,Furnishings Product,1144.04,5,0.15,8.09
ORD-00063,08/14/2013,08/20/2013,Second Class,AA-10525,Corporate,United States,New York,CA,75836,East,PRD-00063,Technology,Machines,Machines Product,5688.99,16,0.15,180.04
ORD-00064,02/16/2012,02/18/2012,Standard Class,AA-10540,Corporate,United States,Chicago,IL,91691,Central,PRD-00064,Technology,Accessories,Accessories Product,364.0,1,0.15,117.41
ORD-00065,11/25/2011,11/27/2011,First Class,AA-10483,Consumer,United States,New York,TX,22903,West,PRD-00065,Groceries,Canned Goods,Canned Goods Product,6999.48,16,0.0,1193.24
ORD-00066,12/23/2015,12/26/2015,Same Day,AA-10400,Consumer,United States,Los Angeles,AZ,64008,South,PRD-00066,Furniture,Chairs,Chairs Product,337.89,2,0.0,-8.1
ORD-00067,11/27/2012,11/29/2012,Second Class,AA-10404,Corporate,United States,Chicago,TX,43466,West,PRD-00067,Technology,Accessories,Accessories Product,6894.72,20,0.15,2397.28
ORD-00068,03/20/2016,03/24/2016,First Class,AA-10462,Corporate,United States,Chicago,CA,60422,Central,PRD-00068,Office Supplies,Appliances,Appliances Product,7097.48,15,0.2,-145.55
ORD-00069,03/12/2012,03/19/2012,Same Day,AA-10436,Corporate,United States,New York,AZ,99889,West,PRD-00069,Groceries,Canned Goods,Canned Goods Product,2944.57,19,0.1,-550.15
ORD-00070,10/19/2017,10/24/2017,First Class,AA-10569,Home Office,United States,Los Angeles,NY,92242,West,PRD-00070,Furniture,Tables,Tables Product,8058.93,20,0.05,1466.49
ORD-00071,06/19/2014,06/23/2014,Second Class,AA-10540,Consumer,United States,Los Angeles,AZ,57953,East,PRD-00071,Technology,Machines,Machines Product,270.83,5,0.1,-1.07
ORD-00072,11/04/2012,11/06/2012,Second Class,AA-10446,Home Office,United States,Houston,AZ,57942,West,PRD-00072,Groceries,Canned Goods,Canned Goods Product,4444.81,11,0.15,1678.97
ORD-00073,06/05/2015,06/12/2015,First Class,AA-10322,Consumer,United States,Los Angeles,TX,13280,East,PRD-00073,Furniture,Chairs,Chairs Product,2859.1,15,0.1,430.97
ORD-00074,11/03/2017,11/04/2017,First Class,AA-10428,Corporate,United States,New York,NY,40775,South,PRD-00074,Technology,Accessories,Accessories Product,3281.27,10,0.0,-381.07
ORD-00075,05/11/2015,05/17/2015,Standard Class,AA-10547,Corporate,United States,Phoenix,TX,46666,West,PRD-00075,Furniture,Furnishings,Furnishings Product,7100.52,19,0.05,2352.04
ORD-00076,02/26/2015,03/01/2015,First Class,AA-10426,Consumer,United States,Houston,IL,34878,West,PRD-00076,Groceries,Dairy,Dairy Product,3433.36,8,0.0,1334.06
ORD-00077,02/06/2016,02/13/2016,Second Class,AA-10361,Consumer,United States,Phoenix,CA,86858,South,PRD-00077,Office Supplies,Appliances,Appliances Product,791.06,2,0.05,311.12
ORD-00078,08/12/2013,08/17/2013,First Class,AA-10483,Consumer,United States,New York,NY,27275,West,PRD-00078,Office Supplies,Appliances,Appliances Product,3875.57,9,0.05,1521.23
ORD-00079,01/07/2015,01/12/2015,Standard Class,AA-10436,Home Office,United States,New York,TX,68756,East,PRD-00079,Furniture,Chairs,Chairs Product,840.18,6,0.05,205.87
ORD-00080,10/03/2016,10/09/2016,Standard Class,AA-10370,Consumer,United States,Houston,TX,65872,West,PRD-00080,Groceries,Beverages,Beverages Product,624.98,20,0.2,-11.89
ORD-00081,07/01/2016,07/06/2016,First Class,AA-10542,Corporate,United States,Phoenix,AZ,48652,Central,PRD-00081,Technology,Phones,Phones Product,3388.72,11,0.0,-421.17
ORD-00082,09/01/2016,09/03/2016,Same Day,AA-10535,Corporate,United States,Houston,TX,64524,West,PRD-00082,Technology,Phones,Phones Product,6537.81,18,0.05,379.47
ORD-00083,07/04/2014,07/11/2014,Standard Class,AA-10533,Consumer,United States,Houston,NY,58843,South,PRD-00083,Furniture,Bookcases,Bookcases Product,5727.12,12,0.15,-914.74
ORD-00084,03/28/2017,04/03/2017,Standard Class,AA-10345,Corporate,United States,Phoenix,IL,56090,West,PRD-00084,Furniture,Chairs,Chairs Product,2565.68,14,0.15,823.21
ORD-00085,06/25/2017,06/30/2017,First Class,AA-10574,Consumer,United States,Chicago,AZ,39643,Central,PRD-00085,Office Supplies,Pens,Pens Product,1918.08,16,0.0,19.31
ORD-00086,04/16/2017,04/19/2017,Standard Class,AA-10600,Consumer,United States,Los Angeles,AZ,96159,Central,PRD-00086,Technology,Machines,Machines Product,98.4,1,0.1,34.73
ORD-00087,10/13/2011,10/15/2011,First Class,AA-10387,Corporate,United States,Chicago,AZ,88148,West,PRD-00087,Technology,Phones,Phones Product,1962.06,17,0.15,141.64
ORD-00088,08/04/2011,08/08/2011,Same Day,AA-10394,Corporate,United States,Los Angeles,AZ,24918,East,PRD-00088,Office Supplies,Appliances,Appliances Product,429.99,3,0.15,39.3
ORD-00089,10/27/2015,11/01/2015,Standard Class,AA-10371,Consumer,United States,Los Angeles,IL,37686,South,PRD-00089,Furniture,Furnishings,Furnishings Product,5727.21,17,0.0,-387.67
ORD-00090,11/12/2013,11/16/2013,Second Class,AA-10463,Home Office,United States,Phoenix,IL,19447,Central,PRD-00090,Furniture,Chairs,Chairs Product,253.72,1,0.15,-24.0
ORD-00091,06/23/2011,06/27/2011,Same Day,AA-10538,Corporate,United States,New York,TX,12733,East,PRD-00091,Technology,Accessories,Accessories Product,1297.3,3,0.2,74.69
ORD-00092,12/04/2012,12/08/2012,Standard Class,AA-10550,Corporate,United States,Chicago,IL,39041,East,PRD-00092,Furniture,Chairs,Chairs Product,5933.16,14,0.05,364.33
ORD-00093,11/19/2012,11/21/2012,First Class,AA-10354,Consumer,United States,Los Angeles,AZ,30036,West,PRD-00093,Technology,Copiers,Copiers Product,2184.47,12,0.05,-127.22
ORD-00094,12/26/2012,01/01/2013,First Class,AA-10567,Consumer,United States,Houston,NY,71462,Central,PRD-00094,Groceries,Dairy,Dairy Product,6176.25,19,0.2,-37.52
ORD-00095,05/25/2014,05/26/2014,First Class,AA-10455,Corporate,United States,New York,NY,90610,Central,PRD-00095,Technology,Machines,Machines Product,788.01,17,0.15,56.07
ORD-00096,03/10/2016,03/15/2016,Second Class,AA-10612,Consumer,United States,Houston,NY,55015,West,PRD-00096,Technology,Accessories,Accessories Product,6258.61,19,0.1,1020.17
ORD-00097,08/28/2016,08/30/2016,First Class,AA-10403,Corporate,United States,Chicago,TX,63578,East,PRD-00097,Technology,Copiers,Copiers Product,7433.75,15,0.2,844.84
ORD-00098,09/14/2017,09/20/2017,Second Class,AA-10341,Corporate,United States,New York,AZ,96980,South,PRD-00098,Furniture,Chairs,Chairs Product,619.39,11,0.15,-18.28
ORD-00099,12/03/2014,12/07/2014,First Class,AA-10473,Consumer,United States,Phoenix,NY,94675,Central,PRD-00099,Groceries,Beverages,Beverages Product,7146.57,20,0.0,-101.84
ORD-00100,09/13/2016,09/20/2016,Same Day,AA-10500,Consumer,United States,Los Angeles,CA,30308,West,PRD-00000,Technology,Machines,Machines Product,983.29,10,0.05,4.96
ORD-00101,04/26/2014,04/28/2014,Second Class,AA-10366,Home Office,United States,Houston,NY,63852,East,PRD-00001,Technology,Machines,Machines Product,1484.28,20,0.15,-159.48
ORD-00102,08/30/2013,09/06/2013,Same Day,AA-10542,Consumer,United States,Chicago,AZ,67749,Central,PRD-00002,Furniture,Furnishings,Furnishings Product,2173.32,8,0.1,824.47
ORD-00103,02/28/2014,03/01/2014,Same Day,AA-10510,Corporate,United States,Phoenix,NY,77621,West,PRD-00003,Groceries,Beverages,Beverages Product,2818.32,7,0.05,912.57
ORD-00104,03/13/2014,03/14/2014,Second Class,AA-10357,Corporate,United States,Chicago,NY,64381,West,PRD-00004,Office Supplies,Paper,Paper Product,6804.0,15,0.05,2031.87
ORD-00105,06/12/2015,06/15/2015,Standard Class,AA-10572,Home Office,United States,Chicago,CA,28035,West,PRD-00005,Furniture,Tables,Tables Product,6465.13,13,0.1,-422.02
ORD-00106,03/21/2014,03/23/2014,Second Class,AA-10556,Home Office,United States,Phoenix,AZ,65476,West,PRD-00006,Office Supplies,Binders,Binders Product,4672.81,15,0.0,-881.28
ORD-00107,03/26/2014,03/27/2014,Same Day,AA-10436,Home Office,United States,Phoenix,NY,92831,South,PRD-00007,Furniture,Chairs,Chairs Product,253.67,2,0.2,18.84
ORD-00108,08/11/2012,08/17/2012,Standard Class,AA-10464,Home Office,United States,Chicago,NY,78951,West,PRD-00008,Groceries,Snacks,Snacks Product,3657.6,20,0.2,182.66
ORD-00109,05/19/2015,05/20/2015,First Class,AA-10555,Consumer,United States,New York,AZ,53583,South,PRD-00009,Technology,Accessories,Accessories Product,1611.46,12,0.0,22.97
ORD-00110,07/01/2011,07/08/2011,Second Class,AA-10495,Consumer,United States,Houston,NY,48462,South,PRD-00010,Furniture,Tables,Tables Product,7359.02,15,0.15,1317.57
ORD-00111,06/29/2011,06/30/2011,Second Class,AA-10417,Corporate,United States,Chicago,NY,95948,East,PRD-00011,Technology,Machines,Machines Product,2625.38,10,0.2,220.64
ORD-00112,01/24/2014,01/26/2014,Same Day,AA-10378,Home Office,United States,Houston,IL,78062,East,PRD-00012,Furniture,Furnishings,Furnishings Product,4864.87,13,0.15,16.65
ORD-00113,12/05/2011,12/08/2011,Standard Class,AA-10532,Consumer,United States,Chicago,IL,50173,Central,PRD-00013,Technology,Accessories,Accessories Product,9951.96,20,0.05,1266.73
ORD-00114,10/04/2017,10/08/2017,First Class,AA-10533,Home Office,United States,New York,NY,97973,Central,PRD-00014,Office Supplies,Binders,Binders Product,2749.12,12,0.1,464.36
ORD-00115,01/28/2015,01/29/2015,Second Class,AA-10577,Home Office,United States,Chicago,IL,60181,West,PRD-00015,Office Supplies,Appliances,Appliances Product,2129.24,5,0.15,-381.39
ORD-00116,10/14/2017,10/19/2017,First Class,AA-10393,Corporate,United States,Chicago,IL,42717,West,PRD-00016,Groceries,Canned Goods,Canned Goods Product,2730.36,12,0.0,394.14
ORD-00117,04/17/2011,04/19/2011,First Class,AA-10410,Home Office,United States,Houston,CA,26074,South,PRD-00017,Groceries,Dairy,Dairy Product,1218.65,18,0.1,271.06
ORD-00118,10/31/2011,11/06/2011,Standard Class,AA-10546,Home Office,United States,Phoenix,IL,49315,South,PRD-00018,Office Supplies,Binders,Binders Product,1221.45,3,0.1,245.15
ORD-00119,12/14/2012,12/15/2012,First Class,AA-10500,Home Office,United States,Phoenix,IL,71263,South,PRD-00019,Office Supplies,Appliances,Appliances Product,2786.79,7,0.05,764.2
ORD-00120,11/11/2017,11/18/2017,Same Day,AA-10359,Home Office,United States,New York,CA,51553,West,PRD-00020,Technology,Machines,Machines Product,6497.42,13,0.15,749.92
ORD-00121,01/18/2016,01/20/2016,Same Day,AA-10553,Home Office,United States,New York,NY,77908,South,PRD-00021,Furniture,Tables,Tables Product,5822.98,18,0.05,1517.87
ORD-00122,05/30/2014,06/06/2014,Standard Class,AA-10399,Corporate,United States,Los Angeles,AZ,45972,South,PRD-00022,Office Supplies,Paper,Paper Product,1436.41,8,0.2,484.01
ORD-00123,05/25/2014,05/30/2014,First Class,AA-10588,Home Office,United States,New York,NY,20646,West,PRD-00023,Technology,Copiers,Copiers Product,8956.36,19,0.05,-871.27
ORD-00124,06/20/2017,06/25/2017,First Class,AA-10450,Home Office,United States,Chicago,TX,42096,Central,PRD-00024,Office Supplies,Binders,Binders Product,6462.11,20,0.15,2154.46
ORD-00125,05/03/2014,05/06/2014,Second Class,AA-10547,Corporate,United States,Chicago,IL,62260,South,PRD-00025,Technology,Phones,Phones Product,1352.44,6,0.15,106.39
ORD-00126,02/26/2015,02/28/2015,Standard Class,AA-10578,Consumer,United States,Chicago,TX,90658,Central,PRD-00026,Technology,Machines,Machines Product,1908.57,8,0.1,133.14
ORD-00127,10/13/2013,10/17/2013,Same Day,AA-10396,Corporate,United States,Houston,NY,21802,Central,PRD-00027,Furniture,Bookcases,Bookcases Product,2687.51,7,0.15,1068.5
ORD-00128,09/01/2016,09/06/2016,Same Day,AA-10549,Corporate,United States,Phoenix,NY,24089,Central,PRD-00028,Office Supplies,Pens,Pens Product,3475.45,19,0.0,-108.39
ORD-00129,07/02/2012,07/04/2012,First Class,AA-10450,Home Office,United States,Chicago,NY,60639,Central,PRD-00029,Furniture,Furnishings,Furnishings Product,386.03,12,0.0,54.88
ORD-00130,03/02/2017,03/05/2017,Second Class,AA-10458,Consumer,United States,Phoenix,AZ,62610,West,PRD-00030,Technology,Copiers,Copiers Product,812.05,4,0.1,109.38
ORD-00131,07/05/2011,07/10/2011,Second Class,AA-10334,Corporate,United States,Phoenix,IL,31299,Central,PRD-00031,Office Supplies,Paper,Paper Product,4231.57,16,0.05,692.95
ORD-00132,11/30/2017,12/06/2017,Standard Class,AA-10468,Corporate,United States,Phoenix,IL,92478,West,PRD-00032,Furniture,Furnishings,Furnishings Product,2981.05,19,0.0,62.65
ORD-00133,09/10/2017,09/16/2017,Same Day,AA-10557,Consumer,United States,Los Angeles,NY,85047,West,PRD-00033,Furniture,Tables,Tables Product,591.85,2,0.05,67.79
ORD-00134,02/20/2013,02/27/2013,Same Day,AA-10324,Home Office,United States,New York,CA,77984,South,PRD-00034,Groceries,Canned Goods,Canned Goods Product,1178.82,14,0.05,54.49
ORD-00135,04/16/2017,04/19/2017,First Class,AA-10481,Home Office,United States,Chicago,AZ,73462,South,PRD-00035,Groceries,Dairy,Dairy Product,5266.53,11,0.15,1828.93
ORD-00136,10/06/2013,10/10/2013,First Class,AA-10457,Corporate,United States,Chicago,AZ,45842,East,PRD-00036,Furniture,Tables,Tables Product,3878.75,10,0.05,830.61
ORD-00137,05/14/2012,05/17/2012,Standard Class,AA-10608,Corporate,United States,Houston,IL,72793,South,PRD-00037,Groceries,Dairy,Dairy Product,5733.1,12,0.05,-147.5
ORD-00138,04/07/2013,04/08/2013,Second Class,AA-10590,Home Office,United States,Los Angeles,NY,23133,Central,PRD-00038,Furniture,Bookcases,Bookcases Product,317.61,5,0.2,-17.92
ORD-00139,09/14/2014,09/18/2014,Same Day,AA-10556,Home Office,United States,Los Angeles,IL,52096,East,PRD-00039,Technology,Copiers,Copiers Product,482.61,1,0.05,21.3
ORD-00140,08/31/2011,09/01/2011,Same Day,AA-10360,Corporate,United States,Los Angeles,IL,14910,West,PRD-00040,Office Supplies,Appliances,Appliances Product,1288.58,6,0.05,464.35
ORD-00141,05/07/2014,05/09/2014,Same Day,AA-10605,Corporate,United States,Los Angeles,NY,53343,South,PRD-00041,Technology,Machines,Machines Product,2326.31,10,0.2,266.57
ORD-00142,02/23/2016,02/25/2016,Second Class,AA-10446,Home Office,United States,Houston,TX,77538,East,PRD-00042,Office Supplies,Appliances,Appliances Product,4372.24,11,0.2,894.74
ORD-00143,12/22/2011,12/26/2011,Second Class,AA-10520,Corporate,United States,Chicago,IL,49576,West,PRD-00043,Technology,Copiers,Copiers Product,1219.76,5,0.05,-238.95
ORD-00144,12/07/2013,12/12/2013,First Class,AA-10499,Home Office,United States,New York,IL,58174,South,PRD-00044,Office Supplies,Appliances,Appliances Product,952.17,4,0.05,41.18
ORD-00145,06/16/2013,06/22/2013,Same Day,AA-10383,Home Office,United States,Los Angeles,CA,99173,West,PRD-00045,Groceries,Beverages,Beverages Product,5645.85,15,0.2,136.49
ORD-00146,11/22/2016,11/24/2016,Second Class,AA-10543,Consumer,United States,Chicago,AZ,67912,West,PRD-00046,Furniture,Chairs,Chairs Product,1234.66,19,0.2,421.93
ORD-00147,04/21/2013,04/26/2013,Same Day,AA-10613,Corporate,United States,Phoenix,NY,83242,Central,PRD-00047,Groceries,Snacks,Snacks Product,3880.87,17,0.0,279.65
ORD-00148,06/16/2014,06/20/2014,First Class,AA-10326,Home Office,United States,New York,AZ,17897,West,PRD-00048,Groceries,Canned Goods,Canned Goods Product,375.44,1,0.2,-58.64
ORD-00149,04/17/2016,04/21/2016,Same Day,AA-10331,Corporate,United States,Houston,NY,99486,South,PRD-00049,Furniture,Furnishings,Furnishings Product,2320.78,6,0.15,57.27
ORD-00150,11/25/2014,12/02/2014,Standard Class,AA-10375,Corporate,United States,Houston,AZ,65591,Central,PRD-00050,Office Supplies,Binders,Binders Product,1230.8,17,0.05,370.34
ORD-00151,07/29/2013,08/04/2013,Same Day,AA-10441,Home Office,United States,New York,CA,37011,West,PRD-00051,Groceries,Canned Goods,Canned Goods Product,725.34,5,0.0,-131.05
ORD-00152,02/18/2012,02/23/2012,Second Class,AA-10332,Consumer,United States,Los Angeles,AZ,47914,South,PRD-00052,Groceries,Snacks,Snacks Product,2982.92,8,0.15,189.05
ORD-00153,06/17/2017,06/20/2017,First Class,AA-10478,Consumer,United States,Phoenix,AZ,32955,Central,PRD-00053,Furniture,Tables,Tables Product,4393.67,10,0.2,-296.02
ORD-00154,03/26/2017,03/30/2017,Second Class,AA-10568,Corporate,United States,Houston,CA,80507,Central,PRD-00054,Technology,Machines,Machines Product,5135.58,13,0.1,1118.45
ORD-00155,09/14/2013,09/18/2013,Second Class,AA-10430,Corporate,United States,Los Angeles,IL,36651,East,PRD-00055,Furniture,Tables,Tables Product,6873.35,15,0.2,327.22
ORD-00156,11/20/2011,11/24/2011,Standard Class,AA-10545,Consumer,United States,Los Angeles,AZ,98008,South,PRD-00056,Furniture,Chairs,Chairs Product,6570.84,18,0.05,-1110.98
ORD-00157,05/17/2016,05/18/2016,Same Day,AA-10421,Consumer,United States,Phoenix,CA,61987,South,PRD-00057,Furniture,Bookcases,Bookcases Product,113.79,1,0.05,42.93
ORD-00158,03/11/2017,03/14/2017,Same Day,AA-10479,Corporate,United States,New York,TX,51973,South,PRD-00058,Furniture,Furnishings,Furnishings Product,4072.33,15,0.1,-60.87
ORD-00159,02/27/2015,03/04/2015,Same Day,AA-10475,Corporate,United States,Los Angeles,CA,53236,South,PRD-00059,Groceries,Snacks,Snacks Product,8234.63,19,0.05,-1566.79
ORD-00160,04/05/2015,04/12/2015,Same Day,AA-10606,Home Office,United States,Houston,TX,32050,East,PRD-00060,Office Supplies,Binders,Binders Product,5953.64,18,0.1,-271.51
ORD-00161,11/24/2012,12/01/2012,Standard Class,AA-10386,Home Office,United States,New York,NY,64053,South,PRD-00061,Groceries,Beverages,Beverages Product,8914.65,18,0.0,1019.54
ORD-00162,08/05/2013,08/11/2013,Same Day,AA-10349,Home Office,United States,Houston,NY,10866,Central,PRD-00062,Office Supplies,Appliances,Appliances Product,1804.66,7,0.1,-295.48
ORD-00163,02/18/2011,02/20/2011,Standard Class,AA-10323,Consumer,United States,Phoenix,CA,41584,South,PRD-00063,Furniture,Bookcases,Bookcases Product,256.09,1,0.15,72.65
ORD-00164,12/13/2017,12/17/2017,Same Day,AA-10584,Home Office,United States,Los Angeles,CA,49318,West,PRD-00064,Furniture,Bookcases,Bookcases Product,3595.67,9,0.0,85.69
ORD-00165,05/10/2011,05/16/2011,Second Class,AA-10362,Consumer,United States,Houston,TX,94529,East,PRD-00065,Groceries,Dairy,Dairy Product,3650.71,13,0.0,664.61
ORD-00166,05/06/2017,05/07/2017,Standard Class,AA-10363,Home Office,United States,Chicago,AZ,83860,West,PRD-00066,Technology,Copiers,Copiers Product,3161.37,7,0.2,269.67
ORD-00167,01/04/2013,01/07/2013,Second Class,AA-10476,Home Office,United States,Los Angeles,AZ,61007,East,PRD-00067,Technology,Copiers,Copiers Product,1532.42,19,0.15,547.57
ORD-00168,04/22/2015,04/25/2015,Same Day,AA-10386,Corporate,United States,New York,IL,69054,Central,PRD-00068,Technology,Machines,Machines Product,115.73,2,0.05,35.09
ORD-00169,07/23/2013,07/28/2013,First Class,AA-10497,Consumer,United States,New York,NY,45123,South,PRD-00069,Groceries,Dairy,Dairy Product,2058.3,6,0.15,-305.83
ORD-00170,04/06/2015,04/10/2015,First Class,AA-10393,Corporate,United States,New York,CA,21442,South,PRD-00070,Groceries,Canned Goods,Canned Goods Product,746.52,12,0.0,273.06
ORD-00171,11/01/2015,11/06/2015,First Class,AA-10544,Corporate,United States,New York,IL,64238,Central,PRD-00071,Groceries,Snacks,Snacks Product,53.91,1,0.2,-7.77
ORD-00172,12/13/2011,12/17/2011,Second Class,AA-10601,Consumer,United States,Los Angeles,TX,46170,Central,PRD-00072,Office Supplies,Pens,Pens Product,1209.73,13,0.1,-23.37
ORD-00173,05/12/2014,05/14/2014,Same Day,AA-10562,Consumer,United States,Los Angeles,IL,10887,Central,PRD-00073,Technology,Machines,Machines Product,4254.02,9,0.15,664.83
ORD-00174,09/22/2014,09/25/2014,Second Class,AA-10509,Corporate,United States,Chicago,CA,62198,East,PRD-00074,Furniture,Furnishings,Furnishings Product,2431.02,11,0.2,-287.65
ORD-00175,04/08/2014,04/13/2014,Second Class,AA-10566,Home Office,United States,Phoenix,CA,99353,West,PRD-00075,Office Supplies,Paper,Paper Product,1915.51,13,0.15,36.41
ORD-00176,03/05/2016,03/07/2016,First Class,AA-10422,Consumer,United States,Chicago,CA,65460,Central,PRD-00076,Groceries,Canned Goods,Canned Goods Product,1233.88,3,0.15,251.45
ORD-00177,10/30/2011,11/06/2011,First Class,AA-10544,Home Office,United States,Phoenix,AZ,93647,West,PRD-00077,Groceries,Dairy,Dairy Product,4648.32,18,0.15,586.56
ORD-00178,03/23/2012,03/26/2012,Same Day,AA-10442,Consumer,United States,New York,NY,43913,South,PRD-00078,Furniture,Tables,Tables Product,634.11,20,0.15,241.02
ORD-00179,09/22/2016,09/24/2016,First Class,AA-10580,Consumer,United States,Houston,NY,48722,Central,PRD-00079,Office Supplies,Binders,Binders Product,2419.87,12,0.2,518.49
ORD-00180,12/18/2011,12/21/2011,Same Day,AA-10374,Consumer,United States,Houston,TX,51800,West,PRD-00080,Office Supplies,Paper,Paper Product,1781.03,10,0.05,200.67
ORD-00181,05/14/2014,05/20/2014,Second Class,AA-10337,Home Office,United States,Los Angeles,AZ,30989,East,PRD-00081,Technology,Phones,Phones Product,3602.56,11,0.05,1289.55
ORD-00182,04/12/2017,04/16/2017,Same Day,AA-10533,Consumer,United States,Phoenix,CA,68926,Central,PRD-00082,Groceries,Beverages,Beverages Product,4141.57,13,0.05,763.24
ORD-00183,05/12/2015,05/19/2015,Second Class,AA-10317,Corporate,United States,Chicago,CA,69972,West,PRD-00083,Office Supplies,Pens,Pens Product,3407.76,9,0.0,498.93
ORD-00184,12/10/2013,12/17/2013,Same Day,AA-10565,Home Office,United States,Los Angeles,IL,90541,West,PRD-00084,Furniture,Furnishings,Furnishings Product,4046.93,20,0.0,35.43
ORD-00185,07/02/2012,07/07/2012,Same Day,AA-10475,Corporate,United States,Phoenix,CA,85340,Central,PRD-00085,Technology,Copiers,Copiers Product,673.05,10,0.1,145.42
ORD-00186,09/29/2015,10/02/2015,Same Day,AA-10410,Home Office,United States,New York,IL,11256,Central,PRD-00086,Groceries,Beverages,Beverages Product,1651.75,18,0.1,-191.31
ORD-00187,07/13/2012,07/17/2012,Same Day,AA-10414,Consumer,United States,New York,AZ,14044,South,PRD-00087,Groceries,Dairy,Dairy Product,4837.02,14,0.15,1093.58
ORD-00188,04/11/2014,04/18/2014,Same Day,AA-10331,Home Office,United States,Phoenix,NY,85066,West,PRD-00088,Furniture,Tables,Tables Product,2726.07,18,0.15,379.99
ORD-00189,01/02/2014,01/09/2014,Second Class,AA-10593,Corporate,United States,New York,TX,44447,East,PRD-00089,Furniture,Chairs,Chairs Product,4165.7,15,0.15,-577.16
ORD-00190,12/23/2011,12/30/2011,Same Day,AA-10539,Consumer,United States,Phoenix,CA,37082,South,PRD-00090,Technology,Copiers,Copiers Product,2850.71,7,0.2,608.57
ORD-00191,09/01/2011,09/04/2011,First Class,AA-10606,Home Office,United States,Chicago,AZ,99037,West,PRD-00091,Furniture,Bookcases,Bookcases Product,5479.93,20,0.1,2122.93
ORD-00192,07/09/2012,07/15/2012,First Class,AA-10525,Consumer,United States,Houston,TX,28634,East,PRD-00092,Technology,Machines,Machines Product,1768.49,5,0.05,-88.77
ORD-00193,08/24/2015,08/27/2015,Same Day,AA-10507,Corporate,United States,Chicago,AZ,10324,West,PRD-00093,Groceries,Snacks,Snacks Product,622.19,3,0.1,134.9
ORD-00194,02/21/2016,02/24/2016,First Class,AA-10498,Corporate,United States,Phoenix,AZ,27117,Central,PRD-00094,Technology,Accessories,Accessories Product,3390.68,7,0.05,328.32
ORD-00195,11/08/2014,11/09/2014,Same Day,AA-10339,Consumer,United States,Los Angeles,IL,30837,East,PRD-00095,Technology,Phones,Phones Product,269.67,15,0.05,17.47
ORD-00196,01/18/2012,01/24/2012,First Class,AA-10499,Home Office,United States,Los Angeles,TX,95915,West,PRD-00096,Furniture,Chairs,Chairs Product,4027.31,12,0.05,-680.32
ORD-00197,01/25/2012,01/29/2012,Standard Class,AA-10315,Consumer,United States,Chicago,NY,65353,South,PRD-00097,Office Supplies,Binders,Binders Product,225.07,3,0.05,25.13
ORD-00198,05/10/2016,05/13/2016,First Class,AA-10351,Consumer,United States,Houston,CA,94092,South,PRD-00098,Office Supplies,Binders,Binders Product,1104.22,3,0.0,-152.47
ORD-00199,10/08/2011,10/10/2011,Same Day,AA-10586,Home Office,United States,Houston,CA,21362,West,PRD-00099,Technology,Copiers,Copiers Product,2731.23,15,0.05,483.01
ORD-00200,07/27/2012,08/02/2012,Standard Class,AA-10378,Consumer,United States,Phoenix,AZ,88644,East,PRD-00000,Groceries,Canned Goods,Canned Goods Product,2297.5,14,0.05,-117.93
ORD-00201,04/20/2011,04/27/2011,Second Class,AA-10469,Corporate,United States,Houston,NY,41599,Central,PRD-00001,Office Supplies,Pens,Pens Product,2012.6,13,0.0,543.97
ORD-00202,08/29/2017,09/03/2017,Second Class,AA-10351,Corporate,United States,New York,NY,86986,West,PRD-00002,Technology,Machines,Machines Product,821.39,11,0.2,43.14
ORD-00203,02/26/2011,03/04/2011,Same Day,AA-10449,Corporate,United States,Houston,NY,93956,South,PRD-00003,Office Supplies,Appliances,Appliances Product,949.71,2,0.15,98.74
ORD-00204,02/10/2014,02/14/2014,Standard Class,AA-10357,Corporate,United States,Houston,CA,17589,South,PRD-00004,Furniture,Chairs,Chairs Product,7841.3,17,0.05,955.34
ORD-00205,12/20/2011,12/26/2011,Second Class,AA-10537,Consumer,United States,New York,CA,11487,South,PRD-00005,Technology,Accessories,Accessories Product,6166.56,20,0.1,1231.14
ORD-00206,07/26/2016,07/27/2016,Standard Class,AA-10492,Corporate,United States,Houston,IL,78662,West,PRD-00006,Furniture,Tables,Tables Product,866.35,12,0.1,207.72
ORD-00207,12/13/2013,12/18/2013,Second Class,AA-10610,Corporate,United States,Los Angeles,IL,23487,West,PRD-00007,Technology,Accessories,Accessories Product,3904.25,15,0.0,389.51
ORD-00208,07/24/2013,07/26/2013,Second Class,AA-10575,Consumer,United States,Phoenix,TX,39427,East,PRD-00008,Technology,Phones,Phones Product,129.83,1,0.15,2.39
ORD-00209,10/13/2013,10/14/2013,Second Class,AA-10528,Consumer,United States,Phoenix,NY,62550,West,PRD-00009,Furniture,Bookcases,Bookcases Product,870.16,3,0.0,88.08
ORD-00210,03/20/2016,03/23/2016,First Class,AA-10459,Home Office,United States,Phoenix,CA,70807,East,PRD-00010,Furniture,Bookcases,Bookcases Product,843.04,3,0.0,18.0
ORD-00211,08/20/2017,08/25/2017,First Class,AA-10567,Home Office,United States,New York,IL,10191,Central,PRD-00011,Office Supplies,Pens,Pens Product,65.63,5,0.15,-12.18
ORD-00212,06/13/2014,06/15/2014,First Class,AA-10368,Consumer,United States,New York,CA,78125,Central,PRD-00012,Office Supplies,Pens,Pens Product,3515.32,14,0.0,1348.25
ORD-00213,03/06/2015,03/11/2015,Standard Class,AA-10549,Corporate,United States,Los Angeles,CA,48230,East,PRD-00013,Technology,Phones,Phones Product,1282.17,17,0.15,-198.87
ORD-00214,07/14/2014,07/16/2014,Standard Class,AA-10516,Consumer,United States,New York,CA,68925,Central,PRD-00014,Furniture,Bookcases,Bookcases Product,2148.88,15,0.0,786.77
ORD-00215,07/10/2014,07/11/2014,Standard Class,AA-10523,Consumer,United States,Chicago,AZ,15286,South,PRD-00015,Technology,Machines,Machines Product,1620.08,7,0.15,-66.42
ORD-00216,09/04/2014,09/07/2014,Second Class,AA-10390,Consumer,United States,Houston,TX,82869,South,PRD-00016,Technology,Copiers,Copiers Product,2449.92,12,0.0,505.44
ORD-00217,01/23/2012,01/30/2012,Same Day,AA-10551,Corporate,United States,New York,AZ,86823,East,PRD-00017,Technology,Copiers,Copiers Product,63.44,4,0.05,-7.71
ORD-00218,11/04/2011,11/11/2011,First Class,AA-10326,Consumer,United States,New York,TX,16637,South,PRD-00018,Technology,Copiers,Copiers Product,6098.35,15,0.0,2092.02
ORD-00219,06/08/2017,06/10/2017,Second Class,AA-10536,Corporate,United States,Chicago,TX,29481,West,PRD-00019,Groceries,Dairy,Dairy Product,197.54,1,0.15,-19.03
ORD-00220,11/20/2017,11/23/2017,Same Day,AA-10440,Consumer,United States,Houston,CA,94233,South,PRD-00020,Furniture,Furnishings,Furnishings Product,6195.86,14,0.15,-1012.48
ORD-00221,02/04/2017,02/09/2017,First Class,AA-10324,Corporate,United States,Chicago,CA,13416,East,PRD-00021,Groceries,Canned Goods,Canned Goods Product,4429.02,16,0.15,28.44
ORD-00222,09/11/2017,09/18/2017,Second Class,AA-10427,Consumer,United States,New York,CA,96096,South,PRD-00022,Technology,Machines,Machines Product,812.48,2,0.15,95.6
ORD-00223,12/27/2013,01/03/2014,Second Class,AA-10588,Consumer,United States,Los Angeles,AZ,51681,East,PRD-00023,Technology,Copiers,Copiers Product,8070.96,19,0.15,103.98
ORD-00224,08/20/2017,08/22/2017,Same Day,AA-10329,Consumer,United States,New York,NY,40490,South,PRD-00024,Furniture,Tables,Tables Product,9019.31,19,0.15,1129.89
ORD-00225,03/23/2011,03/26/2011,Second Class,AA-10584,Corporate,United States,New York,NY,29360,South,PRD-00025,Groceries,Snacks,Snacks Product,5057.46,11,0.05,1435.65
ORD-00226,03/30/2012,04/02/2012,First Class,AA-10584,Corporate,United States,Los Angeles,CA,67261,Central,PRD-00026,Furniture,Chairs,Chairs Product,4262.68,12,0.15,646.27
ORD-00227,07/23/2014,07/29/2014,First Class,AA-10404,Consumer,United States,Los Angeles,NY,85082,Central,PRD-00027,Furniture,Tables,Tables Product,7772.57,19,0.15,-123.63
ORD-00228,05/13/2017,05/17/2017,Second Class,AA-10331,Corporate,United States,New York,CA,55457,East,PRD-00028,Office Supplies,Paper,Paper Product,2364.77,20,0.2,-325.24
ORD-00229,11/18/2012,11/21/2012,First Class,AA-10360,Consumer,United States,New York,NY,60585,Central,PRD-00029,Furniture,Furnishings,Furnishings Product,139.95,1,0.05,30.22
ORD-00230,09/15/2015,09/19/2015,Second Class,AA-10400,Consumer,United States,Houston,NY,14379,East,PRD-00030,Groceries,Dairy,Dairy Product,2367.34,13,0.15,-329.4
ORD-00231,03/24/2011,03/25/2011,Standard Class,AA-10478,Corporate,United States,Phoenix,AZ,73273,West,PRD-00031,Furniture,Chairs,Chairs Product,532.46,3,0.15,-55.09
ORD-00232,11/02/2015,11/06/2015,First Class,AA-10399,Home Office,United States,Chicago,IL,41135,West,PRD-00032,Groceries,Beverages,Beverages Product,119.23,2,0.05,45.86
ORD-00233,07/23/2011,07/30/2011,Same Day,AA-10516,Consumer,United States,New York,NY,37125,South,PRD-00033,Groceries,Beverages,Beverages Product,373.61,2,0.15,-55.08
ORD-00234,04/10/2014,04/16/2014,First Class,AA-10356,Consumer,United States,Phoenix,TX,34232,East,PRD-00034,Groceries,Snacks,Snacks Product,3945.9,10,0.15,368.78
ORD-00235,04/12/2015,04/19/2015,First Class,AA-10504,Home Office,United States,New York,CA,97486,West,PRD-00035,Office Supplies,Binders,Binders Product,278.03,2,0.15,-11.67
ORD-00236,12/18/2011,12/22/2011,Same Day,AA-10491,Home Office,United States,Los Angeles,TX,49171,West,PRD-00036,Groceries,Beverages,Beverages Product,717.88,18,0.15,208.93
ORD-00237,06/06/2015,06/13/2015,Second Class,AA-10332,Consumer,United States,New York,TX,20271,Central,PRD-00037,Office Supplies,Appliances,Appliances Product,1420.66,15,0.05,544.54
ORD-00238,04/07/2013,04/10/2013,First Class,AA-10390,Home Office,United States,Houston,NY,91665,Central,PRD-00038,Furniture,Bookcases,Bookcases Product,157.93,3,0.2,6.07
ORD-00239,04/05/2012,04/10/2012,Standard Class,AA-10527,Corporate,United States,Phoenix,IL,63856,East,PRD-00039,Office Supplies,Pens,Pens Product,5663.67,19,0.0,2010.36
ORD-00240,04/18/2015,04/24/2015,Same Day,AA-10563,Consumer,United States,Houston,IL,41139,West,PRD-00040,Groceries,Snacks,Snacks Product,869.72,6,0.05,148.68
ORD-00241,04/30/2016,05/07/2016,Same Day,AA-10452,Home Office,United States,New York,CA,27614,East,PRD-00041,Furniture,Chairs,Chairs Product,4515.71,11,0.1,-60.65
ORD-00242,12/20/2015,12/27/2015,Same Day,AA-10479,Home Office,United States,Houston,AZ,59009,West,PRD-00042,Furniture,Furnishings,Furnishings Product,6526.44,20,0.05,424.41
ORD-00243,10/11/2016,10/12/2016,Second Class,AA-10396,Consumer,United States,Los Angeles,NY,42701,West,PRD-00043,Technology,Machines,Machines Product,3530.2,17,0.2,1156.49
ORD-00244,02/13/2016,02/19/2016,Standard Class,AA-10340,Home Office,United States,New York,CA,58819,Central,PRD-00044,Furniture,Tables,Tables Product,1714.43,9,0.15,176.72
ORD-00245,08/30/2017,09/02/2017,Standard Class,AA-10543,Corporate,United States,New York,TX,16507,South,PRD-00045,Office Supplies,Binders,Binders Product,5322.92,19,0.1,-542.36
ORD-00246,06/01/2017,06/08/2017,Standard Class,AA-10424,Corporate,United States,Los Angeles,CA,88792,West,PRD-00046,Office Supplies,Pens,Pens Product,992.96,7,0.15,107.21
ORD-00247,07/05/2013,07/07/2013,Same Day,AA-10444,Corporate,United States,Phoenix,AZ,62055,West,PRD-00047,Furniture,Bookcases,Bookcases Product,6283.01,14,0.1,473.73
ORD-00248,01/31/2011,02/03/2011,First Class,AA-10576,Corporate,United States,Chicago,IL,34688,South,PRD-00048,Furniture,Bookcases,Bookcases Product,3453.62,10,0.15,-558.44
ORD-00249,10/19/2016,10/22/2016,First Class,AA-10438,Corporate,United States,Houston,TX,14629,South,PRD-00049,Technology,Accessories,Accessories Product,3779.27,11,0.0,730.31
ORD-00250,11/06/2014,11/11/2014,Second Class,AA-10428,Corporate,United States,New York,TX,26769,East,PRD-00050,Groceries,Canned Goods,Canned Goods Product,2670.62,17,0.05,812.89
ORD-00251,04/08/2017,04/11/2017,First Class,AA-10408,Corporate,United States,Phoenix,IL,70786,West,PRD-00051,Furniture,Chairs,Chairs Product,1472.71,8,0.1,77.0
ORD-00252,04/11/2016,04/15/2016,Standard Class,AA-10342,Consumer,United States,Los Angeles,CA,54914,Central,PRD-00052,Technology,Accessories,Accessories Product,1786.64,7,0.15,210.65
ORD-00253,05/21/2017,05/23/2017,First Class,AA-10549,Home Office,United States,New York,NY,69251,East,PRD-00053,Office Supplies,Paper,Paper Product,2350.09,6,0.15,-0.99
ORD-00254,05/07/2013,05/11/2013,Same Day,AA-10401,Corporate,United States,Houston,NY,14944,South,PRD-00054,Office Supplies,Binders,Binders Product,220.23,3,0.15,39.66
ORD-00255,03/09/2015,03/12/2015,First Class,AA-10322,Consumer,United States,New York,TX,75973,East,PRD-00055,Furniture,Tables,Tables Product,341.61,1,0.05,-21.95
ORD-00256,11/15/2012,11/18/2012,Same Day,AA-10348,Home Office,United States,Los Angeles,IL,74248,East,PRD-00056,Technology,Machines,Machines Product,2334.04,10,0.2,368.36
ORD-00257,02/10/2013,02/11/2013,Second Class,AA-10399,Consumer,United States,Chicago,NY,59177,East,PRD-00057,Groceries,Snacks,Snacks Product,959.34,8,0.05,-70.31
ORD-00258,12/30/2016,01/03/2017,Standard Class,AA-10339,Home Office,United States,Chicago,TX,30070,South,PRD-00058,Technology,Phones,Phones Product,33.64,1,0.0,1.68
ORD-00259,02/08/2011,02/12/2011,Standard Class,AA-10469,Home Office,United States,Phoenix,NY,47054,West,PRD-00059,Groceries,Snacks,Snacks Product,2418.91,17,0.2,533.21
ORD-00260,03/11/2012,03/15/2012,First Class,AA-10569,Consumer,United States,New York,AZ,75058,South,PRD-00060,Office Supplies,Pens,Pens Product,3756.91,9,0.05,55.43
ORD-00261,05/22/2016,05/28/2016,Same Day,AA-10484,Consumer,United States,New York,AZ,19836,West,PRD-00061,Office Supplies,Appliances,Appliances Product,339.1,1,0.0,102.12
ORD-00262,11/14/2013,11/21/2013,Standard Class,AA-10433,Corporate,United States,Chicago,IL,65836,West,PRD-00062,Groceries,Canned Goods,Canned Goods Product,2137.46,9,0.0,615.39
ORD-00263,01/25/2012,01/28/2012,Standard Class,AA-10338,Corporate,United States,Chicago,CA,24920,Central,PRD-00063,Technology,Copiers,Copiers Product,1026.26,6,0.15,382.85
ORD-00264,06/28/2015,07/04/2015,Standard Class,AA-10548,Consumer,United States,New York,TX,87430,Central,PRD-00064,Furniture,Furnishings,Furnishings Product,6431.21,16,0.05,-849.99
ORD-00265,05/19/2017,05/23/2017,Standard Class,AA-10539,Corporate,United States,Houston,NY,18301,East,PRD-00065,Office Supplies,Binders,Binders Product,3714.79,12,0.05,333.77
ORD-00266,07/11/2014,07/17/2014,Second Class,AA-10321,Corporate,United States,Chicago,TX,29484,West,PRD-00066,Office Supplies,Paper,Paper Product,4527.45,17,0.2,-646.77
ORD-00267,02/17/2011,02/20/2011,First Class,AA-10395,Consumer,United States,Phoenix,CA,82154,Central,PRD-00067,Groceries,Dairy,Dairy Product,280.1,6,0.15,-2.13
ORD-00268,07/10/2015,07/14/2015,Same Day,AA-10435,Corporate,United States,New York,TX,95638,West,PRD-00068,Technology,Accessories,Accessories Product,6039.27,15,0.15,-888.91
ORD-00269,02/25/2012,03/01/2012,First Class,AA-10521,Home Office,United States,Phoenix,CA,95799,Central,PRD-00069,Groceries,Snacks,Snacks Product,5023.05,18,0.0,1381.69
ORD-00270,10/28/2014,11/03/2014,First Class,AA-10501,Home Office,United States,Houston,NY,22771,South,PRD-00070,Technology,Copiers,Copiers Product,2590.0,15,0.2,414.32
ORD-00271,01/09/2011,01/11/2011,Same Day,AA-10489,Consumer,United States,Houston,NY,43330,South,PRD-00071,Furniture,Bookcases,Bookcases Product,4783.91,18,0.0,-825.38
ORD-00272,02/07/2013,02/08/2013,Same Day,AA-10376,Consumer,United States,Phoenix,NY,69048,Central,PRD-00072,Groceries,Beverages,Beverages Product,6210.47,15,0.05,1428.86
ORD-00273,08/10/2017,08/14/2017,Same Day,AA-10573,Home Office,United States,Los Angeles,AZ,32760,South,PRD-00073,Office Supplies,Binders,Binders Product,269.88,1,0.0,35.61
ORD-00274,02/29/2012,03/03/2012,First Class,AA-10513,Corporate,United States,Los Angeles,CA,64099,East,PRD-00074,Furniture,Furnishings,Furnishings Product,6859.38,14,0.05,-245.86
ORD-00275,02/21/2017,02/27/2017,Second Class,AA-10475,Home Office,United States,Los Angeles,AZ,81105,East,PRD-00075,Office Supplies,Pens,Pens Product,2210.89,7,0.1,468.64
ORD-00276,04/17/2012,04/22/2012,Standard Class,AA-10495,Consumer,United States,Houston,CA,16955,West,PRD-00076,Groceries,Dairy,Dairy Product,2701.88,18,0.15,769.99
ORD-00277,03/29/2013,04/01/2013,Second Class,AA-10451,Home Office,United States,New York,IL,69322,West,PRD-00077,Office Supplies,Paper,Paper Product,735.75,9,0.0,157.71
ORD-00278,11/28/2017,11/29/2017,Same Day,AA-10602,Corporate,United States,Houston,IL,82368,West,PRD-00078,Office Supplies,Binders,Binders Product,2082.82,8,0.1,449.39
ORD-00279,02/23/2011,02/28/2011,Second Class,AA-10443,Home Office,United States,Los Angeles,IL,68827,South,PRD-00079,Office Supplies,Binders,Binders Product,3653.03,8,0.1,924.45
ORD-00280,11/02/2011,11/04/2011,Second Class,AA-10410,Home Office,United States,Chicago,NY,53327,Central,PRD-00080,Office Supplies,Appliances,Appliances Product,388.84,13,0.1,52.09
ORD-00281,09/26/2012,09/29/2012,Same Day,AA-10335,Home Office,United States,Phoenix,IL,19552,East,PRD-00081,Office Supplies,Paper,Paper Product,698.38,20,0.2,213.62
ORD-00282,11/22/2016,11/23/2016,First Class,AA-10427,Consumer,United States,Los Angeles,IL,53393,East,PRD-00082,Office Supplies,Appliances,Appliances Product,1497.56,17,0.2,183.03
ORD-00283,04/17/2014,04/23/2014,Second Class,AA-10426,Consumer,United States,Chicago,TX,24860,Central,PRD-00083,Groceries,Snacks,Snacks Product,1351.12,4,0.15,-75.38
ORD-00284,11/16/2013,11/21/2013,Same Day,AA-10591,Corporate,United States,New York,IL,95397,South,PRD-00084,Furniture,Chairs,Chairs Product,7018.17,17,0.1,762.07
ORD-00285,08/05/2014,08/11/2014,Standard Class,AA-10578,Consumer,United States,Los Angeles,TX,23621,South,PRD-00085,Technology,Phones,Phones Product,2916.59,6,0.2,349.77
ORD-00286,01/11/2017,01/12/2017,Standard Class,AA-10537,Consumer,United States,Chicago,AZ,19232,South,PRD-00086,Technology,Copiers,Copiers Product,235.02,1,0.1,-41.66
ORD-00287,11/25/2013,11/26/2013,Standard Class,AA-10523,Home Office,United States,Phoenix,NY,86756,West,PRD-00087,Groceries,Dairy,Dairy Product,2888.37,13,0.0,97.34
ORD-00288,10/25/2011,10/29/2011,Same Day,AA-10498,Corporate,United States,New York,TX,30489,South,PRD-00088,Technology,Machines,Machines Product,3072.17,10,0.1,796.2
ORD-00289,07/12/2012,07/13/2012,Second Class,AA-10515,Consumer,United States,New York,NY,85067,Central,PRD-00089,Furniture,Tables,Tables Product,3418.72,10,0.1,1280.09
ORD-00290,01/09/2017,01/15/2017,Second Class,AA-10595,Consumer,United States,Los Angeles,CA,90856,East,PRD-00090,Technology,Machines,Machines Product,2636.66,7,0.1,-192.36
ORD-00291,03/06/2013,03/12/2013,Standard Class,AA-10373,Corporate,United States,New York,CA,86099,Central,PRD-00091,Office Supplies,Appliances,Appliances Product,4248.36,18,0.2,-663.23
ORD-00292,09/17/2014,09/20/2014,Same Day,AA-10497,Corporate,United States,Chicago,AZ,96431,East,PRD-00092,Office Supplies,Pens,Pens Product,598.87,4,0.0,203.66
ORD-00293,07/20/2017,07/22/2017,Same Day,AA-10393,Corporate,United States,Chicago,CA,99073,East,PRD-00093,Furniture,Bookcases,Bookcases Product,1296.87,14,0.1,-67.82
ORD-00294,05/19/2016,05/24/2016,Standard Class,AA-10551,Corporate,United States,Los Angeles,AZ,35746,East,PRD-00094,Groceries,Canned Goods,Canned Goods Product,2486.16,10,0.0,-235.04
ORD-00295,11/10/2011,11/11/2011,First Class,AA-10353,Home Office,United States,Phoenix,TX,95709,South,PRD-00095,Technology,Phones,Phones Product,5579.57,19,0.2,-403.65
ORD-00296,02/07/2015,02/10/2015,Standard Class,AA-10515,Home Office,United States,Los Angeles,AZ,99674,South,PRD-00096,Office Supplies,Paper,Paper Product,1188.52,5,0.2,-173.13
ORD-00297,10/06/2016,10/08/2016,Same Day,AA-10386,Corporate,United States,New York,CA,73916,South,PRD-00097,Groceries,Beverages,Beverages Product,1725.09,6,0.2,337.51
ORD-00298,09/15/2011,09/18/2011,Same Day,AA-10450,Corporate,United States,Houston,NY,15230,East,PRD-00098,Furniture,Tables,Tables Product,675.21,2,0.2,232.7
ORD-00299,02/27/2012,03/02/2012,First Class,AA-10581,Home Office,United States,New York,AZ,42975,Central,PRD-00099,Furniture,Bookcases,Bookcases Product,5257.9,19,0.05,136.68
ORD-00300,07/01/2013,07/02/2013,Second Class,AA-10579,Corporate,United States,Los Angeles,CA,20104,East,PRD-00000,Groceries,Canned Goods,Canned Goods Product,2982.75,12,0.15,991.18
ORD-00301,05/16/2013,05/20/2013,First Class,AA-10391,Home Office,United States,New York,TX,98503,Central,PRD-00001,Office Supplies,Pens,Pens Product,3659.88,12,0.0,719.77
ORD-00302,05/16/2016,05/18/2016,Second Class,AA-10422,Home Office,United States,Phoenix,NY,85008,South,PRD-00002,Office Supplies,Binders,Binders Product,129.4,1,0.05,18.65
ORD-00303,08/18/2011,08/24/2011,Standard Class,AA-10400,Home Office,United States,Chicago,NY,38389,Central,PRD-00003,Furniture,Tables,Tables Product,8152.13,17,0.2,3110.41
ORD-00304,10/20/2017,10/25/2017,Second Class,AA-10556,Home Office,United States,Phoenix,IL,31983,East,PRD-00004,Groceries,Beverages,Beverages Product,3335.03,8,0.2,-381.44
ORD-00305,02/01/2016,02/08/2016,Same Day,AA-10350,Consumer,United States,Phoenix,NY,33255,Central,PRD-00005,Office Supplies,Binders,Binders Product,972.2,13,0.0,-76.41
ORD-00306,11/23/2017,11/24/2017,Same Day,AA-10334,Home Office,United States,Houston,IL,15693,Central,PRD-00006,Technology,Phones,Phones Product,5329.64,16,0.2,658.59
ORD-00307,07/28/2013,07/30/2013,First Class,AA-10561,Corporate,United States,Los Angeles,NY,47128,Central,PRD-00007,Groceries,Canned Goods,Canned Goods Product,7681.02,19,0.2,-1085.86
ORD-00308,11/21/2013,11/27/2013,Second Class,AA-10411,Home Office,United States,Chicago,TX,57483,West,PRD-00008,Technology,Phones,Phones Product,5054.85,19,0.2,-989.15
ORD-00309,09/25/2012,10/01/2012,Same Day,AA-10533,Consumer,United States,Houston,AZ,83080,Central,PRD-00009,Furniture,Bookcases,Bookcases Product,3915.81,18,0.1,654.44
ORD-00310,01/02/2013,01/09/2013,Standard Class,AA-10504,Home Office,United States,Los Angeles,TX,31206,West,PRD-00010,Groceries,Canned Goods,Canned Goods Product,2930.49,10,0.15,707.62
ORD-00311,05/28/2013,06/03/2013,Standard Class,AA-10575,Consumer,United States,Los Angeles,TX,88675,Central,PRD-00011,Groceries,Canned Goods,Canned Goods Product,5595.7,18,0.0,-579.48
ORD-00312,12/28/2011,01/01/2012,First Class,AA-10347,Home Office,United States,Phoenix,NY,32973,Central,PRD-00012,Furniture,Tables,Tables Product,590.63,12,0.0,138.62
ORD-00313,12/04/2015,12/10/2015,Second Class,AA-10320,Home Office,United States,Los Angeles,NY,57151,South,PRD-00013,Office Supplies,Paper,Paper Product,185.28,7,0.2,19.7
ORD-00314,01/02/2011,01/04/2011,Standard Class,AA-10395,Home Office,United States,New York,NY,82036,East,PRD-00014,Technology,Machines,Machines Product,2379.42,13,0.15,102.96
ORD-00315,04/09/2017,04/13/2017,Standard Class,AA-10613,Corporate,United States,Los Angeles,TX,76353,West,PRD-00015,Furniture,Bookcases,Bookcases Product,1087.96,9,0.05,79.26
ORD-00316,04/07/2017,04/14/2017,First Class,AA-10352,Home Office,United States,Houston,TX,83815,Central,PRD-00016,Furniture,Bookcases,Bookcases Product,1613.77,4,0.1,525.55
ORD-00317,09/23/2013,09/24/2013,Same Day,AA-10488,Home Office,United States,Los Angeles,CA,51383,Central,PRD-00017,Groceries,Dairy,Dairy Product,8215.44,19,0.15,-1069.97
ORD-00318,12/17/2014,12/24/2014,First Class,AA-10579,Consumer,United States,Phoenix,CA,72463,East,PRD-00018,Technology,Machines,Machines Product,1206.18,8,0.15,246.32
ORD-00319,12/19/2014,12/21/2014,First Class,AA-10426,Consumer,United States,Los Angeles,CA,42728,East,PRD-00019,Furniture,Tables,Tables Product,1781.57,7,0.05,-105.26
ORD-00320,09/30/2012,10/07/2012,Same Day,AA-10369,Corporate,United States,Phoenix,IL,74532,East,PRD-00020,Technology,Phones,Phones Product,4972.4,16,0.2,1863.64
ORD-00321,07/03/2016,07/10/2016,Same Day,AA-10408,Corporate,United States,Phoenix,NY,75860,East,PRD-00021,Furniture,Furnishings,Furnishings Product,3020.66,8,0.05,-505.99
ORD-00322,06/01/2015,06/03/2015,Same Day,AA-10404,Home Office,United States,New York,IL,57395,East,PRD-00022,Groceries,Snacks,Snacks Product,4002.39,17,0.0,-772.09
ORD-00323,02/05/2013,02/07/2013,Same Day,AA-10595,Corporate,United States,Los Angeles,TX,58799,East,PRD-00023,Furniture,Tables,Tables Product,2168.63,9,0.2,12.7
ORD-00324,06/29/2015,07/06/2015,Standard Class,AA-10458,Home Office,United States,Chicago,CA,82789,Central,PRD-00024,Groceries,Beverages,Beverages Product,1410.91,19,0.2,298.56
ORD-00325,04/10/2015,04/12/2015,First Class,AA-10415,Corporate,United States,Chicago,IL,83680,West,PRD-00025,Office Supplies,Pens,Pens Product,6476.44,16,0.05,342.68
ORD-00326,06/20/2015,06/21/2015,Same Day,AA-10365,Home Office,United States,Chicago,IL,57312,East,PRD-00026,Office Supplies,Appliances,Appliances Product,2861.4,7,0.15,868.1
ORD-00327,04/14/2017,04/19/2017,Second Class,AA-10600,Home Office,United States,Phoenix,AZ,32877,East,PRD-00027,Furniture,Bookcases,Bookcases Product,211.76,1,0.1,67.85
ORD-00328,12/25/2014,12/27/2014,Second Class,AA-10481,Home Office,United States,Chicago,TX,92742,Central,PRD-00028,Groceries,Dairy,Dairy Product,590.17,3,0.1,46.18
ORD-00329,10/20/2011,10/25/2011,Same Day,AA-10355,Corporate,United States,Houston,IL,86928,Central,PRD-00029,Office Supplies,Paper,Paper Product,1308.85,8,0.1,296.14
ORD-00330,08/23/2015,08/29/2015,Standard Class,AA-10400,Consumer,United States,Los Angeles,TX,23501,West,PRD-00030,Office Supplies,Appliances,Appliances Product,1833.04,5,0.1,667.71
ORD-00331,09/19/2011,09/24/2011,Second Class,AA-10557,Consumer,United States,Houston,IL,40062,South,PRD-00031,Technology,Phones,Phones Product,3467.77,13,0.0,-477.31
ORD-00332,03/09/2014,03/12/2014,First Class,AA-10541,Corporate,United States,Houston,AZ,45705,Central,PRD-00032,Office Supplies,Pens,Pens Product,7154.85,17,0.0,-1280.05
ORD-00333,07/07/2012,07/10/2012,Same Day,AA-10591,Home Office,United States,Los Angeles,NY,67915,East,PRD-00033,Office Supplies,Binders,Binders Product,4239.64,19,0.2,-60.22
ORD-00334,02/07/2015,02/14/2015,Second Class,AA-10526,Corporate,United States,Chicago,TX,80136,West,PRD-00034,Furniture,Tables,Tables Product,151.72,10,0.2,43.88
ORD-00335,07/07/2016,07/08/2016,First Class,AA-10559,Consumer,United States,Houston,AZ,67292,Central,PRD-00035,Furniture,Chairs,Chairs Product,5614.04,14,0.2,-343.98
ORD-00336,10/20/2013,10/25/2013,First Class,AA-10398,Corporate,United States,Phoenix,IL,64120,South,PRD-00036,Groceries,Dairy,Dairy Product,1110.88,8,0.15,194.62
ORD-00337,10/08/2011,10/14/2011,Same Day,AA-10408,Consumer,United States,Chicago,NY,29942,West,PRD-00037,Office Supplies,Paper,Paper Product,1288.31,4,0.2,92.32
ORD-00338,12/31/2016,01/02/2017,Standard Class,AA-10326,Consumer,United States,New York,TX,38467,East,PRD-00038,Office Supplies,Appliances,Appliances Product,1419.06,10,0.15,335.27
ORD-00339,09/18/2015,09/25/2015,Second Class,AA-10474,Consumer,United States,Chicago,TX,19356,Central,PRD-00039,Groceries,Canned Goods,Canned Goods Product,5272.47,15,0.0,-9.76
ORD-00340,01/13/2013,01/17/2013,Second Class,AA-10413,Home Office,United States,New York,CA,70402,West,PRD-00040,Furniture,Furnishings,Furnishings Product,69.76,1,0.05,2.15
ORD-00341,11/04/2016,11/05/2016,Standard Class,AA-10421,Corporate,United States,Houston,IL,36047,East,PRD-00041,Groceries,Dairy,Dairy Product,4687.45,10,0.05,832.02
ORD-00342,08/02/2011,08/07/2011,Standard Class,AA-10426,Corporate,United States,Los Angeles,NY,15504,Central,PRD-00042,Technology,Copiers,Copiers Product,2366.16,14,0.05,654.56
ORD-00343,09/08/2017,09/11/2017,Standard Class,AA-10394,Consumer,United States,Chicago,CA,80300,West,PRD-00043,Furniture,Chairs,Chairs Product,698.18,8,0.0,147.71
ORD-00344,05/30/2012,06/03/2012,Second Class,AA-10564,Consumer,United States,Houston,IL,27659,East,PRD-00044,Office Supplies,Paper,Paper Product,7135.12,18,0.1,2021.49
ORD-00345,06/11/2011,06/16/2011,First Class,AA-10563,Corporate,United States,Houston,IL,88470,South,PRD-00045,Groceries,Canned Goods,Canned Goods Product,6327.87,18,0.05,886.04
ORD-00346,10/10/2011,10/11/2011,Same Day,AA-10586,Home Office,United States,Los Angeles,NY,91229,East,PRD-00046,Office Supplies,Binders,Binders Product,4115.15,10,0.2,83.4
ORD-00347,12/15/2017,12/19/2017,Second Class,AA-10437,Home Office,United States,Chicago,IL,63713,East,PRD-00047,Furniture,Chairs,Chairs Product,7404.02,18,0.05,847.33
ORD-00348,03/28/2012,04/01/2012,Second Class,AA-10364,Consumer,United States,New York,AZ,94115,Central,PRD-00048,Technology,Phones,Phones Product,487.67,5,0.0,-38.4
ORD-00349,06/29/2016,07/01/2016,Same Day,AA-10584,Consumer,United States,Houston,NY,57307,Central,PRD-00049,Furniture,Chairs,Chairs Product,1417.85,12,0.0,-272.44
ORD-00350,02/20/2015,02/25/2015,Standard Class,AA-10344,Consumer,United States,Los Angeles,AZ,60506,South,PRD-00050,Furniture,Chairs,Chairs Product,1256.65,3,0.0,460.89
ORD-00351,03/02/2013,03/09/2013,First Class,AA-10584,Home Office,United States,Houston,TX,23644,South,PRD-00051,Office Supplies,Pens,Pens Product,6787.89,18,0.15,1681.12
ORD-00352,01/08/2013,01/11/2013,First Class,AA-10596,Home Office,United States,Chicago,IL,64046,Central,PRD-00052,Groceries,Canned Goods,Canned Goods Product,1629.67,6,0.2,107.24
ORD-00353,08/17/2014,08/21/2014,Same Day,AA-10438,Corporate,United States,New York,NY,47287,West,PRD-00053,Office Supplies,Binders,Binders Product,8348.62,18,0.1,133.62
ORD-00354,10/21/2016,10/22/2016,First Class,AA-10384,Home Office,United States,Phoenix,AZ,84798,South,PRD-00054,Furniture,Chairs,Chairs Product,4923.53,10,0.05,1543.19
ORD-00355,01/22/2012,01/24/2012,Second Class,AA-10334,Corporate,United States,Chicago,NY,84774,Central,PRD-00055,Groceries,Canned Goods,Canned Goods Product,389.1,5,0.1,129.87
ORD-00356,05/19/2017,05/20/2017,First Class,AA-10426,Consumer,United States,Phoenix,TX,20286,West,PRD-00056,Technology,Machines,Machines Product,1515.56,16,0.2,442.1
ORD-00357,10/01/2014,10/08/2014,Standard Class,AA-10493,Home Office,United States,Houston,NY,49948,West,PRD-00057,Groceries,Dairy,Dairy Product,1744.78,4,0.05,433.77
ORD-00358,07/31/2014,08/06/2014,Same Day,AA-10591,Corporate,United States,Phoenix,AZ,76155,West,PRD-00058,Office Supplies,Paper,Paper Product,5982.41,17,0.05,-1015.14
ORD-00359,06/28/2013,07/04/2013,Standard Class,AA-10536,Home Office,United States,Houston,IL,21151,Central,PRD-00059,Furniture,Furnishings,Furnishings Product,373.86,5,0.0,31.97
ORD-00360,08/17/2016,08/22/2016,Second Class,AA-10537,Home Office,United States,Phoenix,AZ,42275,South,PRD-00060,Office Supplies,Pens,Pens Product,4544.88,16,0.15,169.03
ORD-00361,10/21/2011,10/24/2011,Second Class,AA-10451,Corporate,United States,Chicago,AZ,95905,West,PRD-00061,Groceries,Canned Goods,Canned Goods Product,1024.13,19,0.15,55.43
ORD-00362,06/02/2014,06/04/2014,Second Class,AA-10401,Home Office,United States,Chicago,CA,21247,West,PRD-00062,Furniture,Furnishings,Furnishings Product,1629.02,20,0.0,577.53
ORD-00363,08/12/2011,08/16/2011,Standard Class,AA-10439,Corporate,United States,Los Angeles,AZ,37770,South,PRD-00063,Office Supplies,Paper,Paper Product,178.2,1,0.0,-3.02
ORD-00364,02/16/2017,02/22/2017,Standard Class,AA-10582,Corporate,United States,Phoenix,AZ,15699,East,PRD-00064,Furniture,Furnishings,Furnishings Product,7353.25,20,0.05,1595.97
ORD-00365,11/28/2012,11/29/2012,Standard Class,AA-10345,Corporate,United States,Chicago,IL,24141,West,PRD-00065,Furniture,Tables,Tables Product,2858.56,20,0.15,551.29
ORD-00366,04/13/2014,04/17/2014,Standard Class,AA-10512,Consumer,United States,Los Angeles,AZ,70029,West,PRD-00066,Office Supplies,Binders,Binders Product,8305.18,17,0.0,2843.06
ORD-00367,06/12/2011,06/18/2011,First Class,AA-10441,Corporate,United States,Chicago,CA,75700,East,PRD-00067,Furniture,Bookcases,Bookcases Product,3244.25,16,0.05,-613.09
ORD-00368,09/11/2011,09/15/2011,Second Class,AA-10446,Consumer,United States,Houston,AZ,98866,South,PRD-00068,Groceries,Snacks,Snacks Product,8551.21,18,0.05,-931.87
ORD-00369,09/06/2015,09/08/2015,Second Class,AA-10438,Home Office,United States,Los Angeles,AZ,80956,South,PRD-00069,Office Supplies,Binders,Binders Product,4557.7,10,0.1,316.77
ORD-00370,07/19/2012,07/22/2012,Standard Class,AA-10473,Home Office,United States,Phoenix,NY,34134,East,PRD-00070,Office Supplies,Binders,Binders Product,1657.77,5,0.2,580.66
ORD-00371,08/19/2012,08/21/2012,Standard Class,AA-10330,Consumer,United States,Los Angeles,NY,90213,East,PRD-00071,Furniture,Furnishings,Furnishings Product,2220.97,14,0.1,-241.7
ORD-00372,10/16/2017,10/23/2017,Same Day,AA-10605,Consumer,United States,Phoenix,AZ,71441,East,PRD-00072,Office Supplies,Pens,Pens Product,2774.52,8,0.1,-422.6
ORD-00373,01/23/2013,01/30/2013,Standard Class,AA-10513,Corporate,United States,Houston,CA,97993,South,PRD-00073,Groceries,Dairy,Dairy Product,451.28,5,0.05,-81.53
ORD-00374,04/17/2013,04/19/2013,Same Day,AA-10348,Corporate,United States,New York,AZ,59856,East,PRD-00074,Office Supplies,Binders,Binders Product,5001.44,20,0.1,1600.79
ORD-00375,06/03/2015,06/05/2015,Same Day,AA-10607,Home Office,United States,New York,AZ,60777,West,PRD-00075,Technology,Phones,Phones Product,3508.22,15,0.0,1146.02
ORD-00376,02/16/2013,02/20/2013,First Class,AA-10464,Home Office,United States,New York,AZ,28643,Central,PRD-00076,Groceries,Dairy,Dairy Product,3891.02,10,0.1,298.86
ORD-00377,01/25/2016,01/29/2016,First Class,AA-10361,Corporate,United States,New York,CA,69464,South,PRD-00077,Technology,Copiers,Copiers Product,8921.31,19,0.2,-1059.99
ORD-00378,02/06/2016,02/12/2016,Same Day,AA-10361,Home Office,United States,Chicago,NY,78657,Central,PRD-00078,Furniture,Bookcases,Bookcases Product,2172.02,6,0.0,-315.56
ORD-00379,09/26/2016,10/02/2016,Second Class,AA-10396,Consumer,United States,Los Angeles,CA,16725,Central,PRD-00079,Groceries,Dairy,Dairy Product,772.9,2,0.1,107.66
ORD-00380,06/15/2014,06/16/2014,First Class,AA-10473,Consumer,United States,Houston,TX,75358,West,PRD-00080,Groceries,Canned Goods,Canned Goods Product,405.61,6,0.05,152.61
ORD-00381,10/26/2017,10/27/2017,Standard Class,AA-10567,Consumer,United States,Phoenix,IL,91233,South,PRD-00081,Office Supplies,Pens,Pens Product,6329.67,19,0.15,291.74
ORD-00382,07/20/2011,07/27/2011,First Class,AA-10409,Corporate,United States,New York,NY,24272,Central,PRD-00082,Office Supplies,Appliances,Appliances Product,335.92,12,0.0,67.25
ORD-00383,12/31/2012,01/01/2013,First Class,AA-10397,Corporate,United States,Chicago,TX,18869,Central,PRD-00083,Furniture,Tables,Tables Product,5657.61,15,0.1,2030.45
ORD-00384,03/04/2017,03/08/2017,Second Class,AA-10348,Home Office,United States,Los Angeles,AZ,17626,West,PRD-00084,Furniture,Furnishings,Furnishings Product,348.96,5,0.1,-0.86
ORD-00385,05/29/2017,06/05/2017,First Class,AA-10585,Corporate,United States,Phoenix,AZ,91689,East,PRD-00085,Technology,Accessories,Accessories Product,9352.14,20,0.1,525.89
ORD-00386,06/15/2012,06/18/2012,Second Class,AA-10603,Consumer,United States,New York,NY,70933,West,PRD-00086,Groceries,Dairy,Dairy Product,6494.57,16,0.2,-392.06
ORD-00387,04/29/2013,05/01/2013,First Class,AA-10527,Corporate,United States,New York,IL,49358,East,PRD-00087,Groceries,Snacks,Snacks Product,1994.61,11,0.05,-385.4
ORD-00388,01/26/2011,02/02/2011,Second Class,AA-10373,Consumer,United States,Chicago,IL,98142,Central,PRD-00088,Furniture,Bookcases,Bookcases Product,4744.41,13,0.2,1784.22
ORD-00389,04/27/2016,05/01/2016,Same Day,AA-10333,Home Office,United States,New York,AZ,49235,East,PRD-00089,Office Supplies,Binders,Binders Product,1586.64,5,0.2,535.58
ORD-00390,03/24/2017,03/26/2017,First Class,AA-10589,Consumer,United States,Chicago,TX,92118,South,PRD-00090,Technology,Copiers,Copiers Product,6571.94,19,0.1,-1053.3
ORD-00391,05/27/2017,05/30/2017,Same Day,AA-10514,Consumer,United States,Houston,CA,58704,Central,PRD-00091,Office Supplies,Appliances,Appliances Product,3555.8,10,0.1,803.27
ORD-00392,05/24/2014,05/25/2014,Same Day,AA-10425,Home Office,United States,New York,TX,75543,South,PRD-00092,Furniture,Tables,Tables Product,773.46,4,0.0,206.26
ORD-00393,02/18/2013,02/23/2013,Second Class,AA-10489,Consumer,United States,New York,TX,60801,West,PRD-00093,Groceries,Canned Goods,Canned Goods Product,882.36,11,0.0,258.78
ORD-00394,01/17/2011,01/24/2011,First Class,AA-10474,Consumer,United States,Phoenix,IL,93735,South,PRD-00094,Technology,Phones,Phones Product,2626.46,11,0.0,-362.81
ORD-00395,08/07/2014,08/10/2014,Second Class,AA-10417,Consumer,United States,Chicago,NY,11999,West,PRD-00095,Office Supplies,Paper,Paper Product,2437.34,9,0.15,493.99
ORD-00396,04/26/2013,04/28/2013,Standard Class,AA-10592,Corporate,United States,Phoenix,IL,80854,Central,PRD-00096,Furniture,Bookcases,Bookcases Product,714.27,9,0.1,103.18
ORD-00397,07/27/2011,07/31/2011,Second Class,AA-10381,Home Office,United States,Phoenix,AZ,92505,Central,PRD-00097,Technology,Accessories,Accessories Product,123.81,2,0.0,-18.36
ORD-00398,11/29/2017,12/06/2017,Same Day,AA-10497,Home Office,United States,Los Angeles,NY,71377,West,PRD-00098,Furniture,Bookcases,Bookcases Product,2515.24,7,0.2,-384.51
ORD-00399,02/10/2016,02/15/2016,First Class,AA-10473,Corporate,United States,Houston,CA,97186,East,PRD-00099,Groceries,Dairy,Dairy Product,3794.0,8,0.05,1201.4
ORD-00400,08/23/2014,08/30/2014,Second Class,AA-10547,Corporate,United States,Chicago,AZ,85324,South,PRD-00000,Groceries,Snacks,Snacks Product,728.74,3,0.1,63.54
ORD-00401,09/11/2016,09/16/2016,Same Day,AA-10367,Corporate,United States,Phoenix,TX,41270,South,PRD-00001,Groceries,Snacks,Snacks Product,3107.65,11,0.0,856.03
ORD-00402,02/22/2017,02/26/2017,First Class,AA-10396,Home Office,United States,Los Angeles,CA,96849,West,PRD-00002,Groceries,Dairy,Dairy Product,530.85,3,0.2,31.16
ORD-00403,06/09/2017,06/13/2017,Standard Class,AA-10564,Home Office,United States,New York,AZ,59664,East,PRD-00003,Technology,Accessories,Accessories Product,3101.92,11,0.15,-292.5
ORD-00404,07/17/2016,07/23/2016,Second Class,AA-10346,Corporate,United States,Phoenix,IL,61115,Central,PRD-00004,Technology,Copiers,Copiers Product,2223.79,5,0.0,565.39
ORD-00405,03/12/2013,03/16/2013,First Class,AA-10420,Consumer,United States,Phoenix,NY,90149,Central,PRD-00005,Furniture,Bookcases,Bookcases Product,7585.37,19,0.1,2663.23
ORD-00406,06/06/2012,06/13/2012,First Class,AA-10465,Consumer,United States,Chicago,NY,40833,Central,PRD-00006,Technology,Machines,Machines Product,8716.87,18,0.0,1935.25
ORD-00407,08/14/2017,08/16/2017,Same Day,AA-10516,Consumer,United States,Los Angeles,AZ,60409,East,PRD-00007,Furniture,Furnishings,Furnishings Product,2560.57,13,0.2,-187.61
ORD-00408,09/05/2015,09/09/2015,Same Day,AA-10393,Consumer,United States,New York,CA,94180,Central,PRD-00008,Furniture,Tables,Tables Product,78.43,5,0.0,-8.91
ORD-00409,02/11/2016,02/13/2016,Second Class,AA-10532,Corporate,United States,Phoenix,NY,85751,Central,PRD-00009,Office Supplies,Binders,Binders Product,3702.96,17,0.15,114.16
ORD-00410,08/27/2013,09/01/2013,Same Day,AA-10571,Home Office,United States,Chicago,NY,86056,Central,PRD-00010,Furniture,Furnishings,Furnishings Product,5263.43,18,0.0,2036.63
ORD-00411,11/24/2011,11/28/2011,Standard Class,AA-10387,Home Office,United States,Phoenix,AZ,50959,West,PRD-00011,Furniture,Furnishings,Furnishings Product,821.69,17,0.2,-120.73
ORD-00412,11/08/2014,11/11/2014,Same Day,AA-10588,Corporate,United States,Chicago,IL,31955,West,PRD-00012,Technology,Accessories,Accessories Product,3918.07,15,0.15,565.69
ORD-00413,09/13/2017,09/16/2017,Standard Class,AA-10470,Corporate,United States,Houston,NY,26622,West,PRD-00013,Furniture,Chairs,Chairs Product,4692.63,16,0.2,-793.19
ORD-00414,02/12/2014,02/17/2014,Second Class,AA-10444,Home Office,United States,Los Angeles,TX,58466,South,PRD-00014,Office Supplies,Paper,Paper Product,3873.16,9,0.0,948.37
ORD-00415,12/06/2013,12/08/2013,Second Class,AA-10435,Corporate,United States,Houston,TX,41188,Central,PRD-00015,Groceries,Beverages,Beverages Product,7350.58,17,0.1,2869.98
ORD-00416,11/16/2012,11/20/2012,Same Day,AA-10422,Corporate,United States,Chicago,TX,79798,South,PRD-00016,Furniture,Chairs,Chairs Product,3421.68,9,0.0,-576.51
ORD-00417,04/05/2015,04/12/2015,Same Day,AA-10514,Corporate,United States,Chicago,AZ,99505,West,PRD-00017,Groceries,Canned Goods,Canned Goods Product,1349.58,5,0.15,-260.31
ORD-00418,02/03/2012,02/06/2012,Standard Class,AA-10587,Corporate,United States,Phoenix,TX,70438,South,PRD-00018,Furniture,Furnishings,Furnishings Product,9196.81,20,0.1,9.02
ORD-00419,08/08/2017,08/09/2017,Same Day,AA-10414,Consumer,United States,Phoenix,NY,99849,Central,PRD-00019,Furniture,Tables,Tables Product,3061.63,11,0.0,915.47
ORD-00420,12/10/2014,12/15/2014,Second Class,AA-10427,Home Office,United States,New York,NY,21322,South,PRD-00020,Furniture,Bookcases,Bookcases Product,186.76,7,0.2,-27.05
ORD-00421,03/20/2015,03/21/2015,Same Day,AA-10604,Corporate,United States,Houston,IL,43729,South,PRD-00021,Office Supplies,Appliances,Appliances Product,804.81,6,0.15,157.97
ORD-00422,10/31/2011,11/07/2011,First Class,AA-10456,Consumer,United States,Houston,NY,74450,South,PRD-00022,Technology,Accessories,Accessories Product,2249.01,13,0.0,-101.33
ORD-00423,11/04/2017,11/10/2017,Standard Class,AA-10516,Corporate,United States,Chicago,NY,14569,West,PRD-00023,Office Supplies,Binders,Binders Product,321.99,4,0.15,-22.21
ORD-00424,10/16/2011,10/17/2011,Standard Class,AA-10607,Home Office,United States,Houston,IL,29871,East,PRD-00024,Furniture,Furnishings,Furnishings Product,449.29,1,0.05,86.14
ORD-00425,05/22/2015,05/23/2015,Same Day,AA-10609,Home Office,United States,Houston,NY,84349,East,PRD-00025,Technology,Accessories,Accessories Product,3578.69,16,0.0,444.03
ORD-00426,09/27/2014,10/01/2014,First Class,AA-10470,Home Office,United States,Los Angeles,CA,82676,West,PRD-00026,Groceries,Snacks,Snacks Product,567.07,3,0.1,-86.04
ORD-00427,04/23/2015,04/29/2015,Same Day,AA-10412,Home Office,United States,Los Angeles,CA,14679,South,PRD-00027,Furniture,Furnishings,Furnishings Product,1276.01,4,0.1,117.27
ORD-00428,04/14/2011,04/21/2011,Same Day,AA-10437,Consumer,United States,New York,IL,17347,East,PRD-00028,Groceries,Dairy,Dairy Product,1195.33,3,0.1,119.31
ORD-00429,06/25/2011,06/30/2011,Second Class,AA-10522,Consumer,United States,New York,CA,74080,West,PRD-00029,Technology,Copiers,Copiers Product,3988.23,17,0.2,-441.21
ORD-00430,04/14/2016,04/21/2016,Standard Class,AA-10338,Corporate,United States,Phoenix,CA,87469,West,PRD-00030,Office Supplies,Pens,Pens Product,94.4,1,0.0,32.36
ORD-00431,03/11/2012,03/18/2012,Same Day,AA-10373,Corporate,United States,New York,AZ,81550,South,PRD-00031,Groceries,Beverages,Beverages Product,1212.55,3,0.15,2.92
ORD-00432,08/10/2014,08/14/2014,Second Class,AA-10424,Home Office,United States,Chicago,AZ,31627,Central,PRD-00032,Technology,Copiers,Copiers Product,450.77,11,0.1,-51.95
ORD-00433,09/24/2013,09/26/2013,Standard Class,AA-10612,Corporate,United States,New York,NY,10946,South,PRD-00033,Technology,Copiers,Copiers Product,1590.46,4,0.2,40.84
ORD-00434,01/01/2012,01/05/2012,Second Class,AA-10460,Consumer,United States,Phoenix,NY,88154,South,PRD-00034,Groceries,Dairy,Dairy Product,555.09,5,0.1,63.2
ORD-00435,08/09/2016,08/14/2016,Standard Class,AA-10360,Home Office,United States,Chicago,AZ,76524,South,PRD-00035,Furniture,Bookcases,Bookcases Product,171.35,14,0.05,-14.54
ORD-00436,03/16/2016,03/20/2016,Same Day,AA-10421,Consumer,United States,Los Angeles,NY,17081,East,PRD-00036,Furniture,Chairs,Chairs Product,456.49,7,0.05,96.39
ORD-00437,03/13/2014,03/19/2014,Standard Class,AA-10422,Home Office,United States,Los Angeles,CA,13809,Central,PRD-00037,Groceries,Canned Goods,Canned Goods Product,3434.66,11,0.15,-597.66
ORD-00438,10/10/2016,10/16/2016,First Class,AA-10374,Consumer,United States,New York,IL,39855,West,PRD-00038,Technology,Copiers,Copiers Product,4506.39,15,0.1,231.81
ORD-00439,08/29/2013,09/02/2013,Second Class,AA-10526,Consumer,United States,Phoenix,TX,33338,Central,PRD-00039,Office Supplies,Binders,Binders Product,368.24,8,0.2,33.38
ORD-00440,03/10/2015,03/11/2015,Standard Class,AA-10384,Corporate,United States,Los Angeles,NY,71018,Central,PRD-00040,Groceries,Beverages,Beverages Product,5856.27,12,0.05,8.99
ORD-00441,09/10/2015,09/15/2015,Second Class,AA-10402,Consumer,United States,Houston,AZ,74122,South,PRD-00041,Furniture,Tables,Tables Product,3057.82,10,0.2,1049.89
ORD-00442,08/20/2017,08/24/2017,Second Class,AA-10557,Home Office,United States,Los Angeles,AZ,10665,Central,PRD-00042,Groceries,Canned Goods,Canned Goods Product,367.71,1,0.05,-18.86
ORD-00443,07/01/2011,07/07/2011,Standard Class,AA-10335,Corporate,United States,Houston,CA,20890,West,PRD-00043,Groceries,Snacks,Snacks Product,3783.5,14,0.15,1081.44
ORD-00444,07/24/2015,07/30/2015,First Class,AA-10426,Consumer,United States,Houston,AZ,86501,West,PRD-00044,Office Supplies,Paper,Paper Product,1271.41,10,0.0,-242.13
ORD-00445,02/07/2016,02/13/2016,Standard Class,AA-10552,Home Office,United States,New York,TX,53634,West,PRD-00045,Office Supplies,Binders,Binders Product,2382.18,6,0.1,419.47
ORD-00446,04/29/2014,04/30/2014,First Class,AA-10533,Consumer,United States,New York,TX,57918,Central,PRD-00046,Furniture,Tables,Tables Product,942.07,3,0.1,227.47
ORD-00447,12/10/2017,12/17/2017,Second Class,AA-10335,Consumer,United States,Chicago,CA,80730,West,PRD-00047,Furniture,Bookcases,Bookcases Product,1965.63,6,0.0,268.22
ORD-00448,05/13/2016,05/17/2016,First Class,AA-10612,Consumer,United States,New York,IL,55249,Central,PRD-00048,Office Supplies,Pens,Pens Product,2011.12,11,0.1,205.41
ORD-00449,06/14/2016,06/18/2016,First Class,AA-10571,Home Office,United States,New York,CA,70014,West,PRD-00049,Technology,Accessories,Accessories Product,6162.68,18,0.2,2093.28
ORD-00450,11/25/2011,11/27/2011,Same Day,AA-10515,Consumer,United States,Los Angeles,AZ,92218,West,PRD-00050,Office Supplies,Paper,Paper Product,190.77,3,0.1,-25.33
ORD-00451,04/15/2014,04/16/2014,Standard Class,AA-10528,Consumer,United States,Phoenix,IL,63961,East,PRD-00051,Office Supplies,Binders,Binders Product,2590.36,12,0.0,-64.99
ORD-00452,08/29/2014,09/01/2014,Second Class,AA-10563,Corporate,United States,Chicago,IL,16202,South,PRD-00052,Groceries,Dairy,Dairy Product,2879.53,10,0.1,-279.19
ORD-00453,12/17/2014,12/19/2014,Second Class,AA-10460,Consumer,United States,Los Angeles,NY,15393,East,PRD-00053,Groceries,Beverages,Beverages Product,9256.49,20,0.2,-267.07
ORD-00454,06/11/2017,06/17/2017,First Class,AA-10379,Corporate,United States,Los Angeles,IL,68776,South,PRD-00054,Groceries,Canned Goods,Canned Goods Product,1204.84,12,0.2,270.22
ORD-00455,12/25/2016,12/28/2016,Second Class,AA-10469,Consumer,United States,Phoenix,AZ,53421,East,PRD-00055,Technology,Phones,Phones Product,6060.91,13,0.05,2234.5
ORD-00456,04/25/2016,04/27/2016,Standard Class,AA-10463,Corporate,United States,New York,TX,90939,South,PRD-00056,Office Supplies,Binders,Binders Product,3824.5,11,0.15,1300.73
ORD-00457,01/01/2016,01/03/2016,First Class,AA-10497,Consumer,United States,New York,NY,80570,Central,PRD-00057,Technology,Machines,Machines Product,615.99,2,0.05,92.43
ORD-00458,12/24/2011,12/25/2011,First Class,AA-10577,Corporate,United States,Los Angeles,TX,58448,Central,PRD-00058,Groceries,Beverages,Beverages Product,2651.22,16,0.2,283.5
ORD-00459,03/08/2015,03/09/2015,Second Class,AA-10321,Home Office,United States,Houston,TX,67999,East,PRD-00059,Furniture,Bookcases,Bookcases Product,1931.54,12,0.15,626.94
ORD-00460,11/01/2012,11/05/2012,First Class,AA-10532,Consumer,United States,Phoenix,TX,21593,West,PRD-00060,Groceries,Beverages,Beverages Product,5756.78,19,0.05,-433.66
ORD-00461,08/05/2015,08/07/2015,Second Class,AA-10454,Consumer,United States,Houston,IL,82596,Central,PRD-00061,Groceries,Beverages,Beverages Product,4255.9,18,0.2,1077.36
ORD-00462,06/22/2011,06/23/2011,Second Class,AA-10469,Corporate,United States,Chicago,TX,26276,East,PRD-00062,Furniture,Furnishings,Furnishings Product,6705.53,18,0.05,-1233.12
ORD-00463,09/05/2015,09/06/2015,First Class,AA-10406,Home Office,United States,Houston,AZ,67156,East,PRD-00063,Groceries,Beverages,Beverages Product,68.48,1,0.1,6.56
ORD-00464,05/03/2016,05/07/2016,Second Class,AA-10376,Corporate,United States,Los Angeles,NY,45739,East,PRD-00064,Furniture,Chairs,Chairs Product,808.16,9,0.0,-90.77
ORD-00465,09/15/2015,09/22/2015,Second Class,AA-10497,Consumer,United States,Phoenix,CA,81265,East,PRD-00065,Technology,Machines,Machines Product,2695.1,10,0.0,291.93
ORD-00466,07/19/2014,07/20/2014,Second Class,AA-10469,Home Office,United States,Chicago,IL,73556,Central,PRD-00066,Furniture,Bookcases,Bookcases Product,1087.46,4,0.1,319.7
ORD-00467,10/25/2014,10/30/2014,Standard Class,AA-10398,Corporate,United States,Houston,NY,25278,South,PRD-00067,Technology,Copiers,Copiers Product,1283.29,5,0.05,355.55
ORD-00468,03/13/2011,03/18/2011,First Class,AA-10560,Consumer,United States,Chicago,NY,25544,South,PRD-00068,Furniture,Bookcases,Bookcases Product,937.4,12,0.15,312.94
ORD-00469,06/11/2012,06/18/2012,Standard Class,AA-10387,Consumer,United States,New York,TX,66524,West,PRD-00069,Office Supplies,Paper,Paper Product,564.11,5,0.0,30.96
ORD-00470,03/15/2013,03/18/2013,Standard Class,AA-10370,Consumer,United States,New York,AZ,36922,South,PRD-00070,Technology,Phones,Phones Product,1092.35,16,0.1,-190.1
ORD-00471,01/26/2013,01/29/2013,First Class,AA-10494,Consumer,United States,Phoenix,AZ,41696,West,PRD-00071,Technology,Phones,Phones Product,2122.36,5,0.1,783.73
ORD-00472,02/10/2012,02/15/2012,Standard Class,AA-10611,Home Office,United States,New York,CA,76085,Central,PRD-00072,Technology,Copiers,Copiers Product,3377.42,7,0.05,1151.69
ORD-00473,02/10/2015,02/15/2015,Second Class,AA-10409,Corporate,United States,New York,IL,26202,Central,PRD-00073,Groceries,Snacks,Snacks Product,2514.14,6,0.15,136.91
ORD-00474,03/27/2012,03/28/2012,First Class,AA-10581,Corporate,United States,New York,TX,47173,Central,PRD-00074,Office Supplies,Binders,Binders Product,4263.82,12,0.2,994.67
ORD-00475,09/25/2017,09/26/2017,Same Day,AA-10474,Home Office,United States,Chicago,CA,11675,Central,PRD-00075,Groceries,Beverages,Beverages Product,3772.23,18,0.15,-327.16
ORD-00476,03/06/2012,03/07/2012,Second Class,AA-10517,Consumer,United States,Chicago,CA,54385,South,PRD-00076,Groceries,Snacks,Snacks Product,321.0,4,0.15,69.66
ORD-00477,09/02/2017,09/09/2017,First Class,AA-10521,Home Office,United States,Houston,IL,72367,Central,PRD-00077,Technology,Copiers,Copiers Product,5114.88,14,0.1,1324.19
ORD-00478,06/07/2016,06/09/2016,Second Class,AA-10576,Consumer,United States,New York,NY,18942,Central,PRD-00078,Furniture,Tables,Tables Product,944.07,15,0.1,88.37
ORD-00479,04/20/2011,04/21/2011,Same Day,AA-10406,Corporate,United States,Los Angeles,IL,96781,Central,PRD-00079,Groceries,Canned Goods,Canned Goods Product,791.74,5,0.2,-112.59
ORD-00480,07/01/2016,07/02/2016,Same Day,AA-10573,Corporate,United States,Chicago,TX,68006,Central,PRD-00080,Furniture,Bookcases,Bookcases Product,5001.19,18,0.0,1972.6
ORD-00481,05/28/2011,06/01/2011,Same Day,AA-10331,Consumer,United States,Phoenix,TX,96517,Central,PRD-00081,Office Supplies,Paper,Paper Product,1504.95,6,0.05,-18.85
ORD-00482,05/03/2016,05/08/2016,First Class,AA-10602,Corporate,United States,Chicago,NY,13689,West,PRD-00082,Office Supplies,Appliances,Appliances Product,1807.8,13,0.2,691.52
ORD-00483,06/09/2012,06/12/2012,Same Day,AA-10502,Corporate,United States,New York,CA,42455,South,PRD-00083,Furniture,Chairs,Chairs Product,2161.29,11,0.15,15.31
ORD-00484,07/02/2014,07/03/2014,Same Day,AA-10358,Home Office,United States,Houston,AZ,77470,Central,PRD-00084,Technology,Machines,Machines Product,701.68,4,0.0,86.34
ORD-00485,12/28/2013,12/29/2013,Same Day,AA-10325,Consumer,United States,Los Angeles,IL,75107,East,PRD-00085,Groceries,Snacks,Snacks Product,2146.01,11,0.15,-14.05
ORD-00486,11/13/2012,11/18/2012,Second Class,AA-10468,Corporate,United States,Chicago,NY,48970,Central,PRD-00086,Furniture,Furnishings,Furnishings Product,1774.54,7,0.0,539.87
ORD-00487,07/14/2013,07/16/2013,First Class,AA-10362,Consumer,United States,Chicago,AZ,49309,Central,PRD-00087,Technology,Machines,Machines Product,386.66,9,0.2,32.93
ORD-00488,01/20/2017,01/27/2017,Second Class,AA-10475,Consumer,United States,Phoenix,CA,85608,Central,PRD-00088,Office Supplies,Binders,Binders Product,1730.56,13,0.2,124.49
ORD-00489,05/22/2013,05/25/2013,Same Day,AA-10554,Consumer,United States,Los Angeles,CA,99824,East,PRD-00089,Furniture,Furnishings,Furnishings Product,6954.79,19,0.0,788.41
ORD-00490,11/19/2015,11/25/2015,Second Class,AA-10525,Corporate,United States,Phoenix,CA,63197,South,PRD-00090,Furniture,Chairs,Chairs Product,2971.67,7,0.1,874.34
ORD-00491,04/10/2012,04/15/2012,Same Day,AA-10391,Corporate,United States,New York,CA,30887,East,PRD-00091,Office Supplies,Appliances,Appliances Product,3204.42,8,0.1,251.53
ORD-00492,07/12/2012,07/16/2012,Standard Class,AA-10329,Consumer,United States,New York,IL,88852,East,PRD-00092,Furniture,Bookcases,Bookcases Product,1732.19,18,0.0,655.24
ORD-00493,09/18/2011,09/23/2011,Standard Class,AA-10523,Home Office,United States,Phoenix,AZ,43004,Central,PRD-00093,Furniture,Chairs,Chairs Product,6137.94,13,0.05,-358.3
ORD-00494,01/05/2012,01/11/2012,Second Class,AA-10436,Corporate,United States,Los Angeles,CA,24000,South,PRD-00094,Technology,Machines,Machines Product,4596.28,11,0.15,1303.07
ORD-00495,05/26/2013,05/29/2013,Standard Class,AA-10455,Corporate,United States,Phoenix,TX,72240,South,PRD-00095,Groceries,Dairy,Dairy Product,3895.39,9,0.0,367.0
ORD-00496,02/11/2014,02/16/2014,Standard Class,AA-10389,Home Office,United States,New York,CA,43158,Central,PRD-00096,Furniture,Furnishings,Furnishings Product,4949.63,12,0.0,926.76
ORD-00497,06/20/2014,06/23/2014,First Class,AA-10500,Consumer,United States,Los Angeles,IL,37575,South,PRD-00097,Technology,Copiers,Copiers Product,3005.26,15,0.15,1071.39
ORD-00498,12/03/2015,12/07/2015,First Class,AA-10477,Home Office,United States,Houston,NY,31016,East,PRD-00098,Groceries,Snacks,Snacks Product,3911.02,9,0.15,323.26
ORD-00499,09/04/2016,09/08/2016,Standard Class,AA-10348,Consumer,United States,Los Angeles,TX,94030,South,PRD-00099,Furniture,Furnishings,Furnishings Product,7346.47,20,0.2,1782.78
ORD-00500,01/13/2011,01/18/2011,Second Class,AA-10520,Home Office,United States,Houston,IL,69177,Central,PRD-00000,Office Supplies,Paper,Paper Product,3213.61,11,0.0,-338.41
ORD-00501,06/30/2012,07/04/2012,Same Day,AA-10448,Home Office,United States,Los Angeles,NY,13010,South,PRD-00001,Office Supplies,Paper,Paper Product,1073.45,10,0.15,22.07
ORD-00502,12/31/2011,01/03/2012,Second Class,AA-10551,Consumer,United States,Chicago,CA,84349,West,PRD-00002,Office Supplies,Paper,Paper Product,206.36,6,0.2,11.83
ORD-00503,02/27/2011,03/06/2011,First Class,AA-10584,Corporate,United States,Houston,TX,27065,Central,PRD-00003,Groceries,Dairy,Dairy Product,1089.14,16,0.05,-93.31
ORD-00504,04/26/2013,04/29/2013,Second Class,AA-10425,Home Office,United States,Houston,CA,58449,Central,PRD-00004,Furniture,Tables,Tables Product,1377.34,14,0.05,-251.69
ORD-00505,12/18/2011,12/24/2011,Same Day,AA-10320,Home Office,United States,Houston,AZ,43584,West,PRD-00005,Groceries,Beverages,Beverages Product,5362.01,11,0.15,1137.34
ORD-00506,01/26/2012,01/31/2012,Standard Class,AA-10600,Consumer,United States,Chicago,AZ,91219,Central,PRD-00006,Technology,Phones,Phones Product,5128.44,11,0.15,1768.98
ORD-00507,05/24/2014,05/29/2014,Same Day,AA-10517,Corporate,United States,Houston,CA,21750,East,PRD-00007,Furniture,Tables,Tables Product,542.72,18,0.05,-23.78
ORD-00508,12/12/2016,12/19/2016,First Class,AA-10536,Home Office,United States,Chicago,TX,47083,East,PRD-00008,Office Supplies,Paper,Paper Product,654.01,4,0.05,65.09
ORD-00509,11/15/2017,11/17/2017,Same Day,AA-10450,Consumer,United States,Los Angeles,CA,17152,South,PRD-00009,Furniture,Furnishings,Furnishings Product,987.7,6,0.15,255.03
ORD-00510,01/20/2013,01/24/2013,Standard Class,AA-10333,Corporate,United States,Chicago,AZ,73596,Central,PRD-00010,Groceries,Canned Goods,Canned Goods Product,2135.53,6,0.15,-278.44
ORD-00511,07/12/2016,07/14/2016,First Class,AA-10372,Home Office,United States,Phoenix,CA,86486,West,PRD-00011,Office Supplies,Appliances,Appliances Product,670.24,12,0.1,-61.4
ORD-00512,11/24/2016,11/27/2016,Standard Class,AA-10607,Corporate,United States,New York,TX,58963,West,PRD-00012,Office Supplies,Binders,Binders Product,391.85,3,0.15,80.78
ORD-00513,08/18/2014,08/21/2014,Standard Class,AA-10393,Corporate,United States,New York,AZ,69388,East,PRD-00013,Technology,Phones,Phones Product,6255.64,15,0.15,453.12
ORD-00514,05/20/2017,05/25/2017,Same Day,AA-10381,Consumer,United States,Houston,IL,33332,South,PRD-00014,Office Supplies,Appliances,Appliances Product,1683.54,10,0.0,414.62
ORD-00515,06/22/2015,06/29/2015,Second Class,AA-10360,Consumer,United States,Chicago,TX,66670,East,PRD-00015,Technology,Copiers,Copiers Product,1202.2,6,0.15,-34.91
ORD-00516,10/07/2017,10/11/2017,Same Day,AA-10382,Corporate,United States,Phoenix,AZ,65452,West,PRD-00016,Furniture,Chairs,Chairs Product,3134.4,12,0.15,210.84
ORD-00517,09/27/2015,10/01/2015,Second Class,AA-10503,Home Office,United States,Los Angeles,TX,79111,West,PRD-00017,Office Supplies,Binders,Binders Product,777.62,14,0.2,3.92
ORD-00518,04/05/2014,04/08/2014,Second Class,AA-10554,Home Office,United States,Houston,IL,84519,West,PRD-00018,Groceries,Snacks,Snacks Product,2515.08,16,0.05,529.65
ORD-00519,03/06/2017,03/12/2017,First Class,AA-10354,Corporate,United States,Chicago,AZ,20717,West,PRD-00019,Technology,Phones,Phones Product,3709.53,17,0.0,292.29
ORD-00520,04/11/2012,04/14/2012,First Class,AA-10551,Home Office,United States,Houston,TX,91764,East,PRD-00020,Office Supplies,Pens,Pens Product,418.3,13,0.15,136.39
ORD-00521,10/30/2014,11/05/2014,Standard Class,AA-10410,Corporate,United States,Phoenix,NY,10766,Central,PRD-00021,Office Supplies,Pens,Pens Product,1128.13,3,0.2,-50.1
ORD-00522,04/22/2012,04/25/2012,First Class,AA-10321,Home Office,United States,Houston,IL,21486,South,PRD-00022,Office Supplies,Binders,Binders Product,5234.78,15,0.2,1233.03
ORD-00523,07/07/2012,07/09/2012,Same Day,AA-10322,Home Office,United States,Los Angeles,CA,67119,South,PRD-00023,Office Supplies,Appliances,Appliances Product,351.06,1,0.05,110.73
ORD-00524,12/19/2011,12/21/2011,Same Day,AA-10469,Corporate,United States,Houston,NY,68918,South,PRD-00024,Groceries,Beverages,Beverages Product,3467.53,16,0.0,-347.92
ORD-00525,04/04/2013,04/11/2013,Same Day,AA-10465,Home Office,United States,Phoenix,AZ,82653,East,PRD-00025,Groceries,Snacks,Snacks Product,152.44,11,0.15,59.1
ORD-00526,06/01/2011,06/08/2011,Same Day,AA-10564,Consumer,United States,New York,AZ,12492,Central,PRD-00026,Groceries,Dairy,Dairy Product,5093.36,17,0.2,1839.56
ORD-00527,06/18/2017,06/24/2017,First Class,AA-10476,Corporate,United States,Houston,NY,31146,East,PRD-00027,Technology,Machines,Machines Product,6239.5,14,0.0,604.44
ORD-00528,02/26/2013,03/01/2013,Same Day,AA-10555,Consumer,United States,Chicago,TX,64638,East,PRD-00028,Furniture,Furnishings,Furnishings Product,2069.93,8,0.2,715.04
ORD-00529,04/18/2016,04/20/2016,Same Day,AA-10397,Consumer,United States,Houston,TX,49800,South,PRD-00029,Office Supplies,Paper,Paper Product,1010.57,3,0.05,-97.04
ORD-00530,05/07/2013,05/09/2013,Standard Class,AA-10600,Consumer,United States,Chicago,TX,24938,South,PRD-00030,Technology,Phones,Phones Product,5299.73,12,0.1,1092.57
ORD-00531,05/09/2012,05/16/2012,First Class,AA-10602,Consumer,United States,Phoenix,AZ,97750,West,PRD-00031,Office Supplies,Binders,Binders Product,4472.05,9,0.1,1170.0
ORD-00532,07/26/2011,07/27/2011,Standard Class,AA-10539,Home Office,United States,New York,CA,92565,West,PRD-00032,Groceries,Snacks,Snacks Product,1572.04,4,0.2,423.34
ORD-00533,04/21/2013,04/22/2013,Second Class,AA-10500,Home Office,United States,Chicago,IL,28058,West,PRD-00033,Office Supplies,Paper,Paper Product,5750.44,15,0.15,1377.41
ORD-00534,04/06/2013,04/11/2013,Second Class,AA-10539,Consumer,United States,Chicago,IL,64396,East,PRD-00034,Groceries,Snacks,Snacks Product,3352.47,8,0.15,16.07
ORD-00535,10/02/2013,10/06/2013,First Class,AA-10392,Consumer,United States,Houston,CA,11303,West,PRD-00035,Groceries,Beverages,Beverages Product,2014.33,5,0.15,706.65
ORD-00536,12/14/2011,12/20/2011,Second Class,AA-10488,Home Office,United States,New York,AZ,48761,Central,PRD-00036,Furniture,Furnishings,Furnishings Product,1336.17,6,0.15,341.41
ORD-00537,07/05/2015,07/10/2015,Second Class,AA-10598,Home Office,United States,Houston,TX,94394,South,PRD-00037,Furniture,Bookcases,Bookcases Product,166.47,12,0.1,56.62
ORD-00538,02/07/2017,02/10/2017,Same Day,AA-10541,Home Office,United States,Los Angeles,AZ,80882,East,PRD-00038,Furniture,Furnishings,Furnishings Product,3091.74,7,0.0,-549.77
ORD-00539,05/25/2013,05/27/2013,First Class,AA-10362,Home Office,United States,Houston,AZ,24475,West,PRD-00039,Furniture,Bookcases,Bookcases Product,128.86,6,0.2,20.04
ORD-00540,03/08/2015,03/13/2015,Standard Class,AA-10447,Corporate,United States,Chicago,CA,86230,South,PRD-00040,Furniture,Chairs,Chairs Product,761.43,2,0.0,52.72
ORD-00541,12/05/2014,12/10/2014,Second Class,AA-10468,Corporate,United States,Houston,NY,29209,Central,PRD-00041,Furniture,Tables,Tables Product,3440.28,13,0.05,-470.85
ORD-00542,08/15/2015,08/16/2015,First Class,AA-10356,Home Office,United States,Phoenix,TX,87101,Central,PRD-00042,Technology,Phones,Phones Product,6235.17,14,0.15,-443.5
ORD-00543,12/16/2013,12/20/2013,Second Class,AA-10614,Consumer,United States,Phoenix,CA,73539,Central,PRD-00043,Groceries,Dairy,Dairy Product,5214.28,15,0.15,1246.37
ORD-00544,06/13/2012,06/16/2012,Standard Class,AA-10577,Home Office,United States,Houston,NY,25842,East,PRD-00044,Technology,Copiers,Copiers Product,3629.16,15,0.05,1329.88
ORD-00545,05/30/2017,06/03/2017,Standard Class,AA-10463,Consumer,United States,Los Angeles,AZ,65280,West,PRD-00045,Technology,Copiers,Copiers Product,768.08,4,0.1,-13.86
ORD-00546,06/03/2014,06/10/2014,Standard Class,AA-10460,Corporate,United States,Houston,AZ,50593,Central,PRD-00046,Office Supplies,Pens,Pens Product,176.35,16,0.2,1.62
ORD-00547,10/15/2014,10/21/2014,Same Day,AA-10508,Consumer,United States,Chicago,NY,91889,Central,PRD-00047,Groceries,Beverages,Beverages Product,1286.67,5,0.15,330.68
ORD-00548,05/06/2015,05/12/2015,Standard Class,AA-10434,Consumer,United States,New York,AZ,92589,East,PRD-00048,Groceries,Canned Goods,Canned Goods Product,584.13,18,0.15,141.1
ORD-00549,04/17/2017,04/22/2017,Second Class,AA-10378,Corporate,United States,Phoenix,NY,25765,South,PRD-00049,Technology,Copiers,Copiers Product,5509.98,20,0.0,2062.8
ORD-00550,03/19/2011,03/23/2011,Standard Class,AA-10455,Corporate,United States,New York,IL,67280,South,PRD-00050,Office Supplies,Pens,Pens Product,4325.78,19,0.2,709.92
ORD-00551,08/27/2015,08/30/2015,Second Class,AA-10327,Consumer,United States,Chicago,NY,30214,East,PRD-00051,Furniture,Furnishings,Furnishings Product,491.42,9,0.0,61.46
ORD-00552,07/27/2015,07/28/2015,First Class,AA-10401,Consumer,United States,Houston,IL,43807,Central,PRD-00052,Technology,Machines,Machines Product,139.88,6,0.0,-2.96
ORD-00553,05/10/2012,05/15/2012,Same Day,AA-10341,Consumer,United States,Chicago,NY,51724,Central,PRD-00053,Office Supplies,Pens,Pens Product,5943.08,20,0.15,625.05
ORD-00554,03/15/2017,03/16/2017,First Class,AA-10523,Home Office,United States,Phoenix,NY,42285,South,PRD-00054,Technology,Accessories,Accessories Product,209.67,1,0.05,73.02
ORD-00555,06/01/2014,06/03/2014,First Class,AA-10605,Home Office,United States,Los Angeles,CA,80455,Central,PRD-00055,Groceries,Dairy,Dairy Product,1274.03,3,0.2,-99.28
ORD-00556,03/23/2017,03/25/2017,Standard Class,AA-10546,Consumer,United States,Houston,IL,88363,East,PRD-00056,Technology,Phones,Phones Product,7214.19,15,0.2,-190.82
ORD-00557,04/07/2015,04/10/2015,Standard Class,AA-10494,Corporate,United States,New York,CA,82938,East,PRD-00057,Office Supplies,Paper,Paper Product,178.19,2,0.2,24.56
ORD-00558,11/05/2015,11/11/2015,First Class,AA-10422,Corporate,United States,Los Angeles,TX,88579,East,PRD-00058,Furniture,Bookcases,Bookcases Product,4410.21,9,0.15,-159.61
ORD-00559,03/07/2011,03/13/2011,Same Day,AA-10383,Corporate,United States,Phoenix,NY,95078,West,PRD-00059,Technology,Accessories,Accessories Product,451.71,1,0.05,21.64
ORD-00560,01/15/2017,01/18/2017,Same Day,AA-10330,Consumer,United States,New York,NY,70646,East,PRD-00060,Groceries,Snacks,Snacks Product,5835.59,12,0.15,1730.14
ORD-00561,03/01/2013,03/08/2013,First Class,AA-10542,Home Office,United States,Los Angeles,CA,74724,East,PRD-00061,Technology,Copiers,Copiers Product,381.63,1,0.1,-32.47
ORD-00562,05/31/2011,06/03/2011,Same Day,AA-10458,Consumer,United States,Phoenix,CA,96486,South,PRD-00062,Groceries,Beverages,Beverages Product,106.08,1,0.15,-14.15
ORD-00563,09/25/2011,10/01/2011,First Class,AA-10380,Consumer,United States,New York,AZ,90538,East,PRD-00063,Technology,Copiers,Copiers Product,4207.01,9,0.05,1382.43
ORD-00564,04/13/2017,04/17/2017,First Class,AA-10547,Consumer,United States,Phoenix,TX,74955,East,PRD-00064,Technology,Accessories,Accessories Product,856.78,2,0.1,51.0
ORD-00565,10/19/2016,10/20/2016,Same Day,AA-10337,Consumer,United States,Chicago,NY,84949,West,PRD-00065,Office Supplies,Appliances,Appliances Product,4140.11,9,0.2,286.98
ORD-00566,07/13/2013,07/19/2013,Standard Class,AA-10531,Consumer,United States,Houston,TX,13148,East,PRD-00066,Technology,Copiers,Copiers Product,634.17,7,0.1,-102.92
ORD-00567,10/22/2013,10/27/2013,Second Class,AA-10441,Consumer,United States,Phoenix,AZ,67478,West,PRD-00067,Technology,Accessories,Accessories Product,3838.51,8,0.0,1124.61
ORD-00568,01/03/2016,01/10/2016,Standard Class,AA-10611,Consumer,United States,New York,TX,17181,East,PRD-00068,Technology,Phones,Phones Product,918.38,2,0.15,-11.05
ORD-00569,11/06/2017,11/10/2017,Standard Class,AA-10536,Home Office,United States,Houston,CA,88587,West,PRD-00069,Technology,Phones,Phones Product,568.07,2,0.1,176.08
ORD-00570,02/01/2016,02/07/2016,Standard Class,AA-10511,Corporate,United States,Phoenix,IL,87045,South,PRD-00070,Groceries,Dairy,Dairy Product,6268.46,20,0.1,1194.47
ORD-00571,03/18/2012,03/20/2012,First Class,AA-10367,Corporate,United States,Houston,TX,91376,Central,PRD-00071,Technology,Phones,Phones Product,7539.47,19,0.05,2583.19
ORD-00572,01/31/2013,02/06/2013,First Class,AA-10439,Corporate,United States,Phoenix,AZ,29087,South,PRD-00072,Office Supplies,Appliances,Appliances Product,145.13,2,0.2,8.93
ORD-00573,04/07/2016,04/13/2016,Second Class,AA-10473,Consumer,United States,Los Angeles,AZ,83328,West,PRD-00073,Furniture,Bookcases,Bookcases Product,5825.19,12,0.2,884.64
ORD-00574,09/25/2015,09/29/2015,Same Day,AA-10491,Home Office,United States,Chicago,AZ,84199,East,PRD-00074,Office Supplies,Pens,Pens Product,2763.45,7,0.1,-238.73
ORD-00575,11/28/2017,11/29/2017,Second Class,AA-10468,Home Office,United States,Los Angeles,TX,91778,South,PRD-00075,Groceries,Canned Goods,Canned Goods Product,368.25,6,0.0,35.93
ORD-00576,09/06/2013,09/07/2013,First Class,AA-10561,Consumer,United States,Phoenix,NY,28664,East,PRD-00076,Furniture,Furnishings,Furnishings Product,1443.07,7,0.0,25.53
ORD-00577,12/09/2015,12/12/2015,Second Class,AA-10414,Corporate,United States,Phoenix,CA,33401,South,PRD-00077,Furniture,Chairs,Chairs Product,107.57,1,0.1,-10.27
ORD-00578,03/30/2011,04/06/2011,Standard Class,AA-10405,Corporate,United States,Los Angeles,IL,69795,South,PRD-00078,Furniture,Chairs,Chairs Product,417.41,1,0.05,11.42
ORD-00579,02/23/2015,02/25/2015,Same Day,AA-10505,Home Office,United States,Chicago,IL,88584,Central,PRD-00079,Office Supplies,Binders,Binders Product,204.19,3,0.05,56.55
ORD-00580,09/28/2013,10/01/2013,Second Class,AA-10338,Home Office,United States,Phoenix,TX,37425,West,PRD-00080,Office Supplies,Paper,Paper Product,852.82,5,0.0,151.52
ORD-00581,04/11/2016,04/14/2016,First Class,AA-10348,Home Office,United States,Houston,TX,72096,East,PRD-00081,Office Supplies,Binders,Binders Product,3287.64,17,0.2,258.28
ORD-00582,07/08/2017,07/12/2017,Second Class,AA-10520,Corporate,United States,Houston,TX,84890,South,PRD-00082,Technology,Copiers,Copiers Product,3587.95,8,0.15,1140.61
ORD-00583,03/13/2015,03/18/2015,Standard Class,AA-10445,Corporate,United States,Phoenix,AZ,54089,Central,PRD-00083,Technology,Copiers,Copiers Product,463.72,3,0.2,5.08
ORD-00584,01/22/2016,01/23/2016,Second Class,AA-10554,Corporate,United States,Los Angeles,IL,94587,West,PRD-00084,Groceries,Dairy,Dairy Product,4850.49,12,0.1,-175.53
ORD-00585,01/10/2015,01/13/2015,Standard Class,AA-10357,Home Office,United States,Los Angeles,IL,35774,East,PRD-00085,Furniture,Chairs,Chairs Product,4176.33,9,0.0,-538.11
ORD-00586,10/21/2013,10/22/2013,First Class,AA-10469,Corporate,United States,Chicago,TX,63183,West,PRD-00086,Furniture,Tables,Tables Product,9980.36,20,0.2,3467.47
ORD-00587,04/17/2016,04/22/2016,Same Day,AA-10577,Home Office,United States,Houston,IL,21255,East,PRD-00087,Office Supplies,Binders,Binders Product,969.55,8,0.05,82.09
ORD-00588,02/08/2013,02/10/2013,Second Class,AA-10534,Corporate,United States,New York,TX,96356,East,PRD-00088,Groceries,Beverages,Beverages Product,3457.29,15,0.2,-629.01
ORD-00589,10/23/2014,10/28/2014,Standard Class,AA-10430,Home Office,United States,New York,CA,30144,East,PRD-00089,Groceries,Dairy,Dairy Product,4989.3,13,0.2,-100.87
ORD-00590,05/16/2017,05/18/2017,Same Day,AA-10608,Consumer,United States,Chicago,AZ,69183,East,PRD-00090,Groceries,Dairy,Dairy Product,3324.02,7,0.0,401.19
ORD-00591,01/17/2012,01/19/2012,Second Class,AA-10402,Consumer,United States,Houston,IL,36986,South,PRD-00091,Technology,Copiers,Copiers Product,829.95,2,0.2,77.32
ORD-00592,04/07/2014,04/14/2014,Same Day,AA-10583,Corporate,United States,Los Angeles,NY,26926,Central,PRD-00092,Technology,Accessories,Accessories Product,381.28,2,0.0,-36.95
ORD-00593,05/12/2016,05/18/2016,Same Day,AA-10350,Consumer,United States,Phoenix,AZ,50673,South,PRD-00093,Groceries,Beverages,Beverages Product,2182.6,5,0.1,129.47
ORD-00594,08/20/2016,08/24/2016,Second Class,AA-10549,Home Office,United States,Chicago,AZ,74350,Central,PRD-00094,Furniture,Tables,Tables Product,495.63,1,0.15,-80.1
ORD-00595,03/10/2016,03/17/2016,First Class,AA-10609,Corporate,United States,Phoenix,CA,64401,South,PRD-00095,Technology,Phones,Phones Product,3266.87,10,0.15,26.36
ORD-00596,01/05/2013,01/06/2013,Second Class,AA-10536,Consumer,United States,Chicago,AZ,48258,West,PRD-00096,Groceries,Dairy,Dairy Product,2113.65,6,0.0,76.37
ORD-00597,06/08/2013,06/15/2013,First Class,AA-10567,Corporate,United States,Houston,CA,43130,South,PRD-00097,Groceries,Snacks,Snacks Product,570.02,12,0.0,58.5
ORD-00598,09/03/2016,09/09/2016,Same Day,AA-10337,Consumer,United States,Houston,NY,11407,East,PRD-00098,Groceries,Snacks,Snacks Product,969.13,3,0.15,27.81
ORD-00599,04/14/2012,04/16/2012,Same Day,AA-10384,Consumer,United States,Houston,IL,31150,South,PRD-00099,Furniture,Furnishings,Furnishings Product,3777.04,16,0.0,487.45
ORD-00600,03/15/2011,03/21/2011,Standard Class,AA-10366,Home Office,United States,Chicago,CA,67757,East,PRD-00000,Office Supplies,Paper,Paper Product,1087.92,4,0.15,-107.63
ORD-00601,12/29/2012,01/04/2013,Standard Class,AA-10425,Corporate,United States,Chicago,TX,16870,West,PRD-00001,Technology,Copiers,Copiers Product,5271.06,15,0.2,973.08
ORD-00602,07/19/2011,07/23/2011,Standard Class,AA-10508,Consumer,United States,Chicago,CA,99123,West,PRD-00002,Office Supplies,Pens,Pens Product,5463.49,12,0.05,-793.12
ORD-00603,06/22/2013,06/25/2013,Second Class,AA-10364,Home Office,United States,Los Angeles,AZ,61781,Central,PRD-00003,Office Supplies,Pens,Pens Product,427.37,2,0.0,123.67
ORD-00604,05/09/2012,05/12/2012,Standard Class,AA-10433,Corporate,United States,Los Angeles,TX,38848,West,PRD-00004,Office Supplies,Appliances,Appliances Product,2021.4,12,0.0,83.45
ORD-00605,02/14/2014,02/15/2014,Second Class,AA-10503,Corporate,United States,New York,AZ,52513,Central,PRD-00005,Technology,Phones,Phones Product,1480.06,7,0.2,147.63
ORD-00606,06/28/2012,07/03/2012,Same Day,AA-10485,Corporate,United States,Phoenix,CA,75984,West,PRD-00006,Office Supplies,Paper,Paper Product,689.31,16,0.0,113.82
ORD-00607,08/10/2013,08/11/2013,Second Class,AA-10325,Corporate,United States,Houston,IL,36478,South,PRD-00007,Technology,Machines,Machines Product,2972.62,8,0.05,510.87
ORD-00608,03/20/2015,03/23/2015,Second Class,AA-10419,Corporate,United States,Chicago,NY,78271,Central,PRD-00008,Technology,Copiers,Copiers Product,9887.8,20,0.15,2408.21
ORD-00609,03/27/2014,04/02/2014,Second Class,AA-10327,Home Office,United States,Los Angeles,AZ,60002,East,PRD-00009,Office Supplies,Paper,Paper Product,1415.72,11,0.2,-237.21
ORD-00610,01/21/2013,01/23/2013,Second Class,AA-10541,Consumer,United States,New York,CA,87677,South,PRD-00010,Technology,Phones,Phones Product,708.68,16,0.05,-119.58
ORD-00611,08/25/2013,08/27/2013,Second Class,AA-10574,Corporate,United States,Chicago,AZ,68755,South,PRD-00011,Technology,Accessories,Accessories Product,2439.25,15,0.05,-129.39
ORD-00612,01/18/2014,01/23/2014,Same Day,AA-10561,Consumer,United States,Houston,NY,59993,Central,PRD-00012,Technology,Machines,Machines Product,2536.06,13,0.15,164.4
ORD-00613,12/07/2011,12/11/2011,Same Day,AA-10468,Consumer,United States,Chicago,CA,71506,South,PRD-00013,Office Supplies,Pens,Pens Product,1767.79,9,0.1,127.57
ORD-00614,09/25/2012,09/29/2012,Same Day,AA-10412,Home Office,United States,Chicago,TX,74166,East,PRD-00014,Technology,Phones,Phones Product,6253.97,17,0.1,593.33
ORD-00615,08/06/2017,08/13/2017,Same Day,AA-10351,Corporate,United States,Chicago,AZ,74044,East,PRD-00015,Groceries,Snacks,Snacks Product,794.26,4,0.2,-81.48
ORD-00616,08/25/2011,08/31/2011,Standard Class,AA-10512,Home Office,United States,Los Angeles,IL,89355,Central,PRD-00016,Groceries,Beverages,Beverages Product,1952.68,8,0.1,348.69
ORD-00617,08/26/2012,08/30/2012,Same Day,AA-10445,Home Office,United States,Phoenix,NY,77965,South,PRD-00017,Office Supplies,Pens,Pens Product,67.2,1,0.0,12.54
ORD-00618,09/29/2015,10/03/2015,First Class,AA-10399,Home Office,United States,Houston,NY,24322,East,PRD-00018,Groceries,Canned Goods,Canned Goods Product,2553.17,10,0.2,498.1
ORD-00619,08/07/2012,08/08/2012,Standard Class,AA-10452,Consumer,United States,Houston,AZ,64636,East,PRD-00019,Office Supplies,Binders,Binders Product,131.46,10,0.05,38.1
ORD-00620,11/01/2015,11/06/2015,Standard Class,AA-10402,Corporate,United States,Phoenix,CA,34331,South,PRD-00020,Office Supplies,Paper,Paper Product,2129.9,6,0.05,195.7
ORD-00621,08/30/2011,09/05/2011,Second Class,AA-10408,Consumer,United States,Chicago,NY,59509,West,PRD-00021,Office Supplies,Paper,Paper Product,3163.41,14,0.2,-425.42
ORD-00622,02/07/2014,02/08/2014,Standard Class,AA-10347,Consumer,United States,Chicago,NY,97205,West,PRD-00022,Furniture,Chairs,Chairs Product,2375.8,19,0.15,483.91
ORD-00623,02/01/2012,02/05/2012,First Class,AA-10423,Home Office,United States,Houston,IL,58599,East,PRD-00023,Technology,Accessories,Accessories Product,5296.73,20,0.1,1902.99
ORD-00624,07/15/2014,07/22/2014,Standard Class,AA-10437,Consumer,United States,Houston,TX,28201,West,PRD-00024,Furniture,Furnishings,Furnishings Product,4020.85,13,0.1,1302.14
ORD-00625,10/01/2017,10/07/2017,Second Class,AA-10377,Consumer,United States,Chicago,NY,93070,East,PRD-00025,Furniture,Tables,Tables Product,2777.28,12,0.15,302.58
ORD-00626,07/07/2011,07/10/2011,Same Day,AA-10481,Corporate,United States,New York,TX,48517,South,PRD-00026,Groceries,Beverages,Beverages Product,4948.45,20,0.2,1367.64
ORD-00627,08/09/2012,08/14/2012,Same Day,AA-10581,Consumer,United States,Houston,NY,73198,South,PRD-00027,Technology,Copiers,Copiers Product,6407.07,16,0.1,1918.36
ORD-00628,09/23/2013,09/26/2013,Same Day,AA-10423,Corporate,United States,Los Angeles,IL,97285,Central,PRD-00028,Office Supplies,Appliances,Appliances Product,892.39,4,0.0,-92.68
ORD-00629,05/19/2012,05/24/2012,Standard Class,AA-10384,Home Office,United States,Chicago,TX,60023,Central,PRD-00029,Groceries,Snacks,Snacks Product,4809.76,11,0.2,1249.59
ORD-00630,08/13/2013,08/18/2013,Second Class,AA-10429,Home Office,United States,New York,AZ,58200,South,PRD-00030,Furniture,Chairs,Chairs Product,529.63,10,0.0,2.19
ORD-00631,07/07/2014,07/11/2014,First Class,AA-10509,Corporate,United States,Los Angeles,AZ,96998,South,PRD-00031,Technology,Machines,Machines Product,598.26,2,0.05,184.43
ORD-00632,03/12/2012,03/16/2012,Same Day,AA-10517,Consumer,United States,Phoenix,IL,29119,West,PRD-00032,Technology,Accessories,Accessories Product,889.94,11,0.1,269.05
ORD-00633,09/19/2017,09/26/2017,Second Class,AA-10478,Corporate,United States,Chicago,TX,17708,East,PRD-00033,Furniture,Chairs,Chairs Product,4486.1,9,0.2,390.15
ORD-00634,09/17/2012,09/24/2012,Second Class,AA-10422,Consumer,United States,Phoenix,TX,54225,Central,PRD-00034,Office Supplies,Appliances,Appliances Product,2578.93,6,0.15,-52.97
ORD-00635,04/23/2016,04/25/2016,Same Day,AA-10493,Consumer,United States,Los Angeles,IL,86072,West,PRD-00035,Groceries,Dairy,Dairy Product,805.93,3,0.1,-24.65
ORD-00636,05/30/2014,06/01/2014,Second Class,AA-10549,Home Office,United States,Los Angeles,NY,57477,West,PRD-00036,Office Supplies,Pens,Pens Product,5265.27,15,0.1,1781.4
ORD-00637,08/27/2012,08/28/2012,Standard Class,AA-10507,Home Office,United States,Chicago,AZ,66861,South,PRD-00037,Groceries,Beverages,Beverages Product,114.13,2,0.15,-10.52
ORD-00638,07/13/2015,07/15/2015,Same Day,AA-10440,Home Office,United States,New York,TX,95237,Central,PRD-00038,Technology,Phones,Phones Product,1634.85,8,0.1,347.88
ORD-00639,02/01/2014,02/07/2014,Second Class,AA-10542,Consumer,United States,Phoenix,AZ,85055,Central,PRD-00039,Furniture,Chairs,Chairs Product,268.59,4,0.0,25.12
ORD-00640,01/26/2014,01/28/2014,Standard Class,AA-10363,Corporate,United States,New York,AZ,34233,Central,PRD-00040,Office Supplies,Binders,Binders Product,7999.64,16,0.15,-167.85
ORD-00641,03/22/2011,03/29/2011,Standard Class,AA-10516,Consumer,United States,New York,CA,88525,South,PRD-00041,Groceries,Snacks,Snacks Product,7143.41,17,0.2,1630.48
ORD-00642,01/22/2011,01/24/2011,Standard Class,AA-10599,Home Office,United States,Chicago,NY,21090,West,PRD-00042,Groceries,Canned Goods,Canned Goods Product,116.72,4,0.2,-8.9
ORD-00643,09/04/2016,09/05/2016,First Class,AA-10467,Home Office,United States,Phoenix,TX,28331,Central,PRD-00043,Furniture,Tables,Tables Product,6842.93,14,0.0,-348.97
ORD-00644,07/05/2014,07/07/2014,Second Class,AA-10582,Corporate,United States,Los Angeles,CA,88924,South,PRD-00044,Furniture,Tables,Tables Product,1338.73,4,0.0,-77.3
ORD-00645,08/20/2017,08/24/2017,Second Class,AA-10498,Corporate,United States,Houston,NY,43315,Central,PRD-00045,Furniture,Tables,Tables Product,4335.75,20,0.2,-203.86
ORD-00646,08/09/2012,08/14/2012,Second Class,AA-10589,Corporate,United States,Los Angeles,IL,66836,Central,PRD-00046,Office Supplies,Appliances,Appliances Product,4479.53,9,0.05,1024.32
ORD-00647,04/17/2011,04/20/2011,Standard Class,AA-10441,Corporate,United States,Chicago,IL,29179,South,PRD-00047,Technology,Machines,Machines Product,1081.68,4,0.2,47.67
ORD-00648,01/25/2014,01/26/2014,Second Class,AA-10320,Home Office,United States,Chicago,AZ,74175,West,PRD-00048,Technology,Accessories,Accessories Product,1564.24,8,0.0,421.78
ORD-00649,12/06/2016,12/13/2016,Same Day,AA-10493,Consumer,United States,Chicago,AZ,82308,Central,PRD-00049,Furniture,Bookcases,Bookcases Product,1170.85,20,0.0,-114.22
ORD-00650,05/07/2016,05/12/2016,First Class,AA-10380,Consumer,United States,Chicago,CA,98895,Central,PRD-00050,Furniture,Chairs,Chairs Product,6111.14,17,0.05,-699.1
ORD-00651,02/19/2016,02/24/2016,Second Class,AA-10408,Corporate,United States,New York,IL,63282,East,PRD-00051,Groceries,Canned Goods,Canned Goods Product,3841.38,15,0.1,1427.34
ORD-00652,01/05/2012,01/08/2012,Same Day,AA-10355,Consumer,United States,Houston,AZ,27881,Central,PRD-00052,Technology,Copiers,Copiers Product,272.72,3,0.0,-40.7
ORD-00653,08/01/2016,08/07/2016,First Class,AA-10578,Consumer,United States,Phoenix,AZ,15551,Central,PRD-00053,Technology,Accessories,Accessories Product,311.98,1,0.0,71.29
ORD-00654,11/21/2012,11/22/2012,Same Day,AA-10583,Corporate,United States,Houston,CA,58927,West,PRD-00054,Office Supplies,Pens,Pens Product,569.56,3,0.05,61.63
ORD-00655,10/16/2014,10/22/2014,Same Day,AA-10442,Consumer,United States,Chicago,AZ,14643,Central,PRD-00055,Technology,Machines,Machines Product,2467.31,10,0.1,-178.04
ORD-00656,12/05/2017,12/06/2017,Standard Class,AA-10564,Corporate,United States,Los Angeles,TX,56469,West,PRD-00056,Technology,Machines,Machines Product,311.61,1,0.1,-6.54
ORD-00657,02/20/2012,02/24/2012,Standard Class,AA-10535,Consumer,United States,Chicago,CA,71695,Central,PRD-00057,Groceries,Beverages,Beverages Product,807.77,3,0.05,37.51
ORD-00658,03/14/2015,03/18/2015,Same Day,AA-10468,Consumer,United States,Los Angeles,IL,66880,West,PRD-00058,Furniture,Furnishings,Furnishings Product,1637.1,6,0.1,-220.65
ORD-00659,01/11/2015,01/14/2015,Standard Class,AA-10416,Consumer,United States,Los Angeles,TX,97194,East,PRD-00059,Technology,Copiers,Copiers Product,297.26,10,0.15,15.65
ORD-00660,05/01/2012,05/07/2012,Same Day,AA-10530,Consumer,United States,New York,NY,12772,South,PRD-00060,Groceries,Dairy,Dairy Product,845.97,5,0.15,85.54
ORD-00661,09/29/2012,10/04/2012,Standard Class,AA-10491,Corporate,United States,Houston,IL,46991,Central,PRD-00061,Technology,Copiers,Copiers Product,684.74,2,0.1,39.58
ORD-00662,12/05/2011,12/12/2011,First Class,AA-10534,Home Office,United States,Los Angeles,TX,36006,Central,PRD-00062,Office Supplies,Pens,Pens Product,1726.55,17,0.1,448.97
ORD-00663,02/27/2012,02/29/2012,Same Day,AA-10572,Consumer,United States,Chicago,CA,29163,Central,PRD-00063,Office Supplies,Pens,Pens Product,6045.13,19,0.05,-377.03
ORD-00664,03/14/2011,03/16/2011,Second Class,AA-10417,Corporate,United States,Houston,TX,18041,Central,PRD-00064,Technology,Phones,Phones Product,2724.48,13,0.1,599.65
ORD-00665,07/31/2011,08/02/2011,First Class,AA-10470,Consumer,United States,Los Angeles,NY,10070,West,PRD-00065,Technology,Machines,Machines Product,1769.67,12,0.1,401.63
ORD-00666,08/10/2014,08/13/2014,Same Day,AA-10423,Corporate,United States,Chicago,IL,24618,West,PRD-00066,Furniture,Furnishings,Furnishings Product,4096.41,9,0.0,239.82
ORD-00667,02/25/2011,03/02/2011,First Class,AA-10597,Consumer,United States,Chicago,CA,86588,Central,PRD-00067,Office Supplies,Paper,Paper Product,4478.8,12,0.1,1100.71
ORD-00668,12/24/2011,12/28/2011,Standard Class,AA-10369,Consumer,United States,Phoenix,AZ,54944,East,PRD-00068,Office Supplies,Appliances,Appliances Product,594.83,2,0.05,-50.11
ORD-00669,04/26/2016,05/03/2016,First Class,AA-10418,Corporate,United States,Houston,NY,67163,West,PRD-00069,Office Supplies,Appliances,Appliances Product,519.68,5,0.2,117.95
ORD-00670,05/31/2016,06/05/2016,Standard Class,AA-10529,Home Office,United States,Los Angeles,TX,74884,West,PRD-00070,Technology,Copiers,Copiers Product,2886.66,20,0.05,-75.65
ORD-00671,11/08/2012,11/10/2012,Second Class,AA-10539,Home Office,United States,New York,AZ,69695,East,PRD-00071,Groceries,Dairy,Dairy Product,3997.98,13,0.05,-358.06
ORD-00672,05/27/2014,05/29/2014,First Class,AA-10427,Consumer,United States,Los Angeles,IL,27428,East,PRD-00072,Furniture,Bookcases,Bookcases Product,1230.49,18,0.05,-212.42
ORD-00673,07/31/2011,08/03/2011,Standard Class,AA-10442,Home Office,United States,Phoenix,IL,27512,Central,PRD-00073,Office Supplies,Appliances,Appliances Product,327.84,1,0.2,125.67
ORD-00674,11/09/2017,11/12/2017,Second Class,AA-10465,Corporate,United States,New York,AZ,96155,West,PRD-00074,Furniture,Chairs,Chairs Product,413.73,1,0.05,98.59
ORD-00675,04/14/2015,04/21/2015,Same Day,AA-10446,Consumer,United States,Houston,CA,66872,East,PRD-00075,Office Supplies,Binders,Binders Product,1351.11,8,0.05,201.31
ORD-00676,08/30/2012,09/03/2012,Second Class,AA-10560,Home Office,United States,Chicago,NY,50653,South,PRD-00076,Technology,Accessories,Accessories Product,1410.61,6,0.05,-122.28
ORD-00677,12/28/2012,01/03/2013,Same Day,AA-10516,Consumer,United States,Phoenix,CA,11545,West,PRD-00077,Office Supplies,Appliances,Appliances Product,226.52,5,0.05,16.54
ORD-00678,03/28/2015,04/04/2015,Standard Class,AA-10511,Corporate,United States,Los Angeles,AZ,11769,West,PRD-00078,Technology,Phones,Phones Product,384.09,1,0.0,-46.36
ORD-00679,03/11/2012,03/18/2012,Second Class,AA-10592,Corporate,United States,Chicago,TX,30252,South,PRD-00079,Furniture,Chairs,Chairs Product,547.56,7,0.2,183.67
ORD-00680,08/17/2011,08/18/2011,Same Day,AA-10593,Consumer,United States,New York,CA,13145,South,PRD-00080,Furniture,Chairs,Chairs Product,414.21,1,0.0,52.52
ORD-00681,10/16/2015,10/22/2015,Standard Class,AA-10512,Corporate,United States,Los Angeles,NY,39428,West,PRD-00081,Office Supplies,Paper,Paper Product,1206.83,10,0.15,255.92
ORD-00682,02/28/2014,03/05/2014,Second Class,AA-10497,Consumer,United States,Houston,AZ,53888,South,PRD-00082,Technology,Machines,Machines Product,746.57,4,0.0,251.86
ORD-00683,10/08/2015,10/14/2015,First Class,AA-10391,Corporate,United States,New York,NY,29482,South,PRD-00083,Furniture,Bookcases,Bookcases Product,5267.36,12,0.1,1842.21
ORD-00684,08/04/2014,08/10/2014,First Class,AA-10390,Consumer,United States,New York,IL,26716,South,PRD-00084,Groceries,Dairy,Dairy Product,6546.85,16,0.0,960.46
ORD-00685,04/27/2015,05/03/2015,First Class,AA-10495,Consumer,United States,Los Angeles,TX,64874,Central,PRD-00085,Furniture,Furnishings,Furnishings Product,3441.64,14,0.15,554.26
ORD-00686,01/15/2017,01/22/2017,Second Class,AA-10588,Home Office,United States,New York,CA,57409,West,PRD-00086,Groceries,Beverages,Beverages Product,662.64,13,0.15,76.98
ORD-00687,04/12/2013,04/15/2013,Second Class,AA-10323,Corporate,United States,Houston,CA,82286,Central,PRD-00087,Furniture,Furnishings,Furnishings Product,2306.22,5,0.0,799.83
ORD-00688,09/20/2013,09/21/2013,Same Day,AA-10422,Corporate,United States,New York,NY,96867,West,PRD-00088,Office Supplies,Appliances,Appliances Product,337.23,5,0.05,8.93
ORD-00689,05/07/2016,05/12/2016,Same Day,AA-10395,Consumer,United States,Los Angeles,TX,28364,East,PRD-00089,Technology,Copiers,Copiers Product,950.71,12,0.05,-146.18
ORD-00690,04/09/2016,04/15/2016,Standard Class,AA-10525,Home Office,United States,Los Angeles,AZ,31017,West,PRD-00090,Furniture,Furnishings,Furnishings Product,150.52,1,0.05,-24.68
ORD-00691,06/12/2015,06/14/2015,First Class,AA-10531,Consumer,United States,Phoenix,TX,26401,South,PRD-00091,Groceries,Canned Goods,Canned Goods Product,4862.43,19,0.05,263.55
ORD-00692,06/29/2015,06/30/2015,Same Day,AA-10343,Corporate,United States,Chicago,TX,59868,South,PRD-00092,Office Supplies,Binders,Binders Product,2478.16,6,0.2,404.06
ORD-00693,08/12/2011,08/19/2011,First Class,AA-10505,Consumer,United States,Los Angeles,IL,31333,West,PRD-00093,Groceries,Beverages,Beverages Product,568.05,9,0.0,10.01
ORD-00694,09/25/2011,09/26/2011,Standard Class,AA-10423,Home Office,United States,Houston,NY,16297,East,PRD-00094,Technology,Machines,Machines Product,1962.3,7,0.0,-109.49
ORD-00695,01/17/2012,01/24/2012,Same Day,AA-10473,Home Office,United States,Chicago,CA,98432,West,PRD-00095,Technology,Machines,Machines Product,4797.82,10,0.2,-398.55
ORD-00696,09/19/2014,09/26/2014,Standard Class,AA-10523,Corporate,United States,Los Angeles,CA,99440,Central,PRD-00096,Technology,Copiers,Copiers Product,297.72,1,0.15,25.65
ORD-00697,11/19/2011,11/24/2011,First Class,AA-10362,Corporate,United States,Los Angeles,IL,48121,East,PRD-00097,Office Supplies,Pens,Pens Product,1933.62,5,0.05,765.81
ORD-00698,12/28/2017,12/30/2017,Same Day,AA-10535,Consumer,United States,New York,CA,50572,West,PRD-00098,Technology,Accessories,Accessories Product,898.58,8,0.2,147.48
ORD-00699,08/05/2016,08/10/2016,First Class,AA-10363,Corporate,United States,New York,NY,33486,Central,PRD-00099,Groceries,Canned Goods,Canned Goods Product,2806.12,6,0.05,-446.46
ORD-00700,11/22/2013,11/25/2013,First Class,AA-10557,Corporate,United States,Houston,AZ,99205,South,PRD-00000,Furniture,Furnishings,Furnishings Product,2352.58,5,0.2,218.69
ORD-00701,12/11/2015,12/17/2015,Standard Class,AA-10502,Home Office,United States,New York,CA,83505,West,PRD-00001,Furniture,Bookcases,Bookcases Product,1032.84,3,0.2,72.36
ORD-00702,09/25/2012,10/02/2012,Same Day,AA-10368,Home Office,United States,New York,IL,71063,Central,PRD-00002,Furniture,Furnishings,Furnishings Product,1736.19,6,0.0,-114.88
ORD-00703,12/31/2016,01/02/2017,Same Day,AA-10553,Corporate,United States,New York,IL,54882,Central,PRD-00003,Technology,Phones,Phones Product,2211.43,6,0.15,577.03
ORD-00704,05/20/2013,05/22/2013,Second Class,AA-10558,Corporate,United States,Phoenix,NY,88784,Central,PRD-00004,Technology,Machines,Machines Product,431.38,15,0.05,159.23
ORD-00705,09/13/2011,09/19/2011,Same Day,AA-10500,Corporate,United States,Chicago,CA,20956,South,PRD-00005,Groceries,Dairy,Dairy Product,255.49,7,0.0,94.94
ORD-00706,10/11/2011,10/16/2011,Second Class,AA-10455,Home Office,United States,Chicago,CA,17044,West,PRD-00006,Groceries,Snacks,Snacks Product,4381.5,10,0.15,1414.23
ORD-00707,10/22/2015,10/27/2015,Second Class,AA-10490,Home Office,United States,Houston,IL,84752,Central,PRD-00007,Furniture,Tables,Tables Product,1268.02,7,0.15,112.82
ORD-00708,02/10/2011,02/17/2011,First Class,AA-10602,Consumer,United States,Los Angeles,TX,29331,Central,PRD-00008,Office Supplies,Appliances,Appliances Product,5929.73,19,0.1,1176.68
ORD-00709,07/20/2014,07/27/2014,Second Class,AA-10373,Home Office,United States,Houston,AZ,22772,West,PRD-00009,Groceries,Canned Goods,Canned Goods Product,6186.64,17,0.15,2264.28
ORD-00710,06/14/2013,06/16/2013,Standard Class,AA-10411,Corporate,United States,Chicago,NY,49576,East,PRD-00010,Groceries,Beverages,Beverages Product,3900.05,20,0.1,-289.16
ORD-00711,08/18/2016,08/22/2016,First Class,AA-10378,Consumer,United States,Los Angeles,TX,66149,East,PRD-00011,Groceries,Dairy,Dairy Product,2955.25,14,0.1,877.45
ORD-00712,12/25/2012,12/31/2012,Standard Class,AA-10598,Consumer,United States,New York,NY,95147,West,PRD-00012,Office Supplies,Binders,Binders Product,1945.63,13,0.15,351.12
ORD-00713,11/29/2017,12/04/2017,Standard Class,AA-10525,Home Office,United States,Chicago,TX,37770,South,PRD-00013,Technology,Accessories,Accessories Product,9286.84,20,0.0,1672.7
ORD-00714,02/06/2016,02/13/2016,Same Day,AA-10597,Corporate,United States,Houston,NY,59105,South,PRD-00014,Groceries,Snacks,Snacks Product,3007.26,7,0.0,31.18
ORD-00715,09/09/2016,09/10/2016,Same Day,AA-10460,Consumer,United States,New York,NY,30103,East,PRD-00015,Furniture,Bookcases,Bookcases Product,4208.57,10,0.15,858.47
ORD-00716,10/26/2016,10/30/2016,Second Class,AA-10477,Home Office,United States,Houston,NY,85740,Central,PRD-00016,Furniture,Tables,Tables Product,9433.24,19,0.05,1258.81
ORD-00717,06/11/2012,06/17/2012,Second Class,AA-10514,Home Office,United States,New York,AZ,61381,East,PRD-00017,Office Supplies,Binders,Binders Product,2898.12,11,0.15,-178.0
ORD-00718,03/14/2017,03/21/2017,Second Class,AA-10396,Consumer,United States,Phoenix,AZ,20324,Central,PRD-00018,Furniture,Tables,Tables Product,167.1,3,0.15,-32.26
ORD-00719,04/14/2011,04/19/2011,Second Class,AA-10381,Home Office,United States,Houston,IL,96410,West,PRD-00019,Groceries,Canned Goods,Canned Goods Product,764.78,6,0.05,-16.71
ORD-00720,01/31/2014,02/05/2014,Standard Class,AA-10357,Consumer,United States,Los Angeles,IL,44340,South,PRD-00020,Office Supplies,Appliances,Appliances Product,8261.2,19,0.0,623.53
ORD-00721,01/16/2012,01/20/2012,Standard Class,AA-10354,Corporate,United States,New York,CA,65038,Central,PRD-00021,Groceries,Canned Goods,Canned Goods Product,1410.44,7,0.15,391.07
ORD-00722,07/08/2014,07/14/2014,Standard Class,AA-10545,Consumer,United States,Chicago,IL,73427,West,PRD-00022,Office Supplies,Pens,Pens Product,149.69,10,0.05,29.31
ORD-00723,10/10/2012,10/15/2012,Second Class,AA-10582,Consumer,United States,Chicago,NY,38437,West,PRD-00023,Furniture,Chairs,Chairs Product,2148.96,7,0.2,-400.09
ORD-00724,09/03/2014,09/04/2014,First Class,AA-10385,Home Office,United States,Phoenix,IL,71216,Central,PRD-00024,Office Supplies,Appliances,Appliances Product,705.6,5,0.15,-56.77
ORD-00725,11/22/2015,11/23/2015,First Class,AA-10577,Consumer,United States,Los Angeles,TX,66815,Central,PRD-00025,Groceries,Beverages,Beverages Product,852.75,9,0.1,321.59
ORD-00726,10/02/2015,10/05/2015,Standard Class,AA-10454,Corporate,United States,Los Angeles,NY,77024,East,PRD-00026,Furniture,Chairs,Chairs Product,3953.85,20,0.05,554.67
ORD-00727,07/31/2017,08/04/2017,Second Class,AA-10524,Corporate,United States,Los Angeles,NY,38204,East,PRD-00027,Furniture,Bookcases,Bookcases Product,320.72,13,0.05,91.54
ORD-00728,03/04/2015,03/06/2015,Same Day,AA-10389,Home Office,United States,Chicago,CA,83615,West,PRD-00028,Furniture,Chairs,Chairs Product,166.11,1,0.0,38.22
ORD-00729,04/29/2015,05/06/2015,Standard Class,AA-10460,Home Office,United States,Houston,TX,51652,East,PRD-00029,Office Supplies,Pens,Pens Product,1139.48,4,0.2,419.06
ORD-00730,03/22/2013,03/23/2013,Same Day,AA-10415,Consumer,United States,Phoenix,IL,87485,Central,PRD-00030,Technology,Accessories,Accessories Product,526.85,16,0.1,27.79
ORD-00731,08/26/2013,08/30/2013,First Class,AA-10610,Consumer,United States,Houston,NY,79922,West,PRD-00031,Technology,Machines,Machines Product,325.4,1,0.2,127.81
ORD-00732,10/13/2014,10/16/2014,First Class,AA-10323,Corporate,United States,Houston,NY,82935,East,PRD-00032,Technology,Accessories,Accessories Product,1666.51,4,0.15,389.88
ORD-00733,07/15/2016,07/20/2016,Standard Class,AA-10339,Consumer,United States,Los Angeles,NY,11362,South,PRD-00033,Groceries,Canned Goods,Canned Goods Product,3776.02,15,0.0,1154.88
ORD-00734,03/06/2012,03/11/2012,Standard Class,AA-10480,Home Office,United States,New York,IL,15646,West,PRD-00034,Groceries,Beverages,Beverages Product,318.77,6,0.1,92.34
ORD-00735,07/16/2011,07/18/2011,Second Class,AA-10470,Home Office,United States,Houston,NY,26552,East,PRD-00035,Technology,Machines,Machines Product,3817.9,11,0.15,-145.28
ORD-00736,08/29/2012,09/04/2012,Same Day,AA-10614,Corporate,United States,Chicago,TX,39600,West,PRD-00036,Groceries,Dairy,Dairy Product,1062.66,4,0.05,155.92
ORD-00737,12/16/2013,12/22/2013,Second Class,AA-10466,Home Office,United States,New York,NY,74828,West,PRD-00037,Technology,Machines,Machines Product,7549.48,18,0.05,1477.35
ORD-00738,05/20/2013,05/27/2013,First Class,AA-10321,Corporate,United States,Houston,CA,76127,West,PRD-00038,Office Supplies,Binders,Binders Product,1327.03,13,0.0,5.67
ORD-00739,06/16/2012,06/20/2012,Second Class,AA-10427,Consumer,United States,Chicago,TX,31521,East,PRD-00039,Furniture,Furnishings,Furnishings Product,6528.76,15,0.2,-510.47
ORD-00740,06/22/2017,06/26/2017,Second Class,AA-10367,Corporate,United States,New York,TX,96754,Central,PRD-00040,Office Supplies,Binders,Binders Product,1500.25,4,0.05,-285.12
ORD-00741,12/12/2014,12/16/2014,First Class,AA-10450,Consumer,United States,Houston,IL,58467,West,PRD-00041,Technology,Phones,Phones Product,2657.06,12,0.05,101.39
ORD-00742,07/21/2011,07/26/2011,Same Day,AA-10510,Home Office,United States,Houston,NY,99281,West,PRD-00042,Groceries,Beverages,Beverages Product,1028.3,10,0.05,160.86
ORD-00743,10/16/2013,10/17/2013,Standard Class,AA-10371,Corporate,United States,Los Angeles,AZ,63026,Central,PRD-00043,Office Supplies,Appliances,Appliances Product,897.16,2,0.2,-36.15
ORD-00744,05/29/2015,06/01/2015,First Class,AA-10366,Home Office,United States,New York,NY,34258,Central,PRD-00044,Office Supplies,Paper,Paper Product,1772.73,16,0.05,15.21
ORD-00745,06/04/2014,06/06/2014,Standard Class,AA-10437,Home Office,United States,Houston,TX,53785,West,PRD-00045,Office Supplies,Paper,Paper Product,274.97,3,0.1,93.47
ORD-00746,12/28/2012,01/01/2013,Second Class,AA-10450,Corporate,United States,New York,NY,12279,East,PRD-00046,Technology,Copiers,Copiers Product,301.06,1,0.15,45.13
ORD-00747,07/24/2013,07/30/2013,First Class,AA-10583,Home Office,United States,Chicago,TX,43231,East,PRD-00047,Office Supplies,Pens,Pens Product,235.99,4,0.1,16.89
ORD-00748,02/23/2016,02/26/2016,Standard Class,AA-10321,Consumer,United States,Houston,CA,96424,South,PRD-00048,Furniture,Bookcases,Bookcases Product,4914.5,11,0.2,445.32
ORD-00749,01/03/2015,01/09/2015,Standard Class,AA-10569,Consumer,United States,Houston,NY,45903,Central,PRD-00049,Technology,Copiers,Copiers Product,7088.83,19,0.15,110.95
ORD-00750,11/28/2016,12/01/2016,First Class,AA-10404,Consumer,United States,New York,AZ,78167,East,PRD-00050,Furniture,Bookcases,Bookcases Product,2217.63,11,0.15,814.23
ORD-00751,11/13/2017,11/14/2017,Same Day,AA-10377,Home Office,United States,Los Angeles,TX,99249,South,PRD-00051,Groceries,Dairy,Dairy Product,9203.5,19,0.1,-248.08
ORD-00752,11/12/2016,11/13/2016,Second Class,AA-10463,Corporate,United States,Phoenix,NY,16972,Central,PRD-00052,Office Supplies,Paper,Paper Product,2419.96,16,0.1,-461.35
ORD-00753,06/06/2014,06/09/2014,Second Class,AA-10317,Consumer,United States,Chicago,CA,35785,Central,PRD-00053,Groceries,Canned Goods,Canned Goods Product,34.45,1,0.05,0.35
ORD-00754,07/25/2017,07/31/2017,Same Day,AA-10356,Corporate,United States,Houston,NY,44243,East,PRD-00054,Furniture,Tables,Tables Product,483.71,2,0.1,-24.55
ORD-00755,09/11/2017,09/13/2017,First Class,AA-10474,Consumer,United States,Houston,AZ,36151,East,PRD-00055,Office Supplies,Binders,Binders Product,4445.61,11,0.05,933.55
ORD-00756,06/03/2014,06/08/2014,Same Day,AA-10358,Home Office,United States,Chicago,AZ,99805,East,PRD-00056,Furniture,Furnishings,Furnishings Product,1797.34,18,0.15,-255.9
ORD-00757,04/02/2016,04/07/2016,Standard Class,AA-10496,Corporate,United States,New York,CA,90636,East,PRD-00057,Groceries,Dairy,Dairy Product,6735.53,14,0.15,-1235.27
ORD-00758,09/20/2013,09/21/2013,Same Day,AA-10612,Consumer,United States,Houston,NY,70661,Central,PRD-00058,Furniture,Tables,Tables Product,5524.04,20,0.2,1804.61
ORD-00759,08/11/2011,08/16/2011,Same Day,AA-10358,Home Office,United States,Chicago,NY,25917,West,PRD-00059,Technology,Machines,Machines Product,693.63,4,0.0,203.35
ORD-00760,04/19/2013,04/22/2013,Standard Class,AA-10579,Corporate,United States,Phoenix,CA,25035,West,PRD-00060,Office Supplies,Binders,Binders Product,597.68,5,0.05,-11.63
ORD-00761,01/01/2011,01/06/2011,Same Day,AA-10393,Corporate,United States,New York,NY,49311,Central,PRD-00061,Technology,Phones,Phones Product,880.83,8,0.15,-163.14
ORD-00762,06/04/2016,06/06/2016,Standard Class,AA-10409,Consumer,United States,Los Angeles,CA,32383,South,PRD-00062,Office Supplies,Paper,Paper Product,6876.94,20,0.2,-867.06
ORD-00763,05/04/2016,05/07/2016,Same Day,AA-10560,Corporate,United States,New York,TX,64643,Central,PRD-00063,Furniture,Bookcases,Bookcases Product,1919.82,4,0.15,39.17
ORD-00764,08/29/2012,08/30/2012,Same Day,AA-10329,Consumer,United States,Chicago,CA,71329,Central,PRD-00064,Furniture,Furnishings,Furnishings Product,1145.85,4,0.0,169.96
ORD-00765,02/08/2014,02/14/2014,Same Day,AA-10319,Home Office,United States,New York,CA,95972,South,PRD-00065,Office Supplies,Paper,Paper Product,7299.14,17,0.2,-536.72
ORD-00766,12/12/2014,12/13/2014,Same Day,AA-10603,Corporate,United States,Houston,AZ,96372,South,PRD-00066,Furniture,Furnishings,Furnishings Product,731.93,5,0.1,259.17
ORD-00767,06/17/2017,06/22/2017,Same Day,AA-10574,Consumer,United States,New York,NY,30863,South,PRD-00067,Furniture,Tables,Tables Product,3283.91,11,0.2,29.09
ORD-00768,01/31/2012,02/02/2012,Same Day,AA-10369,Corporate,United States,New York,NY,90203,East,PRD-00068,Groceries,Dairy,Dairy Product,4205.91,11,0.05,-575.12
ORD-00769,04/13/2012,04/16/2012,Standard Class,AA-10334,Home Office,United States,Houston,TX,27460,South,PRD-00069,Technology,Accessories,Accessories Product,3686.42,12,0.0,1305.47
ORD-00770,03/12/2013,03/17/2013,Second Class,AA-10444,Consumer,United States,Phoenix,NY,92459,West,PRD-00070,Groceries,Dairy,Dairy Product,1204.93,10,0.05,72.82
ORD-00771,04/13/2013,04/14/2013,First Class,AA-10332,Consumer,United States,Phoenix,TX,34921,South,PRD-00071,Office Supplies,Appliances,Appliances Product,4673.39,12,0.2,597.95
ORD-00772,05/25/2017,05/29/2017,Same Day,AA-10557,Home Office,United States,Houston,NY,84599,West,PRD-00072,Furniture,Bookcases,Bookcases Product,9017.61,20,0.05,2533.56
ORD-00773,06/04/2012,06/07/2012,Standard Class,AA-10579,Consumer,United States,Chicago,IL,61173,East,PRD-00073,Furniture,Chairs,Chairs Product,1017.48,4,0.0,163.71
ORD-00774,10/06/2011,10/11/2011,First Class,AA-10395,Corporate,United States,Phoenix,NY,81557,West,PRD-00074,Furniture,Chairs,Chairs Product,5254.64,18,0.2,1886.86
ORD-00775,07/15/2017,07/22/2017,Standard Class,AA-10556,Consumer,United States,Los Angeles,AZ,53202,West,PRD-00075,Furniture,Chairs,Chairs Product,351.28,2,0.1,-27.99
ORD-00776,08/23/2013,08/28/2013,Standard Class,AA-10567,Home Office,United States,Houston,CA,45456,West,PRD-00076,Technology,Phones,Phones Product,5888.61,12,0.15,935.63
ORD-00777,03/02/2012,03/04/2012,Standard Class,AA-10333,Consumer,United States,New York,CA,80016,Central,PRD-00077,Groceries,Beverages,Beverages Product,2657.31,12,0.1,714.62
ORD-00778,03/16/2011,03/20/2011,Second Class,AA-10597,Consumer,United States,Houston,NY,90694,East,PRD-00078,Groceries,Snacks,Snacks Product,5007.39,13,0.05,289.58
ORD-00779,12/11/2014,12/13/2014,Same Day,AA-10414,Home Office,United States,Phoenix,AZ,16000,West,PRD-00079,Furniture,Furnishings,Furnishings Product,253.41,2,0.0,38.81
ORD-00780,10/20/2013,10/23/2013,Second Class,AA-10344,Corporate,United States,Los Angeles,AZ,62142,Central,PRD-00080,Technology,Phones,Phones Product,1124.46,5,0.1,-195.4
ORD-00781,05/16/2012,05/23/2012,Second Class,AA-10354,Corporate,United States,Chicago,IL,82273,East,PRD-00081,Technology,Machines,Machines Product,1995.69,18,0.1,675.71
ORD-00782,09/27/2013,10/01/2013,Same Day,AA-10584,Corporate,United States,New York,CA,27974,South,PRD-00082,Furniture,Bookcases,Bookcases Product,4620.39,18,0.0,36.88
ORD-00783,06/03/2014,06/05/2014,Same Day,AA-10598,Home Office,United States,Houston,NY,12790,Central,PRD-00083,Office Supplies,Appliances,Appliances Product,4382.48,12,0.05,-782.18
ORD-00784,05/19/2011,05/26/2011,Same Day,AA-10453,Corporate,United States,New York,TX,60418,Central,PRD-00084,Furniture,Furnishings,Furnishings Product,4153.18,10,0.0,-681.82
ORD-00785,07/01/2011,07/04/2011,Standard Class,AA-10429,Home Office,United States,Chicago,NY,89788,East,PRD-00085,Office Supplies,Binders,Binders Product,2000.18,6,0.2,-337.32
ORD-00786,12/11/2013,12/17/2013,Standard Class,AA-10425,Consumer,United States,Phoenix,TX,98862,East,PRD-00086,Technology,Machines,Machines Product,4453.94,20,0.15,1200.64
ORD-00787,12/30/2016,01/01/2017,Second Class,AA-10552,Consumer,United States,Chicago,IL,21211,South,PRD-00087,Groceries,Canned Goods,Canned Goods Product,2883.3,6,0.15,713.27
ORD-00788,02/01/2017,02/04/2017,Standard Class,AA-10466,Consumer,United States,Chicago,AZ,96609,East,PRD-00088,Furniture,Furnishings,Furnishings Product,623.24,2,0.1,-24.15
ORD-00789,12/19/2013,12/22/2013,Same Day,AA-10406,Home Office,United States,Phoenix,CA,63557,West,PRD-00089,Groceries,Dairy,Dairy Product,225.56,1,0.15,-40.1
ORD-00790,07/01/2017,07/04/2017,First Class,AA-10355,Corporate,United States,Los Angeles,CA,92619,South,PRD-00090,Furniture,Bookcases,Bookcases Product,677.45,3,0.1,175.86
ORD-00791,08/24/2012,08/29/2012,First Class,AA-10340,Consumer,United States,Phoenix,CA,17970,East,PRD-00091,Office Supplies,Appliances,Appliances Product,200.57,2,0.2,63.45
ORD-00792,11/20/2013,11/24/2013,Standard Class,AA-10323,Home Office,United States,New York,CA,36744,East,PRD-00092,Furniture,Chairs,Chairs Product,2500.03,20,0.0,-383.79
ORD-00793,05/25/2017,05/30/2017,First Class,AA-10505,Corporate,United States,Houston,IL,71693,East,PRD-00093,Groceries,Snacks,Snacks Product,6148.35,14,0.05,-1138.57
ORD-00794,12/22/2017,12/23/2017,Standard Class,AA-10330,Home Office,United States,Los Angeles,IL,76951,East,PRD-00094,Office Supplies,Paper,Paper Product,305.06,2,0.05,105.89
ORD-00795,05/30/2013,06/01/2013,Same Day,AA-10508,Home Office,United States,New York,AZ,16741,Central,PRD-00095,Technology,Copiers,Copiers Product,4987.84,13,0.0,1861.0
ORD-00796,11/18/2016,11/20/2016,First Class,AA-10581,Consumer,United States,Chicago,CA,69745,East,PRD-00096,Groceries,Canned Goods,Canned Goods Product,950.05,9,0.2,-22.95
ORD-00797,04/17/2012,04/20/2012,Same Day,AA-10438,Home Office,United States,Los Angeles,TX,64899,South,PRD-00097,Groceries,Dairy,Dairy Product,588.58,12,0.2,60.85
ORD-00798,05/21/2017,05/24/2017,First Class,AA-10379,Corporate,United States,New York,NY,63543,Central,PRD-00098,Office Supplies,Binders,Binders Product,6389.55,19,0.2,-280.07
ORD-00799,08/30/2016,09/03/2016,First Class,AA-10390,Home Office,United States,Houston,NY,26567,West,PRD-00099,Groceries,Beverages,Beverages Product,2636.63,6,0.0,-263.5
ORD-00800,11/03/2015,11/07/2015,First Class,AA-10327,Consumer,United States,Houston,AZ,41645,East,PRD-00000,Office Supplies,Appliances,Appliances Product,1311.5,5,0.2,460.56
ORD-00801,05/02/2012,05/06/2012,Same Day,AA-10487,Home Office,United States,Houston,IL,72535,South,PRD-00001,Furniture,Chairs,Chairs Product,92.28,2,0.1,34.14
ORD-00802,01/21/2013,01/25/2013,Same Day,AA-10575,Corporate,United States,Houston,CA,76672,East,PRD-00002,Technology,Copiers,Copiers Product,300.84,1,0.1,61.48
ORD-00803,02/01/2012,02/06/2012,Same Day,AA-10433,Corporate,United States,Chicago,TX,51756,South,PRD-00003,Furniture,Furnishings,Furnishings Product,370.27,11,0.2,125.29
ORD-00804,08/09/2012,08/12/2012,First Class,AA-10336,Consumer,United States,New York,IL,45893,Central,PRD-00004,Office Supplies,Binders,Binders Product,2487.87,17,0.2,-28.31
ORD-00805,12/03/2015,12/09/2015,First Class,AA-10429,Consumer,United States,New York,CA,82373,South,PRD-00005,Office Supplies,Paper,Paper Product,4450.63,9,0.0,1578.68
ORD-00806,04/23/2011,04/26/2011,Same Day,AA-10335,Home Office,United States,Houston,AZ,26538,Central,PRD-00006,Office Supplies,Appliances,Appliances Product,6686.84,16,0.0,145.27
ORD-00807,04/23/2014,04/26/2014,Standard Class,AA-10371,Corporate,United States,New York,CA,19745,East,PRD-00007,Technology,Accessories,Accessories Product,3523.73,14,0.0,1123.02
ORD-00808,10/03/2012,10/04/2012,First Class,AA-10574,Consumer,United States,Houston,NY,78327,East,PRD-00008,Furniture,Bookcases,Bookcases Product,4785.09,15,0.2,972.56
ORD-00809,02/18/2013,02/20/2013,Second Class,AA-10600,Corporate,United States,Houston,CA,73505,South,PRD-00009,Technology,Phones,Phones Product,616.55,8,0.15,199.31
ORD-00810,07/27/2016,07/28/2016,Same Day,AA-10459,Home Office,United States,Phoenix,CA,33345,West,PRD-00010,Office Supplies,Pens,Pens Product,1427.72,3,0.05,-282.81
ORD-00811,09/09/2015,09/16/2015,Second Class,AA-10449,Corporate,United States,Houston,TX,92578,Central,PRD-00011,Groceries,Beverages,Beverages Product,2967.29,12,0.05,969.51
ORD-00812,09/14/2017,09/18/2017,First Class,AA-10497,Consumer,United States,Houston,NY,33094,Central,PRD-00012,Groceries,Canned Goods,Canned Goods Product,469.1,4,0.1,24.28
ORD-00813,07/30/2014,08/06/2014,Same Day,AA-10373,Home Office,United States,Houston,CA,13796,East,PRD-00013,Furniture,Furnishings,Furnishings Product,1945.52,5,0.15,591.58
ORD-00814,01/02/2014,01/05/2014,Same Day,AA-10574,Corporate,United States,Houston,TX,62255,East,PRD-00014,Office Supplies,Binders,Binders Product,571.01,2,0.1,-24.57
ORD-00815,08/12/2011,08/16/2011,Second Class,AA-10452,Home Office,United States,Los Angeles,AZ,37027,West,PRD-00015,Groceries,Beverages,Beverages Product,3539.47,11,0.0,-52.72
ORD-00816,11/17/2017,11/20/2017,First Class,AA-10483,Home Office,United States,New York,NY,77980,South,PRD-00016,Office Supplies,Appliances,Appliances Product,403.18,1,0.0,108.16
ORD-00817,01/23/2015,01/25/2015,First Class,AA-10589,Corporate,United States,Houston,CA,82476,South,PRD-00017,Office Supplies,Pens,Pens Product,3668.54,18,0.05,-94.97
ORD-00818,02/25/2011,02/28/2011,First Class,AA-10333,Consumer,United States,Los Angeles,CA,14427,East,PRD-00018,Technology,Phones,Phones Product,3484.82,17,0.15,-608.55
ORD-00819,05/21/2012,05/27/2012,Same Day,AA-10508,Consumer,United States,New York,AZ,89281,South,PRD-00019,Groceries,Beverages,Beverages Product,3891.35,9,0.0,-605.75
ORD-00820,01/27/2012,01/31/2012,Second Class,AA-10515,Consumer,United States,Chicago,AZ,71787,Central,PRD-00020,Office Supplies,Paper,Paper Product,2401.57,11,0.0,-44.93
ORD-00821,04/07/2014,04/13/2014,Second Class,AA-10534,Corporate,United States,New York,TX,61595,East,PRD-00021,Technology,Copiers,Copiers Product,3988.43,14,0.15,-117.05
ORD-00822,02/16/2017,02/20/2017,First Class,AA-10370,Corporate,United States,Phoenix,NY,94255,East,PRD-00022,Groceries,Beverages,Beverages Product,9269.02,19,0.15,2435.19
ORD-00823,09/23/2014,09/24/2014,Second Class,AA-10388,Corporate,United States,Phoenix,TX,78603,South,PRD-00023,Technology,Phones,Phones Product,1672.84,18,0.15,261.04
ORD-00824,08/30/2011,09/05/2011,Same Day,AA-10567,Consumer,United States,Chicago,CA,83716,Central,PRD-00024,Furniture,Furnishings,Furnishings Product,3728.5,10,0.05,-664.02
ORD-00825,02/12/2017,02/19/2017,Standard Class,AA-10570,Consumer,United States,Houston,NY,59241,South,PRD-00025,Furniture,Tables,Tables Product,2596.8,11,0.15,282.16
ORD-00826,02/25/2011,03/01/2011,Same Day,AA-10397,Consumer,United States,Phoenix,TX,28332,Central,PRD-00026,Technology,Copiers,Copiers Product,1570.97,7,0.0,-277.38
ORD-00827,06/24/2015,06/29/2015,First Class,AA-10319,Home Office,United States,Los Angeles,CA,48036,South,PRD-00027,Furniture,Chairs,Chairs Product,6970.81,14,0.1,791.1
ORD-00828,11/19/2017,11/25/2017,Second Class,AA-10505,Consumer,United States,Phoenix,TX,11287,East,PRD-00028,Furniture,Furnishings,Furnishings Product,1698.04,15,0.1,604.92
ORD-00829,09/02/2015,09/04/2015,Second Class,AA-10406,Home Office,United States,New York,AZ,70108,East,PRD-00029,Office Supplies,Binders,Binders Product,1490.17,3,0.0,-19.22
ORD-00830,01/23/2012,01/26/2012,Standard Class,AA-10346,Consumer,United States,Chicago,IL,65858,East,PRD-00030,Groceries,Beverages,Beverages Product,545.17,3,0.2,179.91
ORD-00831,02/13/2015,02/16/2015,Second Class,AA-10521,Corporate,United States,Phoenix,NY,26607,Central,PRD-00031,Furniture,Tables,Tables Product,901.18,3,0.0,214.84
ORD-00832,09/14/2014,09/15/2014,Second Class,AA-10609,Consumer,United States,Los Angeles,TX,10032,East,PRD-00032,Furniture,Furnishings,Furnishings Product,646.58,7,0.05,254.4
ORD-00833,11/15/2011,11/22/2011,Standard Class,AA-10341,Consumer,United States,Phoenix,TX,59454,Central,PRD-00033,Office Supplies,Binders,Binders Product,4700.82,14,0.1,-86.8
ORD-00834,04/27/2016,04/29/2016,First Class,AA-10496,Home Office,United States,Los Angeles,TX,83464,Central,PRD-00034,Furniture,Bookcases,Bookcases Product,821.4,17,0.2,250.79
ORD-00835,06/30/2016,07/07/2016,First Class,AA-10443,Home Office,United States,Houston,CA,90868,South,PRD-00035,Technology,Accessories,Accessories Product,1166.71,12,0.1,365.44
ORD-00836,04/16/2015,04/21/2015,First Class,AA-10506,Corporate,United States,New York,IL,43260,West,PRD-00036,Office Supplies,Appliances,Appliances Product,1586.34,7,0.2,-131.77
ORD-00837,10/21/2017,10/22/2017,Standard Class,AA-10454,Home Office,United States,Houston,AZ,92868,Central,PRD-00037,Technology,Machines,Machines Product,3282.62,16,0.1,-116.52
ORD-00838,07/01/2016,07/03/2016,Second Class,AA-10403,Consumer,United States,New York,TX,25653,West,PRD-00038,Groceries,Snacks,Snacks Product,382.14,2,0.2,128.61
ORD-00839,12/22/2015,12/28/2015,Standard Class,AA-10346,Corporate,United States,Chicago,CA,86919,East,PRD-00039,Furniture,Chairs,Chairs Product,2627.36,18,0.05,507.25
ORD-00840,10/15/2016,10/18/2016,Standard Class,AA-10322,Consumer,United States,Houston,NY,46113,South,PRD-00040,Groceries,Dairy,Dairy Product,83.66,2,0.2,-9.33
ORD-00841,09/01/2016,09/05/2016,Standard Class,AA-10524,Home Office,United States,Houston,NY,25238,West,PRD-00041,Office Supplies,Appliances,Appliances Product,1441.44,10,0.1,-186.48
ORD-00842,01/17/2013,01/24/2013,Standard Class,AA-10359,Consumer,United States,Chicago,TX,20652,South,PRD-00042,Office Supplies,Paper,Paper Product,6023.88,19,0.0,1566.41
ORD-00843,06/14/2014,06/16/2014,First Class,AA-10412,Corporate,United States,Los Angeles,CA,45756,South,PRD-00043,Office Supplies,Paper,Paper Product,391.72,2,0.1,-36.51
ORD-00844,12/26/2012,12/29/2012,Same Day,AA-10466,Home Office,United States,Los Angeles,NY,86706,Central,PRD-00044,Furniture,Furnishings,Furnishings Product,497.54,9,0.1,73.25
ORD-00845,09/29/2012,10/05/2012,First Class,AA-10590,Consumer,United States,Phoenix,CA,43844,South,PRD-00045,Office Supplies,Binders,Binders Product,3918.53,12,0.1,-295.97
ORD-00846,03/30/2016,04/03/2016,First Class,AA-10448,Corporate,United States,Phoenix,TX,96285,West,PRD-00046,Technology,Phones,Phones Product,5653.91,17,0.05,481.29
ORD-00847,08/13/2014,08/14/2014,Second Class,AA-10368,Corporate,United States,Chicago,CA,71189,South,PRD-00047,Furniture,Chairs,Chairs Product,1298.94,6,0.1,2.6
ORD-00848,03/31/2011,04/03/2011,First Class,AA-10539,Corporate,United States,Houston,IL,15259,South,PRD-00048,Groceries,Dairy,Dairy Product,3146.65,13,0.05,-152.47
ORD-00849,09/07/2016,09/09/2016,Second Class,AA-10370,Corporate,United States,Phoenix,AZ,36012,South,PRD-00049,Groceries,Dairy,Dairy Product,4297.06,9,0.15,669.68
ORD-00850,06/16/2012,06/20/2012,Same Day,AA-10485,Consumer,United States,Houston,NY,96325,South,PRD-00050,Technology,Phones,Phones Product,3985.03,10,0.05,1119.37
ORD-00851,03/31/2013,04/06/2013,Second Class,AA-10403,Consumer,United States,Phoenix,IL,10648,Central,PRD-00051,Furniture,Bookcases,Bookcases Product,301.35,3,0.05,18.66
ORD-00852,10/14/2012,10/20/2012,Same Day,AA-10491,Corporate,United States,Los Angeles,NY,60800,South,PRD-00052,Technology,Accessories,Accessories Product,6237.46,18,0.05,2168.76
ORD-00853,07/27/2014,08/01/2014,Standard Class,AA-10383,Corporate,United States,Houston,AZ,13525,South,PRD-00053,Groceries,Canned Goods,Canned Goods Product,4116.98,10,0.15,651.15
ORD-00854,10/28/2017,11/04/2017,Same Day,AA-10406,Consumer,United States,Los Angeles,CA,75529,South,PRD-00054,Office Supplies,Paper,Paper Product,2118.32,12,0.0,352.36
ORD-00855,07/01/2011,07/04/2011,First Class,AA-10423,Corporate,United States,Houston,NY,44212,Central,PRD-00055,Furniture,Furnishings,Furnishings Product,529.19,3,0.05,29.33
ORD-00856,01/05/2013,01/06/2013,Same Day,AA-10398,Consumer,United States,Los Angeles,IL,26874,Central,PRD-00056,Groceries,Snacks,Snacks Product,6075.78,15,0.1,1285.87
ORD-00857,02/06/2016,02/12/2016,Standard Class,AA-10320,Home Office,United States,Houston,AZ,58866,Central,PRD-00057,Groceries,Dairy,Dairy Product,5431.53,14,0.1,298.67
ORD-00858,10/04/2014,10/11/2014,Standard Class,AA-10588,Consumer,United States,New York,IL,87352,East,PRD-00058,Furniture,Chairs,Chairs Product,2943.36,6,0.2,752.81
ORD-00859,03/20/2013,03/24/2013,Same Day,AA-10578,Corporate,United States,New York,AZ,99966,East,PRD-00059,Groceries,Dairy,Dairy Product,475.47,2,0.0,-60.42
ORD-00860,10/30/2013,11/03/2013,Standard Class,AA-10532,Corporate,United States,Chicago,IL,93359,West,PRD-00060,Furniture,Bookcases,Bookcases Product,275.95,1,0.05,-6.64
ORD-00861,09/06/2017,09/11/2017,Standard Class,AA-10372,Consumer,United States,Los Angeles,TX,66505,East,PRD-00061,Furniture,Chairs,Chairs Product,6695.16,18,0.05,-635.1
ORD-00862,11/15/2014,11/20/2014,Standard Class,AA-10549,Corporate,United States,Phoenix,NY,54272,East,PRD-00062,Office Supplies,Binders,Binders Product,95.01,2,0.1,-16.82
ORD-00863,09/27/2015,10/01/2015,Standard Class,AA-10520,Consumer,United States,Phoenix,IL,49741,South,PRD-00063,Technology,Copiers,Copiers Product,3272.23,9,0.0,988.58
ORD-00864,07/20/2011,07/26/2011,Standard Class,AA-10506,Home Office,United States,Houston,CA,98894,East,PRD-00064,Groceries,Beverages,Beverages Product,2025.04,14,0.05,-68.62
ORD-00865,01/21/2014,01/25/2014,First Class,AA-10317,Consumer,United States,Los Angeles,CA,12368,East,PRD-00065,Groceries,Beverages,Beverages Product,393.2,1,0.05,-13.82
ORD-00866,06/24/2013,06/28/2013,Same Day,AA-10347,Home Office,United States,New York,IL,54642,East,PRD-00066,Furniture,Furnishings,Furnishings Product,4107.32,19,0.2,-11.29
ORD-00867,11/19/2014,11/22/2014,Same Day,AA-10542,Consumer,United States,Phoenix,NY,92756,Central,PRD-00067,Office Supplies,Binders,Binders Product,1811.4,16,0.05,369.15
ORD-00868,04/18/2017,04/22/2017,Same Day,AA-10491,Consumer,United States,Los Angeles,AZ,86668,South,PRD-00068,Technology,Copiers,Copiers Product,3245.36,17,0.1,813.01
ORD-00869,12/31/2017,01/04/2018,Second Class,AA-10495,Corporate,United States,Phoenix,CA,59601,West,PRD-00069,Groceries,Dairy,Dairy Product,378.18,1,0.1,50.62
ORD-00870,02/02/2012,02/09/2012,Same Day,AA-10517,Home Office,United States,Houston,IL,38541,Central,PRD-00070,Office Supplies,Pens,Pens Product,1158.66,4,0.05,369.54
ORD-00871,09/20/2017,09/25/2017,Same Day,AA-10457,Consumer,United States,Houston,TX,70806,East,PRD-00071,Furniture,Bookcases,Bookcases Product,1341.9,4,0.1,136.05
ORD-00872,01/15/2016,01/21/2016,Second Class,AA-10395,Home Office,United States,New York,TX,86042,Central,PRD-00072,Office Supplies,Binders,Binders Product,116.35,10,0.1,29.99
ORD-00873,09/10/2015,09/11/2015,Same Day,AA-10525,Consumer,United States,Chicago,AZ,42760,South,PRD-00073,Office Supplies,Appliances,Appliances Product,2397.09,20,0.2,412.18
ORD-00874,05/20/2017,05/27/2017,Second Class,AA-10556,Consumer,United States,Houston,IL,41367,South,PRD-00074,Technology,Machines,Machines Product,374.05,1,0.15,49.09
ORD-00875,04/18/2016,04/22/2016,Same Day,AA-10417,Consumer,United States,Phoenix,TX,41704,South,PRD-00075,Furniture,Tables,Tables Product,417.58,10,0.0,-31.65
ORD-00876,03/04/2016,03/05/2016,Same Day,AA-10571,Home Office,United States,Houston,TX,19222,Central,PRD-00076,Technology,Machines,Machines Product,779.9,6,0.0,-152.76
ORD-00877,12/01/2013,12/05/2013,Standard Class,AA-10590,Corporate,United States,Houston,AZ,92479,Central,PRD-00077,Technology,Phones,Phones Product,3683.94,15,0.0,-89.23
ORD-00878,10/22/2015,10/23/2015,Second Class,AA-10378,Corporate,United States,Houston,IL,28605,South,PRD-00078,Technology,Copiers,Copiers Product,3432.52,9,0.2,865.5
ORD-00879,05/30/2016,06/05/2016,Same Day,AA-10422,Consumer,United States,Chicago,IL,48704,Central,PRD-00079,Furniture,Chairs,Chairs Product,3570.57,11,0.0,267.6
ORD-00880,09/16/2014,09/19/2014,Standard Class,AA-10545,Consumer,United States,Chicago,AZ,57542,East,PRD-00080,Furniture,Bookcases,Bookcases Product,550.3,20,0.05,-61.19
ORD-00881,06/10/2014,06/16/2014,Second Class,AA-10396,Consumer,United States,Phoenix,IL,60361,East,PRD-00081,Furniture,Furnishings,Furnishings Product,5098.6,15,0.05,1255.48
ORD-00882,07/22/2013,07/27/2013,Same Day,AA-10329,Corporate,United States,Phoenix,CA,55116,South,PRD-00082,Office Supplies,Paper,Paper Product,1481.38,5,0.1,27.4
ORD-00883,08/01/2017,08/08/2017,Same Day,AA-10571,Consumer,United States,Houston,TX,11865,West,PRD-00083,Furniture,Bookcases,Bookcases Product,5642.65,13,0.15,1066.61
ORD-00884,11/03/2014,11/10/2014,Standard Class,AA-10430,Home Office,United States,Los Angeles,IL,75377,Central,PRD-00084,Furniture,Tables,Tables Product,668.35,8,0.2,178.32
ORD-00885,05/21/2017,05/24/2017,Standard Class,AA-10321,Corporate,United States,Phoenix,AZ,80481,West,PRD-00085,Office Supplies,Pens,Pens Product,4025.76,12,0.15,707.89
ORD-00886,08/18/2011,08/24/2011,Second Class,AA-10543,Consumer,United States,Houston,CA,15273,East,PRD-00086,Office Supplies,Pens,Pens Product,3605.96,9,0.05,771.02
ORD-00887,03/10/2017,03/11/2017,Second Class,AA-10457,Consumer,United States,Los Angeles,AZ,86188,Central,PRD-00087,Technology,Copiers,Copiers Product,1362.03,3,0.05,154.64
ORD-00888,03/16/2016,03/20/2016,Second Class,AA-10365,Consumer,United States,Phoenix,AZ,38179,Central,PRD-00088,Technology,Machines,Machines Product,318.75,3,0.0,20.76
ORD-00889,05/13/2014,05/15/2014,Same Day,AA-10606,Consumer,United States,Chicago,TX,88820,East,PRD-00089,Technology,Accessories,Accessories Product,1451.16,4,0.15,386.64
ORD-00890,07/10/2016,07/15/2016,Second Class,AA-10405,Corporate,United States,Chicago,AZ,75937,East,PRD-00090,Furniture,Furnishings,Furnishings Product,2533.69,17,0.1,-105.1
ORD-00891,12/08/2015,12/10/2015,Second Class,AA-10372,Consumer,United States,Houston,IL,22395,Central,PRD-00091,Office Supplies,Binders,Binders Product,166.41,1,0.2,13.7
ORD-00892,11/03/2014,11/06/2014,First Class,AA-10590,Home Office,United States,Houston,NY,99751,East,PRD-00092,Office Supplies,Pens,Pens Product,1535.19,4,0.05,-24.07
ORD-00893,11/01/2017,11/08/2017,Second Class,AA-10422,Home Office,United States,Los Angeles,IL,77694,Central,PRD-00093,Office Supplies,Paper,Paper Product,624.2,6,0.15,169.46
ORD-00894,09/04/2017,09/07/2017,First Class,AA-10528,Home Office,United States,Chicago,IL,68944,East,PRD-00094,Furniture,Tables,Tables Product,2171.44,9,0.1,48.8
ORD-00895,10/09/2015,10/13/2015,First Class,AA-10603,Home Office,United States,Los Angeles,TX,45940,West,PRD-00095,Groceries,Dairy,Dairy Product,383.49,1,0.15,-63.97
ORD-00896,04/08/2013,04/11/2013,Second Class,AA-10421,Consumer,United States,Phoenix,AZ,67685,East,PRD-00096,Furniture,Bookcases,Bookcases Product,259.23,12,0.15,71.17
ORD-00897,03/13/2012,03/14/2012,Same Day,AA-10353,Home Office,United States,Houston,CA,46718,Central,PRD-00097,Office Supplies,Pens,Pens Product,4006.16,11,0.2,328.2
ORD-00898,08/31/2011,09/01/2011,Same Day,AA-10366,Consumer,United States,New York,IL,64234,South,PRD-00098,Technology,Machines,Machines Product,2462.12,9,0.15,871.99
ORD-00899,09/08/2012,09/14/2012,First Class,AA-10468,Home Office,United States,Phoenix,IL,12864,South,PRD-00099,Office Supplies,Appliances,Appliances Product,1952.42,15,0.2,249.81
ORD-00900,10/06/2011,10/09/2011,First Class,AA-10475,Consumer,United States,Chicago,IL,89117,West,PRD-00000,Furniture,Furnishings,Furnishings Product,701.6,7,0.15,-44.47
ORD-00901,07/28/2012,07/29/2012,First Class,AA-10376,Consumer,United States,Phoenix,TX,14205,East,PRD-00001,Groceries,Dairy,Dairy Product,5264.63,13,0.0,1574.15
ORD-00902,01/15/2017,01/20/2017,Standard Class,AA-10566,Home Office,United States,Los Angeles,AZ,21498,Central,PRD-00002,Furniture,Bookcases,Bookcases Product,1109.62,3,0.2,-160.58
ORD-00903,11/03/2017,11/04/2017,Second Class,AA-10412,Home Office,United States,Phoenix,IL,69512,Central,PRD-00003,Technology,Accessories,Accessories Product,2143.8,9,0.05,407.89
ORD-00904,03/29/2011,04/01/2011,Same Day,AA-10520,Consumer,United States,Chicago,CA,86595,East,PRD-00004,Furniture,Chairs,Chairs Product,8316.58,20,0.0,-1620.71
ORD-00905,12/20/2016,12/22/2016,Standard Class,AA-10549,Consumer,United States,Phoenix,AZ,15171,South,PRD-00005,Office Supplies,Paper,Paper Product,1610.75,19,0.05,-122.92
ORD-00906,01/21/2017,01/23/2017,Same Day,AA-10493,Corporate,United States,Los Angeles,CA,56575,West,PRD-00006,Technology,Machines,Machines Product,5114.43,11,0.05,-403.93
ORD-00907,07/16/2012,07/20/2012,Same Day,AA-10540,Corporate,United States,Los Angeles,CA,59873,West,PRD-00007,Technology,Accessories,Accessories Product,227.54,1,0.05,6.43
ORD-00908,01/16/2012,01/19/2012,First Class,AA-10404,Corporate,United States,Los Angeles,CA,21900,East,PRD-00008,Technology,Copiers,Copiers Product,482.83,7,0.15,118.0
ORD-00909,05/11/2016,05/18/2016,Standard Class,AA-10445,Corporate,United States,Chicago,IL,18559,Central,PRD-00009,Technology,Accessories,Accessories Product,13.56,1,0.15,0.54
ORD-00910,05/16/2014,05/19/2014,Standard Class,AA-10432,Consumer,United States,Los Angeles,CA,84000,West,PRD-00010,Technology,Accessories,Accessories Product,284.26,16,0.1,67.59
ORD-00911,06/08/2012,06/10/2012,First Class,AA-10580,Corporate,United States,Phoenix,TX,30641,Central,PRD-00011,Office Supplies,Pens,Pens Product,6136.34,16,0.0,967.84
ORD-00912,12/07/2012,12/08/2012,Same Day,AA-10404,Consumer,United States,Chicago,TX,91960,East,PRD-00012,Office Supplies,Pens,Pens Product,5288.98,12,0.0,1438.25
ORD-00913,12/22/2013,12/29/2013,Second Class,AA-10479,Corporate,United States,New York,AZ,59418,South,PRD-00013,Technology,Phones,Phones Product,263.6,11,0.15,-47.31
ORD-00914,10/09/2012,10/13/2012,Same Day,AA-10366,Corporate,United States,Phoenix,TX,27616,West,PRD-00014,Technology,Machines,Machines Product,441.13,8,0.0,-58.47
ORD-00915,06/29/2014,07/04/2014,Standard Class,AA-10558,Corporate,United States,Houston,AZ,35727,South,PRD-00015,Groceries,Canned Goods,Canned Goods Product,841.05,5,0.2,16.27
ORD-00916,06/17/2013,06/20/2013,Standard Class,AA-10578,Consumer,United States,Los Angeles,IL,34199,East,PRD-00016,Office Supplies,Pens,Pens Product,2664.1,8,0.0,613.7
ORD-00917,09/08/2014,09/15/2014,Standard Class,AA-10551,Home Office,United States,Houston,NY,35938,South,PRD-00017,Furniture,Tables,Tables Product,2384.69,11,0.05,352.03
ORD-00918,02/28/2011,03/04/2011,First Class,AA-10388,Consumer,United States,Phoenix,TX,69258,South,PRD-00018,Technology,Copiers,Copiers Product,1226.48,6,0.0,175.7
ORD-00919,01/31/2016,02/03/2016,Second Class,AA-10449,Corporate,United States,Chicago,TX,81945,Central,PRD-00019,Groceries,Snacks,Snacks Product,2980.58,9,0.2,1056.11
ORD-00920,01/31/2012,02/02/2012,Standard Class,AA-10490,Consumer,United States,Houston,NY,25765,East,PRD-00020,Furniture,Chairs,Chairs Product,2627.91,12,0.0,995.59
ORD-00921,06/01/2012,06/06/2012,Second Class,AA-10492,Corporate,United States,Phoenix,CA,28574,South,PRD-00021,Furniture,Furnishings,Furnishings Product,3935.63,14,0.0,1494.66
ORD-00922,03/10/2011,03/15/2011,First Class,AA-10416,Home Office,United States,Los Angeles,AZ,31856,East,PRD-00022,Furniture,Tables,Tables Product,8195.91,19,0.2,-1408.08
ORD-00923,10/12/2012,10/14/2012,First Class,AA-10366,Consumer,United States,Houston,IL,61088,Central,PRD-00023,Office Supplies,Pens,Pens Product,1375.01,5,0.2,74.81
ORD-00924,05/05/2016,05/11/2016,First Class,AA-10554,Consumer,United States,Phoenix,AZ,18757,West,PRD-00024,Furniture,Tables,Tables Product,101.73,10,0.1,22.89
ORD-00925,08/08/2015,08/10/2015,Same Day,AA-10386,Corporate,United States,Phoenix,CA,42580,East,PRD-00025,Office Supplies,Binders,Binders Product,2307.9,6,0.05,80.18
ORD-00926,10/16/2011,10/18/2011,Second Class,AA-10430,Corporate,United States,Los Angeles,IL,52922,West,PRD-00026,Furniture,Tables,Tables Product,916.51,13,0.2,336.0
ORD-00927,04/25/2012,04/26/2012,Same Day,AA-10581,Consumer,United States,New York,IL,45665,West,PRD-00027,Furniture,Chairs,Chairs Product,4816.87,20,0.15,-99.74
ORD-00928,04/12/2015,04/14/2015,Standard Class,AA-10445,Consumer,United States,Phoenix,AZ,57520,South,PRD-00028,Technology,Accessories,Accessories Product,4152.95,14,0.15,1059.32
ORD-00929,07/18/2016,07/24/2016,First Class,AA-10536,Corporate,United States,Phoenix,IL,65003,East,PRD-00029,Groceries,Snacks,Snacks Product,1735.73,4,0.1,530.08
ORD-00930,12/31/2014,01/04/2015,First Class,AA-10357,Consumer,United States,Houston,AZ,89513,Central,PRD-00030,Technology,Phones,Phones Product,2063.11,16,0.15,-138.57
ORD-00931,10/20/2017,10/21/2017,Second Class,AA-10580,Corporate,United States,Phoenix,AZ,65290,Central,PRD-00031,Groceries,Snacks,Snacks Product,1256.42,20,0.0,182.65
ORD-00932,06/13/2011,06/20/2011,Same Day,AA-10492,Home Office,United States,New York,CA,84308,South,PRD-00032,Groceries,Dairy,Dairy Product,8228.36,19,0.0,2996.1
ORD-00933,04/09/2011,04/12/2011,First Class,AA-10483,Home Office,United States,Chicago,IL,42597,East,PRD-00033,Technology,Machines,Machines Product,5641.0,14,0.15,1746.78
ORD-00934,01/01/2016,01/08/2016,First Class,AA-10339,Home Office,United States,Houston,IL,32551,Central,PRD-00034,Furniture,Furnishings,Furnishings Product,3479.58,9,0.05,-258.78
ORD-00935,12/31/2011,01/01/2012,Same Day,AA-10485,Corporate,United States,Phoenix,TX,93817,South,PRD-00035,Furniture,Tables,Tables Product,4576.6,11,0.0,1594.96
ORD-00936,04/17/2015,04/24/2015,Second Class,AA-10418,Consumer,United States,Chicago,NY,24611,South,PRD-00036,Furniture,Furnishings,Furnishings Product,2101.57,12,0.15,709.21
ORD-00937,07/11/2017,07/12/2017,Same Day,AA-10473,Corporate,United States,Los Angeles,IL,79838,East,PRD-00037,Furniture,Tables,Tables Product,4069.66,13,0.0,-328.94
ORD-00938,06/14/2015,06/16/2015,Same Day,AA-10383,Consumer,United States,Los Angeles,AZ,30317,East,PRD-00038,Groceries,Snacks,Snacks Product,3105.76,10,0.0,-17.7
ORD-00939,04/18/2011,04/20/2011,Second Class,AA-10568,Consumer,United States,Chicago,CA,12722,Central,PRD-00039,Office Supplies,Pens,Pens Product,3510.53,8,0.15,662.57
ORD-00940,12/03/2015,12/08/2015,Same Day,AA-10527,Home Office,United States,Chicago,IL,44544,Central,PRD-00040,Office Supplies,Binders,Binders Product,2552.84,6,0.2,101.53
ORD-00941,02/25/2015,03/04/2015,Second Class,AA-10501,Home Office,United States,Phoenix,CA,22664,Central,PRD-00041,Office Supplies,Paper,Paper Product,3329.39,18,0.05,-23.31
ORD-00942,01/01/2017,01/03/2017,Same Day,AA-10475,Corporate,United States,Phoenix,NY,70324,Central,PRD-00042,Technology,Copiers,Copiers Product,4339.28,12,0.2,1269.88
ORD-00943,07/29/2016,08/01/2016,Same Day,AA-10538,Home Office,United States,Los Angeles,NY,99392,East,PRD-00043,Technology,Copiers,Copiers Product,284.38,1,0.2,54.08
ORD-00944,09/25/2011,09/27/2011,Same Day,AA-10456,Corporate,United States,Phoenix,IL,53323,South,PRD-00044,Furniture,Chairs,Chairs Product,5009.94,20,0.05,1962.51
ORD-00945,05/23/2017,05/24/2017,Standard Class,AA-10575,Home Office,United States,Chicago,AZ,25687,West,PRD-00045,Groceries,Beverages,Beverages Product,8825.17,18,0.2,-99.94
ORD-00946,11/19/2017,11/21/2017,Second Class,AA-10347,Consumer,United States,Houston,NY,53488,West,PRD-00046,Groceries,Beverages,Beverages Product,923.38,7,0.2,244.0
ORD-00947,01/21/2012,01/23/2012,Standard Class,AA-10521,Corporate,United States,Chicago,CA,66408,East,PRD-00047,Groceries,Dairy,Dairy Product,4566.16,13,0.05,1408.02
ORD-00948,08/08/2016,08/14/2016,Standard Class,AA-10361,Corporate,United States,Houston,NY,78664,East,PRD-00048,Office Supplies,Paper,Paper Product,1407.87,13,0.1,551.01
ORD-00949,03/25/2011,03/28/2011,Same Day,AA-10346,Corporate,United States,New York,AZ,83841,East,PRD-00049,Technology,Machines,Machines Product,370.29,4,0.2,-71.26
ORD-00950,10/12/2011,10/18/2011,Second Class,AA-10403,Home Office,United States,Chicago,AZ,33190,Central,PRD-00050,Office Supplies,Binders,Binders Product,1633.53,6,0.1,-231.67
ORD-00951,12/28/2012,01/04/2013,Standard Class,AA-10574,Corporate,United States,Chicago,NY,55751,South,PRD-00051,Office Supplies,Binders,Binders Product,314.82,1,0.2,104.82
ORD-00952,08/14/2017,08/17/2017,Same Day,AA-10580,Home Office,United States,Phoenix,TX,68711,West,PRD-00052,Office Supplies,Appliances,Appliances Product,1674.37,16,0.05,667.08
ORD-00953,03/21/2017,03/25/2017,Standard Class,AA-10348,Corporate,United States,New York,TX,96462,West,PRD-00053,Furniture,Tables,Tables Product,951.32,12,0.15,-82.76
ORD-00954,10/30/2016,11/03/2016,Second Class,AA-10361,Corporate,United States,Houston,TX,67034,Central,PRD-00054,Furniture,Furnishings,Furnishings Product,5853.01,18,0.1,-45.71
ORD-00955,12/04/2011,12/07/2011,Same Day,AA-10566,Corporate,United States,New York,AZ,15456,South,PRD-00055,Technology,Accessories,Accessories Product,670.17,4,0.15,111.11
ORD-00956,01/01/2012,01/05/2012,Second Class,AA-10472,Corporate,United States,Phoenix,NY,99674,Central,PRD-00056,Office Supplies,Paper,Paper Product,543.61,2,0.0,206.6
ORD-00957,09/13/2016,09/15/2016,Second Class,AA-10583,Home Office,United States,Chicago,NY,36687,Central,PRD-00057,Office Supplies,Paper,Paper Product,912.45,2,0.0,67.83
ORD-00958,04/26/2013,04/27/2013,Second Class,AA-10607,Home Office,United States,Chicago,CA,61107,South,PRD-00058,Technology,Phones,Phones Product,1442.41,13,0.0,511.46
ORD-00959,03/03/2015,03/07/2015,First Class,AA-10520,Consumer,United States,Chicago,TX,11340,Central,PRD-00059,Technology,Copiers,Copiers Product,1516.94,5,0.2,305.09
ORD-00960,08/22/2015,08/26/2015,Standard Class,AA-10508,Home Office,United States,Houston,CA,96895,South,PRD-00060,Furniture,Tables,Tables Product,2146.86,16,0.0,377.68
ORD-00961,10/16/2011,10/22/2011,First Class,AA-10373,Home Office,United States,Houston,IL,80288,East,PRD-00061,Technology,Copiers,Copiers Product,681.36,16,0.2,-2.43
ORD-00962,03/12/2014,03/17/2014,Same Day,AA-10606,Consumer,United States,Los Angeles,AZ,14678,Central,PRD-00062,Furniture,Chairs,Chairs Product,814.02,4,0.05,301.29
ORD-00963,05/15/2016,05/21/2016,Standard Class,AA-10370,Consumer,United States,Houston,AZ,58614,Central,PRD-00063,Technology,Copiers,Copiers Product,836.43,2,0.05,-125.33
ORD-00964,08/07/2012,08/09/2012,First Class,AA-10541,Corporate,United States,Los Angeles,IL,70559,South,PRD-00064,Technology,Copiers,Copiers Product,2556.44,7,0.0,361.18
ORD-00965,08/20/2011,08/22/2011,First Class,AA-10515,Home Office,United States,Houston,NY,67741,West,PRD-00065,Groceries,Beverages,Beverages Product,2577.41,10,0.05,-230.99
ORD-00966,10/03/2013,10/09/2013,Standard Class,AA-10585,Corporate,United States,Phoenix,AZ,12288,South,PRD-00066,Furniture,Tables,Tables Product,1390.45,5,0.1,-230.78
ORD-00967,08/10/2014,08/15/2014,Standard Class,AA-10504,Corporate,United States,Phoenix,NY,39428,West,PRD-00067,Technology,Copiers,Copiers Product,1381.26,4,0.0,39.68
ORD-00968,04/27/2017,05/02/2017,Same Day,AA-10594,Corporate,United States,Los Angeles,TX,90295,East,PRD-00068,Technology,Phones,Phones Product,7507.73,16,0.15,-229.13
ORD-00969,11/14/2014,11/17/2014,Second Class,AA-10547,Corporate,United States,Chicago,CA,58244,West,PRD-00069,Groceries,Beverages,Beverages Product,4092.94,15,0.1,-268.89
ORD-00970,11/04/2015,11/08/2015,Second Class,AA-10468,Home Office,United States,Chicago,CA,63188,Central,PRD-00070,Office Supplies,Appliances,Appliances Product,3166.23,15,0.2,984.73
ORD-00971,09/08/2015,09/12/2015,Second Class,AA-10550,Home Office,United States,Phoenix,CA,42244,South,PRD-00071,Groceries,Dairy,Dairy Product,3082.6,13,0.1,-13.54
ORD-00972,02/21/2013,02/24/2013,Second Class,AA-10606,Corporate,United States,Los Angeles,TX,24240,Central,PRD-00072,Office Supplies,Paper,Paper Product,4179.31,15,0.15,104.02
ORD-00973,05/15/2014,05/20/2014,Same Day,AA-10526,Consumer,United States,Houston,NY,37060,Central,PRD-00073,Technology,Copiers,Copiers Product,1228.25,7,0.05,240.48
ORD-00974,05/13/2017,05/16/2017,Same Day,AA-10403,Consumer,United States,Los Angeles,TX,51446,West,PRD-00074,Furniture,Tables,Tables Product,3793.19,13,0.05,-415.7
ORD-00975,02/02/2012,02/03/2012,First Class,AA-10348,Corporate,United States,Los Angeles,CA,37919,East,PRD-00075,Technology,Phones,Phones Product,460.88,1,0.0,-0.5
ORD-00976,09/28/2011,09/29/2011,Second Class,AA-10500,Consumer,United States,Los Angeles,TX,25524,Central,PRD-00076,Furniture,Furnishings,Furnishings Product,2814.79,16,0.05,-73.62
ORD-00977,10/10/2012,10/11/2012,Standard Class,AA-10602,Consumer,United States,Houston,TX,59724,Central,PRD-00077,Groceries,Canned Goods,Canned Goods Product,3906.41,8,0.05,1349.71
ORD-00978,11/29/2012,12/03/2012,First Class,AA-10325,Corporate,United States,New York,IL,19029,South,PRD-00078,Furniture,Furnishings,Furnishings Product,5514.48,19,0.15,1855.03
ORD-00979,07/06/2012,07/09/2012,First Class,AA-10468,Home Office,United States,New York,IL,89011,Central,PRD-00079,Groceries,Beverages,Beverages Product,1986.08,4,0.05,748.64
ORD-00980,03/07/2011,03/08/2011,Same Day,AA-10528,Corporate,United States,Los Angeles,NY,95118,South,PRD-00080,Office Supplies,Paper,Paper Product,936.82,9,0.1,364.63
ORD-00981,06/09/2014,06/12/2014,Standard Class,AA-10449,Consumer,United States,Phoenix,NY,85189,West,PRD-00081,Groceries,Dairy,Dairy Product,328.06,11,0.15,64.18
ORD-00982,05/24/2014,05/27/2014,First Class,AA-10509,Home Office,United States,Houston,TX,54843,South,PRD-00082,Office Supplies,Binders,Binders Product,2604.09,13,0.1,567.99
ORD-00983,11/19/2014,11/20/2014,First Class,AA-10448,Home Office,United States,New York,NY,26846,West,PRD-00083,Office Supplies,Binders,Binders Product,1406.7,10,0.15,494.12
ORD-00984,09/22/2013,09/29/2013,Standard Class,AA-10353,Consumer,United States,New York,IL,90931,West,PRD-00084,Office Supplies,Paper,Paper Product,256.39,3,0.05,68.54
ORD-00985,10/01/2012,10/03/2012,Standard Class,AA-10613,Consumer,United States,New York,NY,10503,Central,PRD-00085,Groceries,Canned Goods,Canned Goods Product,1240.63,4,0.0,276.03
ORD-00986,08/12/2013,08/19/2013,Second Class,AA-10422,Home Office,United States,Houston,AZ,34387,Central,PRD-00086,Technology,Phones,Phones Product,2170.98,13,0.2,-183.27
ORD-00987,03/25/2014,03/28/2014,Second Class,AA-10346,Home Office,United States,Phoenix,CA,26254,West,PRD-00087,Groceries,Beverages,Beverages Product,222.59,17,0.05,85.59
ORD-00988,02/09/2013,02/13/2013,First Class,AA-10410,Consumer,United States,Houston,IL,55188,South,PRD-00088,Furniture,Tables,Tables Product,1220.32,6,0.2,-26.81
ORD-00989,12/13/2016,12/19/2016,Standard Class,AA-10318,Home Office,United States,Houston,NY,98347,Central,PRD-00089,Furniture,Bookcases,Bookcases Product,250.08,6,0.0,24.1
ORD-00990,02/19/2011,02/25/2011,First Class,AA-10360,Corporate,United States,Chicago,TX,58554,Central,PRD-00090,Furniture,Bookcases,Bookcases Product,6846.32,20,0.0,968.9
ORD-00991,05/14/2014,05/18/2014,Same Day,AA-10565,Corporate,United States,Chicago,TX,70768,Central,PRD-00091,Furniture,Tables,Tables Product,2381.94,8,0.0,510.97
ORD-00992,01/27/2016,01/31/2016,Second Class,AA-10393,Corporate,United States,Chicago,NY,66935,South,PRD-00092,Office Supplies,Binders,Binders Product,6654.49,14,0.05,1816.4
ORD-00993,09/10/2012,09/12/2012,Standard Class,AA-10409,Corporate,United States,Houston,CA,49783,East,PRD-00093,Office Supplies,Appliances,Appliances Product,201.73,1,0.05,-7.56
ORD-00994,07/21/2013,07/27/2013,Standard Class,AA-10412,Corporate,United States,New York,NY,52373,Central,PRD-00094,Groceries,Dairy,Dairy Product,3124.84,14,0.05,288.75
ORD-00995,10/25/2017,10/26/2017,First Class,AA-10463,Home Office,United States,Los Angeles,IL,92635,East,PRD-00095,Office Supplies,Pens,Pens Product,8028.01,17,0.05,399.85
ORD-00996,12/08/2017,12/15/2017,Second Class,AA-10534,Corporate,United States,Phoenix,TX,18273,West,PRD-00096,Technology,Copiers,Copiers Product,2518.2,17,0.1,715.86
ORD-00997,01/06/2016,01/09/2016,Same Day,AA-10504,Corporate,United States,Phoenix,IL,85657,East,PRD-00097,Groceries,Beverages,Beverages Product,3309.9,7,0.05,1145.51
ORD-00998,03/07/2013,03/11/2013,Standard Class,AA-10380,Corporate,United States,Phoenix,NY,60350,South,PRD-00098,Furniture,Tables,Tables Product,5863.39,19,0.05,546.19
ORD-00999,12/29/2017,01/02/2018,Second Class,AA-10479,Corporate,United States,Los Angeles,IL,17736,Central,PRD-00099,Technology,Accessories,Accessories Product,4579.11,15,0.1,-731.95
ORD-01000,10/07/2013,10/14/2013,First Class,AA-10429,Corporate,United States,Houston,IL,89268,South,PRD-00000,Technology,Machines,Machines Product,4970.04,12,0.15,681.53
ORD-01001,02/09/2013,02/16/2013,Same Day,AA-10376,Corporate,United States,New York,IL,44208,South,PRD-00001,Furniture,Chairs,Chairs Product,1865.61,7,0.2,-56.95
ORD-01002,08/13/2012,08/15/2012,Same Day,AA-10466,Home Office,United States,Houston,AZ,30575,Central,PRD-00002,Technology,Phones,Phones Product,679.95,14,0.15,180.51
ORD-01003,07/10/2014,07/12/2014,Second Class,AA-10370,Corporate,United States,New York,NY,16871,East,PRD-00003,Furniture,Furnishings,Furnishings Product,962.21,9,0.2,69.28
ORD-01004,03/13/2017,03/19/2017,Same Day,AA-10559,Home Office,United States,Chicago,TX,33330,East,PRD-00004,Furniture,Tables,Tables Product,4593.43,11,0.15,597.5
ORD-01005,11/16/2017,11/17/2017,Second Class,AA-10332,Corporate,United States,New York,NY,28338,South,PRD-00005,Furniture,Bookcases,Bookcases Product,7232.93,19,0.0,2386.55
ORD-01006,02/23/2012,02/27/2012,First Class,AA-10582,Consumer,United States,Houston,TX,81448,West,PRD-00006,Office Supplies,Pens,Pens Product,1139.35,3,0.1,3.3
ORD-01007,11/19/2016,11/20/2016,First Class,AA-10528,Consumer,United States,Los Angeles,NY,94509,West,PRD-00007,Groceries,Beverages,Beverages Product,7437.5,18,0.05,513.92
ORD-01008,08/03/2011,08/10/2011,Second Class,AA-10430,Home Office,United States,Chicago,IL,60793,Central,PRD-00008,Groceries,Snacks,Snacks Product,234.62,2,0.05,86.8
ORD-01009,03/20/2011,03/21/2011,Second Class,AA-10576,Home Office,United States,New York,CA,40081,Central,PRD-00009,Furniture,Furnishings,Furnishings Product,338.12,1,0.15,43.96
ORD-01010,01/30/2011,02/01/2011,Standard Class,AA-10493,Home Office,United States,Phoenix,IL,44818,East,PRD-00010,Technology,Machines,Machines Product,7655.16,17,0.05,293.26
ORD-01011,09/23/2016,09/26/2016,Same Day,AA-10513,Consumer,United States,Chicago,TX,13777,Central,PRD-00011,Office Supplies,Pens,Pens Product,2711.53,20,0.05,-10.21
ORD-01012,10/07/2017,10/13/2017,Second Class,AA-10577,Consumer,United States,Phoenix,IL,98369,South,PRD-00012,Groceries,Beverages,Beverages Product,391.32,6,0.15,110.66
ORD-01013,08/26/2017,09/02/2017,First Class,AA-10470,Consumer,United States,Phoenix,NY,50619,West,PRD-00013,Furniture,Furnishings,Furnishings Product,654.87,2,0.05,91.75
ORD-01014,06/05/2013,06/09/2013,Same Day,AA-10407,Home Office,United States,Los Angeles,TX,72937,East,PRD-00014,Furniture,Tables,Tables Product,7582.87,16,0.15,1759.09
ORD-01015,10/14/2013,10/15/2013,First Class,AA-10354,Corporate,United States,Houston,AZ,30904,West,PRD-00015,Technology,Phones,Phones Product,313.45,1,0.0,115.37
ORD-01016,08/08/2011,08/12/2011,Standard Class,AA-10503,Corporate,United States,New York,NY,49590,South,PRD-00016,Office Supplies,Pens,Pens Product,5229.07,14,0.1,-807.06
ORD-01017,12/12/2013,12/13/2013,Standard Class,AA-10548,Home Office,United States,Los Angeles,TX,85992,East,PRD-00017,Office Supplies,Appliances,Appliances Product,441.34,1,0.15,-42.04
ORD-01018,01/11/2014,01/12/2014,Standard Class,AA-10326,Corporate,United States,Houston,TX,64057,South,PRD-00018,Groceries,Snacks,Snacks Product,577.92,5,0.15,119.52
ORD-01019,02/24/2011,02/27/2011,Standard Class,AA-10610,Home Office,United States,Chicago,CA,40778,Central,PRD-00019,Technology,Phones,Phones Product,3220.67,9,0.15,-252.44
ORD-01020,01/08/2011,01/09/2011,First Class,AA-10337,Corporate,United States,Houston,AZ,31482,East,PRD-00020,Groceries,Dairy,Dairy Product,2885.03,8,0.0,-81.04
ORD-01021,03/01/2015,03/05/2015,First Class,AA-10597,Corporate,United States,Los Angeles,TX,98566,Central,PRD-00021,Office Supplies,Paper,Paper Product,2513.17,12,0.2,103.21
ORD-01022,01/15/2015,01/19/2015,Second Class,AA-10536,Consumer,United States,Chicago,AZ,91928,South,PRD-00022,Technology,Machines,Machines Product,865.37,5,0.1,162.07
ORD-01023,09/18/2017,09/22/2017,Standard Class,AA-10489,Home Office,United States,Phoenix,NY,78100,West,PRD-00023,Office Supplies,Pens,Pens Product,2898.67,7,0.15,-437.57
ORD-01024,06/15/2017,06/18/2017,First Class,AA-10317,Home Office,United States,Houston,AZ,96100,Central,PRD-00024,Furniture,Tables,Tables Product,2761.32,8,0.1,258.21
ORD-01025,06/16/2013,06/22/2013,Second Class,AA-10610,Home Office,United States,New York,AZ,24129,Central,PRD-00025,Furniture,Furnishings,Furnishings Product,482.6,4,0.15,-51.43
ORD-01026,08/14/2012,08/15/2012,Second Class,AA-10351,Consumer,United States,New York,NY,48769,West,PRD-00026,Furniture,Tables,Tables Product,2059.2,13,0.05,257.77
ORD-01027,04/28/2013,05/01/2013,Same Day,AA-10410,Consumer,United States,Phoenix,IL,54979,Central,PRD-00027,Technology,Phones,Phones Product,2085.96,9,0.0,110.87
ORD-01028,03/16/2015,03/21/2015,Standard Class,AA-10421,Home Office,United States,Houston,NY,75535,East,PRD-00028,Furniture,Furnishings,Furnishings Product,5978.97,20,0.15,1082.98
ORD-01029,12/10/2014,12/15/2014,First Class,AA-10330,Home Office,United States,Houston,NY,59803,West,PRD-00029,Furniture,Furnishings,Furnishings Product,4926.09,13,0.0,264.14
ORD-01030,06/19/2016,06/25/2016,Standard Class,AA-10359,Corporate,United States,Houston,IL,41637,Central,PRD-00030,Groceries,Canned Goods,Canned Goods Product,991.87,18,0.05,232.66
ORD-01031,05/21/2011,05/23/2011,Standard Class,AA-10480,Home Office,United States,Houston,NY,75807,South,PRD-00031,Furniture,Furnishings,Furnishings Product,2175.05,7,0.0,-421.58
ORD-01032,03/12/2016,03/16/2016,First Class,AA-10455,Consumer,United States,New York,IL,88790,East,PRD-00032,Groceries,Snacks,Snacks Product,2672.77,9,0.2,253.0
ORD-01033,10/14/2015,10/21/2015,Second Class,AA-10371,Corporate,United States,New York,IL,33943,South,PRD-00033,Office Supplies,Appliances,Appliances Product,1723.76,7,0.05,-338.86
ORD-01034,10/24/2014,10/26/2014,Second Class,AA-10613,Home Office,United States,Phoenix,AZ,13103,Central,PRD-00034,Groceries,Beverages,Beverages Product,6091.88,15,0.0,-847.24
ORD-01035,07/25/2016,07/26/2016,Same Day,AA-10502,Corporate,United States,New York,IL,67185,Central,PRD-00035,Groceries,Snacks,Snacks Product,7647.75,17,0.1,1383.47
ORD-01036,10/02/2011,10/04/2011,Standard Class,AA-10348,Consumer,United States,Los Angeles,NY,84766,South,PRD-00036,Technology,Machines,Machines Product,2910.8,12,0.2,1023.33
ORD-01037,03/15/2013,03/16/2013,Standard Class,AA-10543,Consumer,United States,Los Angeles,CA,49366,South,PRD-00037,Furniture,Bookcases,Bookcases Product,683.86,16,0.05,102.08
ORD-01038,05/20/2015,05/23/2015,Standard Class,AA-10320,Corporate,United States,Los Angeles,IL,41939,Central,PRD-00038,Furniture,Chairs,Chairs Product,6734.77,17,0.0,772.73
ORD-01039,05/24/2013,05/30/2013,Standard Class,AA-10411,Consumer,United States,Los Angeles,AZ,29058,West,PRD-00039,Groceries,Dairy,Dairy Product,1838.72,16,0.05,60.15
ORD-01040,05/10/2016,05/13/2016,Second Class,AA-10577,Corporate,United States,Houston,NY,66606,West,PRD-00040,Technology,Copiers,Copiers Product,2537.61,8,0.15,771.08
ORD-01041,08/05/2014,08/07/2014,Second Class,AA-10517,Corporate,United States,Phoenix,AZ,63284,South,PRD-00041,Technology,Copiers,Copiers Product,2417.76,12,0.2,729.74
ORD-01042,09/15/2013,09/20/2013,Standard Class,AA-10581,Home Office,United States,Los Angeles,NY,58433,East,PRD-00042,Furniture,Furnishings,Furnishings Product,666.13,3,0.0,33.57
ORD-01043,05/30/2015,06/02/2015,Same Day,AA-10458,Home Office,United States,Houston,TX,87274,South,PRD-00043,Groceries,Canned Goods,Canned Goods Product,4197.99,10,0.2,-15.73
ORD-01044,04/06/2016,04/09/2016,First Class,AA-10487,Corporate,United States,Chicago,AZ,77307,South,PRD-00044,Technology,Accessories,Accessories Product,2981.46,11,0.2,533.14
ORD-01045,07/06/2014,07/11/2014,Same Day,AA-10480,Corporate,United States,Chicago,AZ,65554,South,PRD-00045,Office Supplies,Pens,Pens Product,5837.36,12,0.05,1724.6
ORD-01046,11/16/2017,11/23/2017,Same Day,AA-10386,Home Office,United States,Phoenix,CA,25363,East,PRD-00046,Furniture,Tables,Tables Product,4310.21,12,0.2,-31.53
ORD-01047,10/08/2013,10/11/2013,Same Day,AA-10420,Home Office,United States,Chicago,CA,43387,West,PRD-00047,Furniture,Tables,Tables Product,3099.99,16,0.15,280.88
ORD-01048,10/31/2013,11/04/2013,First Class,AA-10378,Home Office,United States,Phoenix,TX,36108,East,PRD-00048,Groceries,Dairy,Dairy Product,42.61,1,0.1,15.2
ORD-01049,07/28/2011,07/30/2011,Standard Class,AA-10533,Corporate,United States,New York,NY,19211,East,PRD-00049,Groceries,Snacks,Snacks Product,3587.43,16,0.1,-460.39
ORD-01050,03/16/2012,03/22/2012,Standard Class,AA-10595,Consumer,United States,New York,IL,91836,East,PRD-00050,Furniture,Tables,Tables Product,1854.47,4,0.15,-142.91
ORD-01051,03/10/2014,03/15/2014,First Class,AA-10535,Consumer,United States,Los Angeles,NY,82575,East,PRD-00051,Office Supplies,Pens,Pens Product,2503.78,8,0.2,628.54
ORD-01052,06/19/2013,06/25/2013,First Class,AA-10402,Corporate,United States,New York,NY,42269,Central,PRD-00052,Groceries,Beverages,Beverages Product,5615.74,18,0.05,-815.93
ORD-01053,06/24/2013,06/26/2013,First Class,AA-10438,Corporate,United States,Phoenix,AZ,60685,Central,PRD-00053,Groceries,Beverages,Beverages Product,2757.82,6,0.1,-373.87
ORD-01054,05/24/2013,05/28/2013,Same Day,AA-10433,Consumer,United States,Phoenix,IL,36886,Central,PRD-00054,Technology,Phones,Phones Product,5027.24,14,0.15,-551.83
ORD-01055,11/24/2015,11/28/2015,Second Class,AA-10583,Corporate,United States,Los Angeles,NY,88768,Central,PRD-00055,Furniture,Bookcases,Bookcases Product,254.53,1,0.2,8.33
ORD-01056,11/20/2012,11/23/2012,Second Class,AA-10521,Corporate,United States,Phoenix,TX,13181,South,PRD-00056,Office Supplies,Pens,Pens Product,2014.1,11,0.1,-102.2
ORD-01057,09/22/2011,09/26/2011,Same Day,AA-10546,Corporate,United States,New York,TX,43413,East,PRD-00057,Technology,Accessories,Accessories Product,3403.66,19,0.15,-638.88
ORD-01058,07/25/2013,07/31/2013,Second Class,AA-10452,Consumer,United States,Houston,IL,16288,South,PRD-00058,Furniture,Bookcases,Bookcases Product,1399.49,16,0.05,436.9
ORD-01059,01/04/2012,01/07/2012,Second Class,AA-10396,Corporate,United States,Chicago,CA,40027,Central,PRD-00059,Technology,Phones,Phones Product,439.52,9,0.1,31.58
ORD-01060,06/30/2014,07/07/2014,Second Class,AA-10400,Corporate,United States,Phoenix,TX,65478,South,PRD-00060,Technology,Copiers,Copiers Product,942.79,3,0.2,181.74
ORD-01061,08/25/2013,08/27/2013,Standard Class,AA-10323,Corporate,United States,Phoenix,IL,33451,South,PRD-00061,Office Supplies,Appliances,Appliances Product,1166.07,3,0.1,338.6
ORD-01062,12/25/2016,12/26/2016,Standard Class,AA-10410,Corporate,United States,Los Angeles,CA,16336,Central,PRD-00062,Office Supplies,Appliances,Appliances Product,4720.65,11,0.1,509.58
ORD-01063,09/30/2012,10/02/2012,Standard Class,AA-10382,Home Office,United States,Los Angeles,CA,93903,West,PRD-00063,Office Supplies,Paper,Paper Product,7481.2,19,0.15,-392.96
ORD-01064,10/02/2011,10/06/2011,Same Day,AA-10508,Home Office,United States,Houston,AZ,56391,Central,PRD-00064,Office Supplies,Appliances,Appliances Product,2357.79,10,0.15,486.92
ORD-01065,10/26/2013,10/28/2013,Standard Class,AA-10583,Home Office,United States,Chicago,IL,25143,Central,PRD-00065,Groceries,Beverages,Beverages Product,7316.53,17,0.05,2069.87
ORD-01066,04/17/2015,04/19/2015,Same Day,AA-10507,Home Office,United States,Los Angeles,TX,87388,South,PRD-00066,Furniture,Bookcases,Bookcases Product,164.13,1,0.05,41.06
ORD-01067,05/21/2014,05/25/2014,Same Day,AA-10517,Home Office,United States,Houston,IL,36829,Central,PRD-00067,Office Supplies,Pens,Pens Product,451.25,1,0.15,-21.77
ORD-01068,06/18/2012,06/19/2012,First Class,AA-10527,Corporate,United States,Houston,TX,20239,East,PRD-00068,Technology,Copiers,Copiers Product,2247.75,5,0.0,-51.13
ORD-01069,12/24/2014,12/29/2014,Second Class,AA-10577,Consumer,United States,New York,CA,83608,East,PRD-00069,Groceries,Snacks,Snacks Product,691.2,16,0.1,-58.0
ORD-01070,09/03/2011,09/07/2011,First Class,AA-10327,Home Office,United States,Chicago,IL,58230,West,PRD-00070,Office Supplies,Paper,Paper Product,229.7,1,0.1,64.11
ORD-01071,10/18/2016,10/25/2016,Standard Class,AA-10614,Consumer,United States,Houston,IL,96588,Central,PRD-00071,Technology,Accessories,Accessories Product,3557.92,16,0.2,-634.4
ORD-01072,12/30/2013,12/31/2013,Standard Class,AA-10388,Corporate,United States,New York,CA,35492,Central,PRD-00072,Office Supplies,Pens,Pens Product,936.81,3,0.1,34.32
ORD-01073,05/20/2017,05/22/2017,Standard Class,AA-10414,Consumer,United States,Los Angeles,NY,44800,Central,PRD-00073,Groceries,Beverages,Beverages Product,3892.8,14,0.1,1534.76
ORD-01074,09/28/2011,10/01/2011,First Class,AA-10427,Corporate,United States,Chicago,AZ,83212,East,PRD-00074,Groceries,Beverages,Beverages Product,1055.62,16,0.15,302.98
ORD-01075,08/30/2014,08/31/2014,Same Day,AA-10584,Corporate,United States,Chicago,IL,76694,East,PRD-00075,Office Supplies,Paper,Paper Product,7827.3,20,0.05,-503.14
ORD-01076,08/05/2016,08/12/2016,Second Class,AA-10522,Consumer,United States,Houston,CA,22923,East,PRD-00076,Technology,Machines,Machines Product,559.65,9,0.05,74.44
ORD-01077,08/18/2015,08/24/2015,Standard Class,AA-10519,Corporate,United States,New York,TX,63205,Central,PRD-00077,Groceries,Canned Goods,Canned Goods Product,497.53,10,0.05,86.49
ORD-01078,09/22/2012,09/26/2012,Same Day,AA-10527,Corporate,United States,Phoenix,CA,63125,Central,PRD-00078,Groceries,Snacks,Snacks Product,5163.63,11,0.0,-78.46
ORD-01079,08/21/2013,08/28/2013,Standard Class,AA-10461,Consumer,United States,New York,NY,11112,South,PRD-00079,Office Supplies,Pens,Pens Product,968.04,11,0.1,151.08
ORD-01080,01/22/2017,01/23/2017,Second Class,AA-10534,Corporate,United States,Chicago,IL,97301,West,PRD-00080,Groceries,Snacks,Snacks Product,2480.0,5,0.0,205.16
ORD-01081,06/15/2011,06/16/2011,Standard Class,AA-10399,Consumer,United States,Los Angeles,TX,74272,West,PRD-00081,Furniture,Bookcases,Bookcases Product,116.33,4,0.2,-17.52
ORD-01082,12/30/2013,01/01/2014,Standard Class,AA-10464,Corporate,United States,Phoenix,CA,47184,West,PRD-00082,Technology,Machines,Machines Product,209.11,5,0.2,65.12
ORD-01083,05/31/2015,06/06/2015,Same Day,AA-10488,Corporate,United States,Los Angeles,IL,97327,East,PRD-00083,Office Supplies,Binders,Binders Product,2786.83,15,0.2,-45.04
ORD-01084,05/12/2013,05/13/2013,Second Class,AA-10438,Consumer,United States,Houston,CA,29572,West,PRD-00084,Groceries,Beverages,Beverages Product,140.15,5,0.0,21.39
ORD-01085,03/03/2014,03/09/2014,First Class,AA-10485,Home Office,United States,Los Angeles,TX,96007,West,PRD-00085,Furniture,Tables,Tables Product,3573.03,16,0.0,1278.87
ORD-01086,01/31/2015,02/07/2015,First Class,AA-10395,Corporate,United States,Los Angeles,TX,70752,Central,PRD-00086,Groceries,Beverages,Beverages Product,508.41,12,0.0,154.9
ORD-01087,08/18/2014,08/20/2014,Standard Class,AA-10545,Consumer,United States,Chicago,TX,22218,Central,PRD-00087,Office Supplies,Paper,Paper Product,4656.66,14,0.2,1494.23
ORD-01088,10/02/2014,10/04/2014,Second Class,AA-10390,Corporate,United States,New York,NY,92776,East,PRD-00088,Technology,Copiers,Copiers Product,2090.11,8,0.15,782.2
ORD-01089,11/05/2014,11/07/2014,First Class,AA-10505,Home Office,United States,Phoenix,IL,79582,Central,PRD-00089,Furniture,Chairs,Chairs Product,986.28,4,0.2,-77.89
ORD-01090,12/05/2016,12/10/2016,Same Day,AA-10415,Consumer,United States,Chicago,IL,12348,Central,PRD-00090,Groceries,Snacks,Snacks Product,7236.45,15,0.2,928.25
ORD-01091,08/10/2017,08/13/2017,Second Class,AA-10347,Corporate,United States,Chicago,IL,95466,West,PRD-00091,Groceries,Dairy,Dairy Product,6868.67,15,0.2,983.17
ORD-01092,07/28/2013,08/04/2013,Same Day,AA-10611,Consumer,United States,Houston,NY,66362,West,PRD-00092,Furniture,Furnishings,Furnishings Product,108.9,9,0.05,-19.13
ORD-01093,11/08/2011,11/14/2011,Standard Class,AA-10455,Corporate,United States,Phoenix,CA,80004,East,PRD-00093,Groceries,Snacks,Snacks Product,7404.99,17,0.1,1935.22
ORD-01094,04/19/2012,04/23/2012,Standard Class,AA-10435,Corporate,United States,Los Angeles,TX,12711,West,PRD-00094,Groceries,Canned Goods,Canned Goods Product,1662.49,6,0.05,-318.32
ORD-01095,06/15/2012,06/17/2012,First Class,AA-10447,Consumer,United States,Chicago,IL,81082,West,PRD-00095,Office Supplies,Paper,Paper Product,1922.69,9,0.15,-149.09
ORD-01096,11/09/2011,11/10/2011,Same Day,AA-10394,Corporate,United States,New York,AZ,80070,Central,PRD-00096,Technology,Phones,Phones Product,338.65,8,0.1,128.38
ORD-01097,09/23/2016,09/27/2016,Second Class,AA-10377,Home Office,United States,Chicago,NY,91309,West,PRD-00097,Groceries,Canned Goods,Canned Goods Product,553.7,3,0.0,6.61
ORD-01098,09/17/2011,09/24/2011,First Class,AA-10398,Consumer,United States,Chicago,TX,66675,West,PRD-00098,Office Supplies,Paper,Paper Product,1594.93,6,0.2,-133.17
ORD-01099,09/29/2016,10/05/2016,Standard Class,AA-10521,Home Office,United States,Los Angeles,TX,83067,Central,PRD-00099,Office Supplies,Pens,Pens Product,2200.29,7,0.15,581.05
ORD-01100,05/06/2015,05/09/2015,Standard Class,AA-10479,Home Office,United States,Chicago,IL,64464,West,PRD-00000,Furniture,Tables,Tables Product,55.65,2,0.05,-11.01
ORD-01101,07/14/2014,07/19/2014,Second Class,AA-10552,Corporate,United States,Houston,AZ,82299,East,PRD-00001,Technology,Copiers,Copiers Product,1205.51,4,0.2,313.04
ORD-01102,05/05/2012,05/12/2012,Standard Class,AA-10331,Consumer,United States,Chicago,CA,43853,Central,PRD-00002,Furniture,Tables,Tables Product,2731.7,10,0.15,-65.37
ORD-01103,09/18/2012,09/21/2012,First Class,AA-10458,Corporate,United States,New York,NY,47375,East,PRD-00003,Furniture,Furnishings,Furnishings Product,1463.44,3,0.1,-226.74
ORD-01104,01/26/2013,01/29/2013,Standard Class,AA-10362,Consumer,United States,Phoenix,CA,86313,West,PRD-00004,Office Supplies,Appliances,Appliances Product,786.64,12,0.1,205.16
ORD-01105,08/06/2013,08/11/2013,First Class,AA-10340,Home Office,United States,Chicago,NY,62907,West,PRD-00005,Furniture,Bookcases,Bookcases Product,6837.69,18,0.0,1962.05
ORD-01106,07/01/2014,07/06/2014,Standard Class,AA-10530,Consumer,United States,Houston,NY,71502,East,PRD-00006,Technology,Machines,Machines Product,3358.23,9,0.05,-533.12
ORD-01107,07/21/2015,07/23/2015,Standard Class,AA-10592,Corporate,United States,Los Angeles,CA,94998,West,PRD-00007,Technology,Machines,Machines Product,1797.11,6,0.2,605.65
ORD-01108,03/10/2011,03/14/2011,Standard Class,AA-10555,Home Office,United States,Phoenix,IL,85588,South,PRD-00008,Office Supplies,Pens,Pens Product,2229.31,6,0.2,-126.73
ORD-01109,07/10/2016,07/15/2016,First Class,AA-10595,Corporate,United States,Los Angeles,TX,87433,Central,PRD-00009,Office Supplies,Appliances,Appliances Product,1587.51,14,0.15,-134.17
ORD-01110,06/26/2017,06/29/2017,Same Day,AA-10462,Consumer,United States,New York,TX,87429,South,PRD-00010,Furniture,Tables,Tables Product,8590.17,20,0.0,1925.42
ORD-01111,11/02/2013,11/04/2013,Standard Class,AA-10380,Home Office,United States,New York,TX,27427,South,PRD-00011,Office Supplies,Appliances,Appliances Product,599.2,8,0.0,-36.84
ORD-01112,02/06/2014,02/09/2014,Second Class,AA-10372,Corporate,United States,Los Angeles,CA,94929,West,PRD-00012,Technology,Copiers,Copiers Product,1666.74,4,0.0,80.03
ORD-01113,02/19/2015,02/26/2015,Second Class,AA-10481,Consumer,United States,Houston,IL,34641,South,PRD-00013,Groceries,Dairy,Dairy Product,5837.02,17,0.15,1154.98
ORD-01114,06/29/2016,06/30/2016,Standard Class,AA-10565,Home Office,United States,Houston,AZ,47889,South,PRD-00014,Furniture,Furnishings,Furnishings Product,267.07,2,0.15,20.87
ORD-01115,08/21/2015,08/25/2015,Standard Class,AA-10371,Home Office,United States,Houston,IL,49740,South,PRD-00015,Furniture,Tables,Tables Product,1468.71,10,0.15,383.97
ORD-01116,01/15/2016,01/17/2016,Standard Class,AA-10417,Consumer,United States,Houston,TX,38688,South,PRD-00016,Furniture,Furnishings,Furnishings Product,1847.6,13,0.15,-125.01
ORD-01117,03/25/2012,03/31/2012,Same Day,AA-10452,Consumer,United States,New York,AZ,24040,South,PRD-00017,Furniture,Bookcases,Bookcases Product,572.75,4,0.2,160.19
ORD-01118,03/04/2014,03/05/2014,First Class,AA-10444,Home Office,United States,Phoenix,TX,84442,East,PRD-00018,Office Supplies,Pens,Pens Product,7823.22,16,0.0,-864.8
ORD-01119,01/06/2011,01/13/2011,First Class,AA-10561,Home Office,United States,Los Angeles,TX,97796,East,PRD-00019,Office Supplies,Pens,Pens Product,1475.93,4,0.15,-72.76
ORD-01120,01/29/2012,02/05/2012,Second Class,AA-10509,Home Office,United States,Chicago,TX,39829,Central,PRD-00020,Groceries,Beverages,Beverages Product,1352.88,8,0.1,19.11
ORD-01121,04/22/2017,04/23/2017,Second Class,AA-10323,Corporate,United States,Houston,AZ,19516,West,PRD-00021,Technology,Phones,Phones Product,8531.06,19,0.05,396.19
ORD-01122,02/24/2017,02/25/2017,Same Day,AA-10540,Consumer,United States,Chicago,AZ,68961,South,PRD-00022,Office Supplies,Pens,Pens Product,819.35,7,0.0,-145.87
ORD-01123,01/18/2012,01/24/2012,Second Class,AA-10489,Consumer,United States,Houston,IL,80919,South,PRD-00023,Office Supplies,Appliances,Appliances Product,1213.96,3,0.2,148.27
ORD-01124,01/27/2011,02/01/2011,First Class,AA-10565,Consumer,United States,Houston,IL,56779,Central,PRD-00024,Office Supplies,Binders,Binders Product,649.5,11,0.2,97.25
ORD-01125,03/28/2017,04/04/2017,Second Class,AA-10399,Consumer,United States,New York,CA,35671,South,PRD-00025,Technology,Phones,Phones Product,388.87,19,0.1,-32.85
ORD-01126,03/20/2013,03/21/2013,Standard Class,AA-10382,Home Office,United States,Los Angeles,IL,92199,East,PRD-00026,Furniture,Furnishings,Furnishings Product,668.43,2,0.05,114.43
ORD-01127,11/04/2015,11/09/2015,Second Class,AA-10393,Home Office,United States,Houston,NY,21118,South,PRD-00027,Technology,Copiers,Copiers Product,3124.2,16,0.05,77.23
ORD-01128,05/17/2013,05/22/2013,First Class,AA-10352,Corporate,United States,Los Angeles,AZ,79841,South,PRD-00028,Office Supplies,Binders,Binders Product,891.85,4,0.05,-35.96
ORD-01129,01/14/2016,01/20/2016,Standard Class,AA-10532,Consumer,United States,Houston,IL,59220,Central,PRD-00029,Office Supplies,Binders,Binders Product,1482.37,9,0.2,-106.01
ORD-01130,01/08/2012,01/09/2012,Same Day,AA-10612,Corporate,United States,Phoenix,CA,16924,South,PRD-00030,Technology,Copiers,Copiers Product,245.14,2,0.2,90.64
ORD-01131,01/16/2017,01/17/2017,Second Class,AA-10433,Home Office,United States,Phoenix,NY,54448,West,PRD-00031,Office Supplies,Pens,Pens Product,518.25,2,0.2,65.4
ORD-01132,11/29/2013,12/01/2013,Second Class,AA-10448,Consumer,United States,New York,AZ,29375,Central,PRD-00032,Furniture,Tables,Tables Product,189.41,6,0.15,58.75
ORD-01133,10/20/2011,10/23/2011,Standard Class,AA-10531,Consumer,United States,New York,NY,97147,West,PRD-00033,Technology,Machines,Machines Product,1360.06,15,0.1,538.11
ORD-01134,05/05/2011,05/12/2011,Standard Class,AA-10357,Corporate,United States,Phoenix,IL,17503,West,PRD-00034,Furniture,Tables,Tables Product,944.7,19,0.05,83.58
ORD-01135,09/05/2012,09/12/2012,First Class,AA-10495,Corporate,United States,Los Angeles,NY,81535,South,PRD-00035,Furniture,Furnishings,Furnishings Product,1597.59,4,0.2,299.33
ORD-01136,09/25/2017,10/02/2017,First Class,AA-10610,Home Office,United States,Phoenix,NY,51171,Central,PRD-00036,Groceries,Canned Goods,Canned Goods Product,4254.22,16,0.0,-466.49
ORD-01137,04/04/2016,04/07/2016,Second Class,AA-10335,Corporate,United States,Chicago,IL,21624,East,PRD-00037,Groceries,Dairy,Dairy Product,31.63,1,0.0,-6.27
ORD-01138,10/14/2016,10/21/2016,First Class,AA-10455,Home Office,United States,Los Angeles,IL,58439,West,PRD-00038,Office Supplies,Binders,Binders Product,3716.32,13,0.05,177.58
ORD-01139,02/08/2015,02/09/2015,Same Day,AA-10473,Consumer,United States,Los Angeles,TX,88918,Central,PRD-00039,Office Supplies,Binders,Binders Product,561.49,2,0.0,98.27
ORD-01140,12/06/2017,12/07/2017,Same Day,AA-10496,Corporate,United States,Phoenix,NY,82848,West,PRD-00040,Technology,Copiers,Copiers Product,208.06,5,0.1,58.51
ORD-01141,12/07/2013,12/11/2013,Second Class,AA-10447,Home Office,United States,New York,TX,45101,South,PRD-00041,Office Supplies,Binders,Binders Product,7062.76,16,0.05,772.65
ORD-01142,09/26/2012,10/02/2012,First Class,AA-10348,Corporate,United States,Chicago,CA,12714,South,PRD-00042,Office Supplies,Binders,Binders Product,6843.45,20,0.05,773.54
ORD-01143,09/16/2015,09/23/2015,Standard Class,AA-10381,Corporate,United States,Chicago,TX,30535,East,PRD-00043,Furniture,Furnishings,Furnishings Product,427.04,7,0.1,-64.35
ORD-01144,03/11/2015,03/17/2015,Second Class,AA-10463,Corporate,United States,Los Angeles,NY,97643,West,PRD-00044,Technology,Copiers,Copiers Product,5153.76,13,0.1,20.4
ORD-01145,04/08/2016,04/15/2016,Standard Class,AA-10508,Consumer,United States,New York,IL,41646,South,PRD-00045,Furniture,Furnishings,Furnishings Product,3896.2,9,0.2,566.61
ORD-01146,02/02/2014,02/05/2014,Standard Class,AA-10484,Corporate,United States,New York,IL,41302,South,PRD-00046,Office Supplies,Binders,Binders Product,8351.18,20,0.0,1705.37
ORD-01147,06/04/2013,06/05/2013,Same Day,AA-10421,Home Office,United States,Los Angeles,CA,23392,West,PRD-00047,Furniture,Tables,Tables Product,2316.78,17,0.1,764.74
ORD-01148,01/23/2012,01/24/2012,Second Class,AA-10547,Corporate,United States,Los Angeles,CA,63083,East,PRD-00048,Groceries,Snacks,Snacks Product,606.27,18,0.05,-33.55
ORD-01149,07/13/2013,07/17/2013,First Class,AA-10335,Corporate,United States,New York,TX,75625,Central,PRD-00049,Groceries,Snacks,Snacks Product,1435.63,3,0.2,368.69
ORD-01150,03/13/2017,03/14/2017,Standard Class,AA-10583,Corporate,United States,Houston,NY,82055,South,PRD-00050,Technology,Phones,Phones Product,673.59,6,0.0,268.33
ORD-01151,09/12/2017,09/15/2017,Standard Class,AA-10583,Home Office,United States,Houston,NY,91403,South,PRD-00051,Technology,Copiers,Copiers Product,2256.64,13,0.15,-94.03
ORD-01152,05/24/2015,05/25/2015,First Class,AA-10503,Consumer,United States,Phoenix,IL,39601,South,PRD-00052,Furniture,Tables,Tables Product,94.73,2,0.2,-14.91
ORD-01153,06/15/2015,06/22/2015,Second Class,AA-10586,Consumer,United States,Phoenix,AZ,76303,South,PRD-00053,Groceries,Canned Goods,Canned Goods Product,297.41,1,0.15,-24.74
ORD-01154,10/29/2011,10/30/2011,First Class,AA-10437,Consumer,United States,Phoenix,AZ,63378,West,PRD-00054,Groceries,Canned Goods,Canned Goods Product,1930.17,11,0.0,-279.23
ORD-01155,02/11/2015,02/18/2015,Standard Class,AA-10325,Home Office,United States,New York,NY,26880,Central,PRD-00055,Furniture,Tables,Tables Product,7495.04,16,0.15,458.87
ORD-01156,03/15/2011,03/20/2011,Standard Class,AA-10336,Consumer,United States,Houston,CA,99772,Central,PRD-00056,Office Supplies,Appliances,Appliances Product,7541.53,17,0.1,259.08
ORD-01157,10/25/2011,10/28/2011,Standard Class,AA-10479,Corporate,United States,Phoenix,AZ,34039,Central,PRD-00057,Office Supplies,Appliances,Appliances Product,2316.73,6,0.1,784.2
ORD-01158,06/01/2017,06/06/2017,First Class,AA-10370,Corporate,United States,New York,NY,41732,East,PRD-00058,Groceries,Dairy,Dairy Product,5374.54,14,0.05,928.22
ORD-01159,03/21/2017,03/26/2017,Second Class,AA-10317,Corporate,United States,New York,CA,40637,East,PRD-00059,Groceries,Beverages,Beverages Product,1718.59,11,0.15,546.0
ORD-01160,11/22/2017,11/23/2017,First Class,AA-10378,Home Office,United States,Phoenix,NY,47925,East,PRD-00060,Technology,Phones,Phones Product,2775.02,12,0.0,453.46
ORD-01161,06/09/2017,06/14/2017,Same Day,AA-10408,Home Office,United States,Phoenix,TX,96084,East,PRD-00061,Technology,Accessories,Accessories Product,2660.59,9,0.05,110.98
ORD-01162,03/13/2017,03/19/2017,Second Class,AA-10548,Consumer,United States,Chicago,AZ,23493,East,PRD-00062,Technology,Machines,Machines Product,1361.4,5,0.1,200.9
ORD-01163,03/29/2011,04/05/2011,Second Class,AA-10571,Corporate,United States,Los Angeles,TX,62980,West,PRD-00063,Furniture,Tables,Tables Product,2678.19,6,0.0,-238.43
ORD-01164,07/29/2015,07/30/2015,Same Day,AA-10326,Consumer,United States,Los Angeles,IL,83617,South,PRD-00064,Groceries,Beverages,Beverages Product,4208.33,13,0.15,1086.91
ORD-01165,10/30/2016,11/04/2016,Standard Class,AA-10427,Corporate,United States,New York,IL,63408,West,PRD-00065,Furniture,Bookcases,Bookcases Product,3602.21,8,0.2,-421.05
ORD-01166,08/06/2012,08/13/2012,First Class,AA-10604,Home Office,United States,Los Angeles,TX,96627,East,PRD-00066,Groceries,Canned Goods,Canned Goods Product,279.13,1,0.05,12.21
ORD-01167,01/18/2012,01/20/2012,Standard Class,AA-10596,Home Office,United States,Houston,TX,22878,South,PRD-00067,Groceries,Dairy,Dairy Product,2512.72,12,0.0,889.7
ORD-01168,02/18/2013,02/22/2013,Second Class,AA-10585,Consumer,United States,Phoenix,IL,76719,East,PRD-00068,Furniture,Bookcases,Bookcases Product,533.78,4,0.05,142.16
ORD-01169,06/16/2011,06/20/2011,Same Day,AA-10330,Consumer,United States,New York,NY,60749,South,PRD-00069,Office Supplies,Binders,Binders Product,83.83,8,0.2,5.08
ORD-01170,11/04/2011,11/05/2011,First Class,AA-10356,Consumer,United States,Chicago,AZ,19589,East,PRD-00070,Office Supplies,Paper,Paper Product,33.48,1,0.0,0.84
ORD-01171,08/11/2011,08/17/2011,Same Day,AA-10547,Home Office,United States,Los Angeles,NY,58281,South,PRD-00071,Groceries,Beverages,Beverages Product,1801.84,17,0.2,666.06
ORD-01172,02/20/2014,02/21/2014,Same Day,AA-10453,Consumer,United States,Houston,TX,98000,South,PRD-00072,Technology,Accessories,Accessories Product,3403.81,15,0.1,117.24
ORD-01173,09/08/2017,09/15/2017,Same Day,AA-10385,Corporate,United States,New York,CA,84110,West,PRD-00073,Furniture,Chairs,Chairs Product,7224.24,18,0.15,1697.65
ORD-01174,12/15/2013,12/17/2013,Standard Class,AA-10326,Consumer,United States,Chicago,IL,32445,South,PRD-00074,Groceries,Canned Goods,Canned Goods Product,1456.34,3,0.05,-114.18
ORD-01175,11/13/2014,11/20/2014,Second Class,AA-10520,Home Office,United States,New York,NY,89026,South,PRD-00075,Technology,Accessories,Accessories Product,8357.61,18,0.15,-1618.16
ORD-01176,01/02/2011,01/05/2011,Second Class,AA-10509,Corporate,United States,Houston,AZ,85161,East,PRD-00076,Technology,Copiers,Copiers Product,1772.49,14,0.2,687.24
ORD-01177,03/21/2015,03/24/2015,Standard Class,AA-10377,Home Office,United States,Los Angeles,AZ,52339,West,PRD-00077,Office Supplies,Pens,Pens Product,696.37,15,0.2,-15.29
ORD-01178,07/30/2012,08/01/2012,Same Day,AA-10517,Consumer,United States,Chicago,NY,62213,Central,PRD-00078,Furniture,Chairs,Chairs Product,885.07,4,0.1,351.34
ORD-01179,12/28/2016,12/29/2016,Standard Class,AA-10370,Consumer,United States,New York,TX,87200,South,PRD-00079,Office Supplies,Binders,Binders Product,5391.45,16,0.05,1882.17
ORD-01180,02/24/2012,02/28/2012,Same Day,AA-10414,Consumer,United States,Houston,CA,80694,South,PRD-00080,Furniture,Furnishings,Furnishings Product,1743.21,6,0.1,419.64
ORD-01181,04/15/2012,04/19/2012,Standard Class,AA-10578,Corporate,United States,Phoenix,AZ,93447,Central,PRD-00081,Office Supplies,Paper,Paper Product,340.02,14,0.05,48.78
ORD-01182,07/08/2015,07/12/2015,Second Class,AA-10375,Consumer,United States,Chicago,NY,59298,South,PRD-00082,Groceries,Dairy,Dairy Product,414.61,2,0.15,-24.23
ORD-01183,12/12/2011,12/16/2011,First Class,AA-10402,Consumer,United States,Chicago,AZ,68626,West,PRD-00083,Office Supplies,Pens,Pens Product,2048.0,12,0.05,-303.69
ORD-01184,12/21/2013,12/26/2013,Second Class,AA-10522,Corporate,United States,Phoenix,TX,69863,West,PRD-00084,Office Supplies,Appliances,Appliances Product,5595.34,17,0.05,-874.82
ORD-01185,04/02/2017,04/07/2017,Standard Class,AA-10588,Consumer,United States,Los Angeles,NY,53369,West,PRD-00085,Furniture,Tables,Tables Product,4416.78,14,0.2,-118.01
ORD-01186,10/14/2017,10/19/2017,First Class,AA-10432,Home Office,United States,Phoenix,AZ,82553,West,PRD-00086,Groceries,Canned Goods,Canned Goods Product,8242.32,17,0.05,-174.06
ORD-01187,12/11/2011,12/15/2011,Standard Class,AA-10460,Corporate,United States,Los Angeles,CA,81299,Central,PRD-00087,Furniture,Furnishings,Furnishings Product,4656.46,18,0.0,1011.23
ORD-01188,01/08/2016,01/13/2016,Same Day,AA-10514,Corporate,United States,Houston,NY,90481,West,PRD-00088,Groceries,Beverages,Beverages Product,6963.53,18,0.05,-1283.16
ORD-01189,03/04/2016,03/08/2016,Same Day,AA-10568,Home Office,United States,Los Angeles,CA,51958,South,PRD-00089,Groceries,Dairy,Dairy Product,1502.27,18,0.2,217.46
ORD-01190,07/16/2016,07/22/2016,First Class,AA-10334,Consumer,United States,Chicago,TX,59930,East,PRD-00090,Furniture,Chairs,Chairs Product,4229.41,13,0.05,89.7
ORD-01191,02/14/2016,02/20/2016,First Class,AA-10606,Corporate,United States,Chicago,IL,33927,Central,PRD-00091,Technology,Phones,Phones Product,369.12,4,0.2,-34.87
ORD-01192,03/01/2016,03/07/2016,Second Class,AA-10516,Home Office,United States,Los Angeles,AZ,85504,East,PRD-00092,Office Supplies,Pens,Pens Product,4979.63,12,0.2,-117.03
ORD-01193,05/23/2015,05/29/2015,First Class,AA-10428,Consumer,United States,Phoenix,IL,73347,South,PRD-00093,Office Supplies,Appliances,Appliances Product,2292.42,11,0.1,-348.99
ORD-01194,11/07/2014,11/09/2014,First Class,AA-10514,Home Office,United States,Phoenix,IL,23398,South,PRD-00094,Office Supplies,Pens,Pens Product,6156.43,13,0.05,1976.22
ORD-01195,08/28/2016,09/01/2016,First Class,AA-10369,Consumer,United States,Phoenix,IL,73932,East,PRD-00095,Groceries,Canned Goods,Canned Goods Product,270.88,12,0.15,30.17
ORD-01196,12/07/2013,12/12/2013,Standard Class,AA-10429,Consumer,United States,Houston,AZ,73471,South,PRD-00096,Technology,Copiers,Copiers Product,3177.83,10,0.0,1038.04
ORD-01197,07/12/2011,07/14/2011,Same Day,AA-10416,Corporate,United States,New York,IL,48489,Central,PRD-00097,Furniture,Tables,Tables Product,3589.12,9,0.0,1088.0
ORD-01198,03/16/2012,03/18/2012,Same Day,AA-10482,Corporate,United States,Phoenix,NY,41214,Central,PRD-00098,Furniture,Tables,Tables Product,464.53,4,0.05,9.14
ORD-01199,01/07/2016,01/13/2016,Standard Class,AA-10477,Corporate,United States,New York,NY,56381,South,PRD-00099,Technology,Phones,Phones Product,2804.39,20,0.05,612.13
ORD-01200,02/14/2016,02/15/2016,First Class,AA-10511,Corporate,United States,Los Angeles,CA,77404,East,PRD-00000,Technology,Accessories,Accessories Product,710.46,18,0.05,180.92
ORD-01201,07/06/2015,07/09/2015,Same Day,AA-10398,Corporate,United States,Phoenix,TX,46639,East,PRD-00001,Office Supplies,Paper,Paper Product,7316.24,18,0.15,363.25
ORD-01202,11/17/2012,11/20/2012,Same Day,AA-10385,Corporate,United States,Chicago,AZ,47753,South,PRD-00002,Groceries,Canned Goods,Canned Goods Product,2979.59,17,0.1,371.88
ORD-01203,08/18/2016,08/19/2016,Second Class,AA-10380,Consumer,United States,New York,NY,30439,East,PRD-00003,Furniture,Chairs,Chairs Product,1224.25,3,0.15,478.97
ORD-01204,03/06/2015,03/13/2015,First Class,AA-10432,Consumer,United States,Los Angeles,NY,52464,East,PRD-00004,Office Supplies,Appliances,Appliances Product,594.02,8,0.0,166.08
ORD-01205,05/22/2016,05/25/2016,Same Day,AA-10332,Corporate,United States,Phoenix,AZ,74307,South,PRD-00005,Office Supplies,Binders,Binders Product,6690.53,18,0.0,-198.4
ORD-01206,08/08/2016,08/10/2016,Standard Class,AA-10428,Consumer,United States,Chicago,AZ,31981,East,PRD-00006,Groceries,Dairy,Dairy Product,5437.3,15,0.1,1010.73
ORD-01207,03/25/2014,03/27/2014,Standard Class,AA-10422,Consumer,United States,Los Angeles,AZ,28771,West,PRD-00007,Technology,Copiers,Copiers Product,2140.24,6,0.0,518.43
ORD-01208,06/02/2014,06/05/2014,Same Day,AA-10362,Consumer,United States,Los Angeles,AZ,70710,East,PRD-00008,Technology,Accessories,Accessories Product,443.89,1,0.2,-23.59
ORD-01209,04/10/2011,04/12/2011,Second Class,AA-10587,Corporate,United States,Houston,TX,52054,East,PRD-00009,Office Supplies,Binders,Binders Product,3434.0,13,0.0,683.69
ORD-01210,01/27/2015,01/30/2015,Second Class,AA-10602,Home Office,United States,New York,AZ,97789,Central,PRD-00010,Furniture,Furnishings,Furnishings Product,978.33,5,0.2,357.37
ORD-01211,04/16/2015,04/17/2015,Same Day,AA-10598,Consumer,United States,New York,TX,38189,South,PRD-00011,Office Supplies,Appliances,Appliances Product,468.22,13,0.05,108.15
ORD-01212,12/20/2015,12/25/2015,Second Class,AA-10426,Home Office,United States,Houston,CA,23213,Central,PRD-00012,Office Supplies,Appliances,Appliances Product,1089.84,11,0.05,159.11
ORD-01213,09/01/2014,09/03/2014,First Class,AA-10614,Home Office,United States,Chicago,CA,85707,South,PRD-00013,Technology,Machines,Machines Product,2248.29,8,0.05,-130.69
ORD-01214,08/04/2014,08/08/2014,Second Class,AA-10599,Consumer,United States,Houston,IL,42392,West,PRD-00014,Furniture,Bookcases,Bookcases Product,977.99,14,0.15,236.94
ORD-01215,05/27/2017,06/02/2017,Standard Class,AA-10485,Consumer,United States,Houston,AZ,86318,Central,PRD-00015,Furniture,Bookcases,Bookcases Product,7738.21,19,0.15,1290.17
ORD-01216,01/12/2011,01/17/2011,Same Day,AA-10410,Home Office,United States,Houston,NY,38080,Central,PRD-00016,Office Supplies,Binders,Binders Product,268.27,3,0.1,-13.98
ORD-01217,08/31/2014,09/03/2014,Same Day,AA-10385,Home Office,United States,New York,AZ,34699,South,PRD-00017,Office Supplies,Pens,Pens Product,118.79,5,0.0,-14.16
ORD-01218,06/04/2011,06/09/2011,Same Day,AA-10337,Corporate,United States,Los Angeles,IL,97470,East,PRD-00018,Furniture,Furnishings,Furnishings Product,8146.16,20,0.15,905.64
ORD-01219,01/26/2013,01/28/2013,Same Day,AA-10436,Home Office,United States,New York,AZ,85215,East,PRD-00019,Groceries,Snacks,Snacks Product,217.96,2,0.1,84.3
ORD-01220,03/24/2012,03/31/2012,Standard Class,AA-10550,Consumer,United States,Los Angeles,AZ,31951,East,PRD-00020,Technology,Machines,Machines Product,2865.04,6,0.2,971.6
ORD-01221,04/09/2011,04/14/2011,Second Class,AA-10362,Consumer,United States,Phoenix,TX,71616,West,PRD-00021,Furniture,Tables,Tables Product,2333.12,16,0.2,-196.66
ORD-01222,05/11/2013,05/12/2013,Second Class,AA-10570,Consumer,United States,New York,TX,63754,Central,PRD-00022,Technology,Phones,Phones Product,1024.66,5,0.05,244.95
ORD-01223,07/25/2012,07/27/2012,Standard Class,AA-10342,Consumer,United States,Phoenix,NY,68522,South,PRD-00023,Technology,Phones,Phones Product,260.91,4,0.15,-35.82
ORD-01224,11/05/2014,11/10/2014,Second Class,AA-10585,Corporate,United States,Houston,IL,37315,West,PRD-00024,Groceries,Beverages,Beverages Product,3244.41,7,0.05,-576.81
ORD-01225,01/02/2013,01/03/2013,First Class,AA-10548,Consumer,United States,Phoenix,TX,91965,South,PRD-00025,Furniture,Chairs,Chairs Product,1922.68,5,0.1,-181.34
ORD-01226,10/12/2014,10/19/2014,Second Class,AA-10319,Home Office,United States,Chicago,IL,59872,West,PRD-00026,Furniture,Tables,Tables Product,1510.99,5,0.15,-185.42
ORD-01227,01/06/2011,01/08/2011,Same Day,AA-10424,Consumer,United States,Los Angeles,IL,35002,Central,PRD-00027,Furniture,Tables,Tables Product,4812.96,19,0.0,1279.37
ORD-01228,01/10/2015,01/11/2015,First Class,AA-10596,Consumer,United States,Los Angeles,NY,28460,Central,PRD-00028,Furniture,Bookcases,Bookcases Product,2085.24,13,0.05,-151.79
ORD-01229,08/09/2011,08/12/2011,Standard Class,AA-10531,Consumer,United States,Phoenix,AZ,18063,Central,PRD-00029,Technology,Machines,Machines Product,1787.15,20,0.05,240.4
ORD-01230,12/16/2011,12/21/2011,Standard Class,AA-10535,Corporate,United States,Chicago,IL,30787,West,PRD-00030,Groceries,Snacks,Snacks Product,1705.46,14,0.05,538.94
ORD-01231,06/27/2013,07/01/2013,Same Day,AA-10461,Home Office,United States,Houston,IL,65468,East,PRD-00031,Technology,Copiers,Copiers Product,142.2,2,0.2,2.55
ORD-01232,12/26/2017,12/30/2017,Second Class,AA-10348,Consumer,United States,Chicago,TX,23949,South,PRD-00032,Furniture,Furnishings,Furnishings Product,6493.51,19,0.1,150.53
ORD-01233,10/25/2013,11/01/2013,Standard Class,AA-10551,Consumer,United States,Los Angeles,NY,64076,South,PRD-00033,Groceries,Snacks,Snacks Product,126.48,4,0.0,33.07
ORD-01234,02/16/2012,02/21/2012,Standard Class,AA-10545,Home Office,United States,New York,IL,68688,West,PRD-00034,Groceries,Canned Goods,Canned Goods Product,748.81,3,0.15,82.19
ORD-01235,08/29/2012,09/02/2012,Same Day,AA-10330,Consumer,United States,Los Angeles,NY,70548,South,PRD-00035,Technology,Machines,Machines Product,474.19,2,0.05,49.8
ORD-01236,09/22/2014,09/24/2014,Same Day,AA-10355,Consumer,United States,New York,CA,13249,West,PRD-00036,Technology,Machines,Machines Product,5823.42,12,0.1,554.51
ORD-01237,05/03/2017,05/09/2017,Same Day,AA-10537,Home Office,United States,Chicago,TX,13890,South,PRD-00037,Office Supplies,Paper,Paper Product,7759.95,18,0.1,528.39
ORD-01238,05/08/2012,05/10/2012,Same Day,AA-10602,Corporate,United States,Houston,TX,67253,South,PRD-00038,Technology,Machines,Machines Product,3499.17,7,0.05,574.49
ORD-01239,11/20/2011,11/21/2011,First Class,AA-10495,Corporate,United States,Houston,TX,23129,East,PRD-00039,Technology,Copiers,Copiers Product,1763.72,5,0.15,-332.66
ORD-01240,09/15/2014,09/16/2014,First Class,AA-10327,Consumer,United States,New York,IL,86751,South,PRD-00040,Technology,Phones,Phones Product,457.99,2,0.15,91.56
ORD-01241,02/05/2017,02/11/2017,Standard Class,AA-10597,Corporate,United States,Los Angeles,NY,43491,West,PRD-00041,Technology,Machines,Machines Product,218.18,19,0.05,43.77
ORD-01242,08/12/2017,08/18/2017,Standard Class,AA-10467,Consumer,United States,Houston,AZ,67542,West,PRD-00042,Groceries,Dairy,Dairy Product,5386.04,20,0.15,987.42
ORD-01243,08/26/2015,08/30/2015,First Class,AA-10510,Consumer,United States,Houston,TX,84844,East,PRD-00043,Furniture,Chairs,Chairs Product,6369.4,14,0.0,-706.6
ORD-01244,10/13/2013,10/18/2013,First Class,AA-10434,Home Office,United States,Phoenix,NY,90025,Central,PRD-00044,Office Supplies,Paper,Paper Product,1395.49,14,0.2,281.66
ORD-01245,03/02/2011,03/06/2011,Standard Class,AA-10349,Home Office,United States,Houston,AZ,32482,West,PRD-00045,Furniture,Tables,Tables Product,5958.11,14,0.05,-1097.58
ORD-01246,12/31/2011,01/05/2012,Standard Class,AA-10525,Consumer,United States,Chicago,AZ,84915,Central,PRD-00046,Technology,Copiers,Copiers Product,319.1,1,0.1,-45.62
ORD-01247,08/23/2012,08/28/2012,First Class,AA-10372,Home Office,United States,Phoenix,NY,19254,Central,PRD-00047,Technology,Accessories,Accessories Product,368.17,1,0.2,37.62
ORD-01248,12/01/2013,12/07/2013,Second Class,AA-10470,Home Office,United States,Houston,AZ,58994,Central,PRD-00048,Office Supplies,Pens,Pens Product,924.53,4,0.1,104.63
ORD-01249,02/17/2011,02/20/2011,Same Day,AA-10591,Home Office,United States,New York,CA,34761,Central,PRD-00049,Office Supplies,Appliances,Appliances Product,137.16,1,0.0,7.03
ORD-01250,04/26/2017,05/01/2017,Same Day,AA-10358,Home Office,United States,Phoenix,IL,31672,Central,PRD-00050,Furniture,Furnishings,Furnishings Product,1153.98,3,0.0,416.0
ORD-01251,04/11/2017,04/12/2017,First Class,AA-10573,Consumer,United States,Phoenix,IL,40059,West,PRD-00051,Office Supplies,Binders,Binders Product,3815.66,13,0.15,758.36
ORD-01252,11/25/2013,12/01/2013,Second Class,AA-10360,Consumer,United States,Houston,IL,98367,South,PRD-00052,Groceries,Snacks,Snacks Product,2631.64,12,0.15,894.11
ORD-01253,09/27/2014,10/03/2014,Standard Class,AA-10508,Home Office,United States,Houston,IL,89930,Central,PRD-00053,Furniture,Chairs,Chairs Product,4420.6,15,0.15,-402.12
ORD-01254,04/21/2015,04/24/2015,Second Class,AA-10594,Consumer,United States,Houston,NY,30047,East,PRD-00054,Office Supplies,Paper,Paper Product,4407.22,20,0.1,316.6
ORD-01255,02/23/2012,02/27/2012,First Class,AA-10512,Home Office,United States,Phoenix,CA,10044,South,PRD-00055,Office Supplies,Pens,Pens Product,3530.38,12,0.05,1042.56
ORD-01256,12/25/2013,12/28/2013,Same Day,AA-10588,Corporate,United States,Los Angeles,AZ,68349,West,PRD-00056,Groceries,Beverages,Beverages Product,602.66,20,0.15,-70.83
ORD-01257,10/07/2015,10/14/2015,Second Class,AA-10326,Corporate,United States,Phoenix,CA,36813,Central,PRD-00057,Technology,Phones,Phones Product,461.88,10,0.0,70.16
ORD-01258,03/18/2012,03/20/2012,Standard Class,AA-10434,Corporate,United States,Chicago,AZ,76983,West,PRD-00058,Office Supplies,Binders,Binders Product,6275.88,14,0.1,-552.6
ORD-01259,06/29/2015,07/03/2015,Second Class,AA-10485,Corporate,United States,New York,AZ,22761,Central,PRD-00059,Technology,Copiers,Copiers Product,5449.8,12,0.1,1364.01
ORD-01260,07/26/2014,08/02/2014,Standard Class,AA-10331,Corporate,United States,Houston,NY,77605,South,PRD-00060,Office Supplies,Paper,Paper Product,214.6,9,0.2,10.69
ORD-01261,11/25/2013,11/28/2013,Standard Class,AA-10590,Corporate,United States,Chicago,TX,77760,West,PRD-00061,Technology,Phones,Phones Product,3071.19,13,0.2,-346.2
ORD-01262,07/16/2013,07/22/2013,Second Class,AA-10482,Home Office,United States,Phoenix,TX,91073,Central,PRD-00062,Office Supplies,Binders,Binders Product,6163.57,13,0.2,328.59
ORD-01263,06/30/2014,07/03/2014,Standard Class,AA-10574,Consumer,United States,New York,AZ,27664,South,PRD-00063,Groceries,Canned Goods,Canned Goods Product,511.17,3,0.2,-22.12
ORD-01264,08/28/2011,08/29/2011,Same Day,AA-10559,Consumer,United States,Houston,NY,39762,Central,PRD-00064,Furniture,Tables,Tables Product,5793.91,13,0.0,62.32
ORD-01265,04/28/2013,05/03/2013,First Class,AA-10530,Corporate,United States,Chicago,AZ,17315,Central,PRD-00065,Furniture,Tables,Tables Product,6834.43,14,0.05,-956.79
ORD-01266,06/11/2016,06/13/2016,First Class,AA-10318,Home Office,United States,Phoenix,IL,33452,West,PRD-00066,Technology,Phones,Phones Product,6629.43,20,0.2,-128.08
ORD-01267,04/16/2014,04/17/2014,First Class,AA-10507,Corporate,United States,Chicago,CA,11881,East,PRD-00067,Groceries,Canned Goods,Canned Goods Product,5590.1,18,0.15,550.64
ORD-01268,07/13/2014,07/20/2014,First Class,AA-10531,Corporate,United States,Los Angeles,CA,76377,West,PRD-00068,Furniture,Furnishings,Furnishings Product,2648.39,15,0.0,377.99
ORD-01269,10/08/2015,10/15/2015,Second Class,AA-10381,Corporate,United States,Chicago,IL,17103,West,PRD-00069,Office Supplies,Paper,Paper Product,3613.28,9,0.15,975.47
ORD-01270,06/13/2015,06/15/2015,Standard Class,AA-10486,Consumer,United States,Los Angeles,IL,33729,Central,PRD-00070,Furniture,Tables,Tables Product,28.97,2,0.15,-3.01
ORD-01271,10/20/2015,10/24/2015,Standard Class,AA-10559,Consumer,United States,New York,CA,46822,West,PRD-00071,Groceries,Canned Goods,Canned Goods Product,985.72,13,0.1,165.57
ORD-01272,01/14/2012,01/18/2012,Same Day,AA-10505,Corporate,United States,Houston,AZ,26757,South,PRD-00072,Furniture,Furnishings,Furnishings Product,26.0,2,0.2,-4.97
ORD-01273,11/21/2011,11/27/2011,Same Day,AA-10403,Corporate,United States,Los Angeles,TX,19979,South,PRD-00073,Furniture,Furnishings,Furnishings Product,466.18,1,0.1,31.55
ORD-01274,03/30/2012,04/03/2012,First Class,AA-10399,Home Office,United States,Phoenix,TX,79768,West,PRD-00074,Technology,Copiers,Copiers Product,2262.73,17,0.15,11.97
ORD-01275,03/04/2016,03/06/2016,Standard Class,AA-10598,Home Office,United States,Phoenix,CA,75989,East,PRD-00075,Furniture,Tables,Tables Product,5902.4,12,0.2,-561.34
ORD-01276,11/03/2013,11/09/2013,First Class,AA-10500,Corporate,United States,Houston,IL,29089,South,PRD-00076,Furniture,Chairs,Chairs Product,682.3,2,0.15,-32.29
ORD-01277,11/11/2011,11/16/2011,Same Day,AA-10372,Home Office,United States,Phoenix,NY,69080,Central,PRD-00077,Office Supplies,Pens,Pens Product,2339.9,5,0.15,-67.2
ORD-01278,06/19/2015,06/26/2015,Same Day,AA-10420,Home Office,United States,Los Angeles,NY,72224,East,PRD-00078,Office Supplies,Paper,Paper Product,1498.5,6,0.0,-127.41
ORD-01279,02/21/2011,02/24/2011,First Class,AA-10592,Home Office,United States,Los Angeles,NY,60674,South,PRD-00079,Technology,Phones,Phones Product,7883.57,20,0.05,2333.7
ORD-01280,08/24/2014,08/27/2014,Standard Class,AA-10594,Consumer,United States,New York,AZ,19060,Central,PRD-00080,Office Supplies,Paper,Paper Product,8959.18,20,0.1,2765.36
ORD-01281,12/10/2015,12/13/2015,First Class,AA-10557,Corporate,United States,Chicago,TX,17010,South,PRD-00081,Furniture,Chairs,Chairs Product,2509.03,14,0.05,-82.01
ORD-01282,12/31/2016,01/05/2017,Standard Class,AA-10500,Consumer,United States,Chicago,CA,94364,West,PRD-00082,Technology,Accessories,Accessories Product,6271.5,20,0.15,1396.95
ORD-01283,08/25/2012,08/29/2012,Second Class,AA-10589,Home Office,United States,Phoenix,NY,50117,East,PRD-00083,Groceries,Canned Goods,Canned Goods Product,6665.71,18,0.2,938.13
ORD-01284,05/25/2016,05/28/2016,Same Day,AA-10611,Consumer,United States,New York,NY,88409,Central,PRD-00084,Office Supplies,Binders,Binders Product,577.51,4,0.15,120.48
ORD-01285,10/31/2013,11/02/2013,Second Class,AA-10404,Consumer,United States,Phoenix,NY,29785,West,PRD-00085,Furniture,Tables,Tables Product,2922.53,7,0.05,454.27
ORD-01286,03/01/2017,03/03/2017,Standard Class,AA-10570,Home Office,United States,Phoenix,AZ,37799,South,PRD-00086,Technology,Accessories,Accessories Product,2834.48,6,0.2,-209.6
ORD-01287,08/19/2012,08/20/2012,Standard Class,AA-10377,Home Office,United States,Phoenix,TX,70464,Central,PRD-00087,Technology,Phones,Phones Product,100.71,1,0.05,33.57
ORD-01288,04/04/2015,04/09/2015,Same Day,AA-10373,Home Office,United States,Houston,NY,11468,West,PRD-00088,Technology,Phones,Phones Product,7177.82,17,0.2,1456.26
ORD-01289,04/25/2014,04/28/2014,First Class,AA-10411,Home Office,United States,Los Angeles,NY,87284,West,PRD-00089,Furniture,Furnishings,Furnishings Product,454.48,3,0.05,153.91
ORD-01290,05/30/2016,06/04/2016,First Class,AA-10456,Home Office,United States,New York,NY,10478,South,PRD-00090,Groceries,Beverages,Beverages Product,1149.98,7,0.15,367.78
ORD-01291,03/11/2011,03/17/2011,Same Day,AA-10549,Corporate,United States,New York,IL,12561,West,PRD-00091,Groceries,Beverages,Beverages Product,191.33,1,0.1,70.04
ORD-01292,11/21/2015,11/25/2015,First Class,AA-10536,Corporate,United States,New York,NY,39464,East,PRD-00092,Groceries,Dairy,Dairy Product,495.84,9,0.0,170.07
ORD-01293,01/07/2011,01/12/2011,Same Day,AA-10543,Consumer,United States,Phoenix,AZ,11971,East,PRD-00093,Furniture,Chairs,Chairs Product,4041.93,13,0.2,-156.35
ORD-01294,04/19/2017,04/24/2017,Same Day,AA-10414,Consumer,United States,Houston,AZ,70176,West,PRD-00094,Groceries,Dairy,Dairy Product,1964.3,18,0.2,-226.88
ORD-01295,12/02/2016,12/03/2016,First Class,AA-10434,Consumer,United States,Chicago,AZ,66197,South,PRD-00095,Groceries,Snacks,Snacks Product,4308.45,16,0.15,1158.77
ORD-01296,01/26/2015,01/27/2015,Standard Class,AA-10547,Consumer,United States,Houston,IL,69579,South,PRD-00096,Technology,Accessories,Accessories Product,278.89,13,0.2,-16.16
ORD-01297,04/07/2015,04/09/2015,Standard Class,AA-10322,Corporate,United States,Chicago,IL,76911,East,PRD-00097,Furniture,Chairs,Chairs Product,7719.16,18,0.2,163.08
ORD-01298,04/27/2012,05/01/2012,Second Class,AA-10550,Consumer,United States,New York,AZ,98208,South,PRD-00098,Groceries,Dairy,Dairy Product,3559.73,10,0.05,330.94
ORD-01299,02/22/2014,02/26/2014,First Class,AA-10362,Home Office,United States,Phoenix,NY,68887,West,PRD-00099,Groceries,Beverages,Beverages Product,1966.62,14,0.05,-227.05
ORD-01300,12/18/2013,12/21/2013,Same Day,AA-10502,Consumer,United States,Chicago,TX,76295,South,PRD-00000,Furniture,Tables,Tables Product,1653.68,4,0.1,344.97
ORD-01301,01/12/2011,01/13/2011,Standard Class,AA-10610,Consumer,United States,Houston,CA,54849,Central,PRD-00001,Office Supplies,Pens,Pens Product,3042.04,12,0.0,688.06
ORD-01302,01/31/2014,02/04/2014,Second Class,AA-10342,Home Office,United States,Los Angeles,AZ,90088,East,PRD-00002,Groceries,Beverages,Beverages Product,2907.57,7,0.1,897.19
ORD-01303,02/20/2014,02/26/2014,First Class,AA-10317,Home Office,United States,Houston,CA,21808,South,PRD-00003,Technology,Phones,Phones Product,4238.14,16,0.2,-382.87
ORD-01304,09/16/2015,09/21/2015,Standard Class,AA-10352,Consumer,United States,New York,AZ,58732,West,PRD-00004,Groceries,Canned Goods,Canned Goods Product,245.92,1,0.0,66.84
ORD-01305,11/05/2017,11/06/2017,First Class,AA-10406,Consumer,United States,Houston,NY,84647,South,PRD-00005,Groceries,Snacks,Snacks Product,493.03,3,0.15,-74.68
ORD-01306,03/28/2013,03/29/2013,Standard Class,AA-10337,Corporate,United States,Chicago,NY,76083,East,PRD-00006,Technology,Accessories,Accessories Product,1220.2,3,0.2,-14.22
ORD-01307,04/20/2017,04/25/2017,Second Class,AA-10482,Corporate,United States,Chicago,CA,88011,East,PRD-00007,Furniture,Tables,Tables Product,2003.75,5,0.2,162.29
ORD-01308,02/16/2014,02/20/2014,Second Class,AA-10556,Corporate,United States,Phoenix,NY,37946,West,PRD-00008,Technology,Accessories,Accessories Product,1440.22,3,0.2,511.88
ORD-01309,05/26/2011,05/30/2011,Second Class,AA-10447,Home Office,United States,Los Angeles,NY,71377,East,PRD-00009,Furniture,Chairs,Chairs Product,911.9,5,0.2,180.91
ORD-01310,05/23/2013,05/25/2013,Same Day,AA-10499,Home Office,United States,New York,TX,45783,Central,PRD-00010,Groceries,Canned Goods,Canned Goods Product,6533.63,17,0.05,15.92
ORD-01311,06/09/2011,06/14/2011,Second Class,AA-10534,Home Office,United States,Chicago,CA,51670,South,PRD-00011,Groceries,Beverages,Beverages Product,5291.45,19,0.1,1770.51
ORD-01312,04/17/2015,04/24/2015,Same Day,AA-10467,Corporate,United States,New York,TX,57199,Central,PRD-00012,Groceries,Beverages,Beverages Product,598.36,18,0.1,-100.62
ORD-01313,12/14/2017,12/16/2017,Standard Class,AA-10486,Home Office,United States,New York,AZ,53687,East,PRD-00013,Furniture,Chairs,Chairs Product,5770.22,12,0.05,-440.88
ORD-01314,03/14/2012,03/16/2012,Standard Class,AA-10336,Consumer,United States,New York,TX,76520,Central,PRD-00014,Groceries,Canned Goods,Canned Goods Product,336.38,1,0.2,-46.75
ORD-01315,01/24/2012,01/25/2012,Second Class,AA-10324,Consumer,United States,New York,TX,91393,East,PRD-00015,Office Supplies,Paper,Paper Product,3550.38,10,0.15,742.69
ORD-01316,08/15/2013,08/17/2013,Same Day,AA-10476,Corporate,United States,Phoenix,IL,17801,West,PRD-00016,Furniture,Chairs,Chairs Product,2994.74,6,0.0,599.3
ORD-01317,10/08/2012,10/10/2012,First Class,AA-10528,Home Office,United States,Phoenix,IL,67691,East,PRD-00017,Technology,Phones,Phones Product,708.26,11,0.05,225.01
ORD-01318,05/12/2011,05/19/2011,Second Class,AA-10539,Corporate,United States,Phoenix,AZ,16490,East,PRD-00018,Furniture,Chairs,Chairs Product,943.16,16,0.15,209.86
ORD-01319,08/13/2017,08/19/2017,Second Class,AA-10502,Corporate,United States,New York,CA,85887,West,PRD-00019,Technology,Copiers,Copiers Product,100.77,3,0.15,-2.75
ORD-01320,01/13/2011,01/18/2011,First Class,AA-10457,Consumer,United States,New York,AZ,49307,West,PRD-00020,Furniture,Tables,Tables Product,880.72,2,0.15,-152.04
ORD-01321,06/25/2013,07/01/2013,First Class,AA-10487,Consumer,United States,New York,IL,60845,West,PRD-00021,Office Supplies,Paper,Paper Product,4588.6,12,0.05,1585.73
ORD-01322,05/17/2011,05/21/2011,Same Day,AA-10345,Home Office,United States,New York,NY,81661,Central,PRD-00022,Groceries,Dairy,Dairy Product,8946.71,19,0.0,1668.34
ORD-01323,12/05/2015,12/11/2015,Second Class,AA-10559,Home Office,United States,Los Angeles,CA,84747,East,PRD-00023,Furniture,Chairs,Chairs Product,3984.77,8,0.2,-158.46
ORD-01324,06/10/2014,06/17/2014,Second Class,AA-10612,Corporate,United States,Chicago,NY,38569,South,PRD-00024,Furniture,Tables,Tables Product,11.36,1,0.15,0.85
ORD-01325,11/26/2014,11/30/2014,Second Class,AA-10320,Corporate,United States,New York,TX,80416,East,PRD-00025,Technology,Accessories,Accessories Product,3449.81,7,0.1,-161.93
ORD-01326,01/22/2013,01/24/2013,First Class,AA-10613,Corporate,United States,New York,NY,11996,West,PRD-00026,Technology,Copiers,Copiers Product,6729.87,19,0.05,-462.33
ORD-01327,05/29/2017,06/02/2017,First Class,AA-10335,Consumer,United States,New York,CA,25289,West,PRD-00027,Groceries,Snacks,Snacks Product,1556.4,12,0.2,207.73
ORD-01328,04/22/2015,04/28/2015,First Class,AA-10516,Corporate,United States,Chicago,AZ,82939,Central,PRD-00028,Groceries,Beverages,Beverages Product,1559.85,5,0.0,-48.43
ORD-01329,08/17/2014,08/20/2014,Second Class,AA-10604,Corporate,United States,New York,CA,41492,Central,PRD-00029,Office Supplies,Appliances,Appliances Product,1804.65,6,0.2,473.97
ORD-01330,01/03/2013,01/07/2013,Same Day,AA-10319,Consumer,United States,Phoenix,CA,10143,Central,PRD-00030,Office Supplies,Binders,Binders Product,2199.89,12,0.05,-337.37
ORD-01331,04/14/2012,04/16/2012,Same Day,AA-10361,Home Office,United States,Los Angeles,NY,94808,South,PRD-00031,Furniture,Tables,Tables Product,2877.68,8,0.2,-564.97
ORD-01332,10/04/2011,10/05/2011,Standard Class,AA-10495,Home Office,United States,Houston,CA,80193,East,PRD-00032,Technology,Accessories,Accessories Product,346.33,1,0.2,-49.64
ORD-01333,09/23/2014,09/29/2014,Standard Class,AA-10596,Corporate,United States,Phoenix,AZ,15827,West,PRD-00033,Technology,Machines,Machines Product,7169.01,19,0.15,-713.4
ORD-01334,10/23/2014,10/25/2014,Same Day,AA-10436,Consumer,United States,Phoenix,IL,53476,East,PRD-00034,Groceries,Beverages,Beverages Product,834.81,3,0.15,137.91
ORD-01335,08/07/2011,08/09/2011,First Class,AA-10364,Home Office,United States,Los Angeles,CA,27730,South,PRD-00035,Office Supplies,Pens,Pens Product,1434.11,16,0.0,-133.98
ORD-01336,08/31/2011,09/06/2011,Second Class,AA-10444,Home Office,United States,Phoenix,NY,18655,Central,PRD-00036,Technology,Machines,Machines Product,2238.88,9,0.1,431.88
ORD-01337,01/14/2015,01/20/2015,Second Class,AA-10610,Consumer,United States,Chicago,CA,38707,South,PRD-00037,Office Supplies,Appliances,Appliances Product,1852.51,5,0.0,-228.7
ORD-01338,06/18/2012,06/24/2012,Second Class,AA-10539,Consumer,United States,Los Angeles,AZ,22260,Central,PRD-00038,Groceries,Canned Goods,Canned Goods Product,1753.86,5,0.0,-94.32
ORD-01339,10/06/2014,10/13/2014,Second Class,AA-10339,Corporate,United States,Houston,TX,56643,Central,PRD-00039,Groceries,Canned Goods,Canned Goods Product,1385.15,13,0.0,9.23
ORD-01340,07/22/2017,07/23/2017,Same Day,AA-10364,Home Office,United States,New York,TX,49129,Central,PRD-00040,Office Supplies,Pens,Pens Product,1035.17,3,0.05,408.27
ORD-01341,10/26/2017,11/02/2017,First Class,AA-10335,Consumer,United States,Phoenix,TX,61364,South,PRD-00041,Office Supplies,Pens,Pens Product,1890.46,4,0.0,-79.02
ORD-01342,09/09/2012,09/12/2012,Same Day,AA-10605,Home Office,United States,Chicago,TX,61544,Central,PRD-00042,Technology,Copiers,Copiers Product,862.81,4,0.0,86.84
ORD-01343,06/16/2011,06/19/2011,First Class,AA-10511,Consumer,United States,Chicago,AZ,47609,East,PRD-00043,Office Supplies,Binders,Binders Product,256.08,5,0.2,72.34
ORD-01344,05/15/2014,05/17/2014,Second Class,AA-10333,Home Office,United States,Houston,IL,11118,East,PRD-00044,Groceries,Dairy,Dairy Product,6370.67,13,0.1,1037.12
ORD-01345,10/12/2017,10/16/2017,Standard Class,AA-10507,Consumer,United States,Chicago,CA,43518,South,PRD-00045,Office Supplies,Binders,Binders Product,514.1,7,0.05,16.04
ORD-01346,08/11/2015,08/18/2015,Standard Class,AA-10385,Home Office,United States,Houston,AZ,90963,West,PRD-00046,Furniture,Bookcases,Bookcases Product,3060.16,9,0.0,635.0
ORD-01347,12/25/2017,12/30/2017,Same Day,AA-10523,Corporate,United States,Los Angeles,CA,83361,East,PRD-00047,Office Supplies,Pens,Pens Product,4546.46,10,0.0,885.69
ORD-01348,09/07/2013,09/09/2013,Second Class,AA-10383,Consumer,United States,Chicago,CA,14552,South,PRD-00048,Furniture,Furnishings,Furnishings Product,2673.55,6,0.0,50.27
ORD-01349,11/14/2011,11/18/2011,Same Day,AA-10355,Home Office,United States,Phoenix,IL,75454,East,PRD-00049,Furniture,Furnishings,Furnishings Product,308.29,13,0.1,6.74
ORD-01350,02/01/2016,02/06/2016,Same Day,AA-10520,Corporate,United States,Houston,TX,87941,Central,PRD-00050,Furniture,Bookcases,Bookcases Product,1306.49,7,0.05,80.94
ORD-01351,09/18/2011,09/19/2011,Standard Class,AA-10535,Home Office,United States,Chicago,AZ,50153,West,PRD-00051,Office Supplies,Paper,Paper Product,243.74,5,0.1,-6.99
ORD-01352,10/31/2014,11/04/2014,First Class,AA-10409,Corporate,United States,Los Angeles,NY,41395,West,PRD-00052,Groceries,Beverages,Beverages Product,4349.38,11,0.1,632.53
ORD-01353,01/31/2016,02/03/2016,Second Class,AA-10456,Corporate,United States,New York,IL,16899,East,PRD-00053,Office Supplies,Pens,Pens Product,4688.29,12,0.2,1839.59
ORD-01354,02/08/2017,02/11/2017,First Class,AA-10613,Consumer,United States,New York,TX,84261,Central,PRD-00054,Office Supplies,Pens,Pens Product,2826.42,6,0.0,-54.84
ORD-01355,06/20/2013,06/25/2013,First Class,AA-10549,Consumer,United States,Los Angeles,NY,20407,East,PRD-00055,Office Supplies,Appliances,Appliances Product,24.69,1,0.0,2.41
ORD-01356,02/26/2017,03/04/2017,First Class,AA-10543,Home Office,United States,Los Angeles,TX,76255,Central,PRD-00056,Technology,Machines,Machines Product,953.1,11,0.1,275.81
ORD-01357,11/29/2013,12/06/2013,Standard Class,AA-10451,Home Office,United States,Phoenix,TX,54752,South,PRD-00057,Groceries,Snacks,Snacks Product,1014.55,4,0.05,326.5
ORD-01358,06/30/2013,07/04/2013,Second Class,AA-10542,Consumer,United States,Houston,NY,24611,East,PRD-00058,Groceries,Dairy,Dairy Product,1464.4,5,0.15,306.32
ORD-01359,09/11/2011,09/14/2011,First Class,AA-10338,Home Office,United States,Phoenix,NY,14766,West,PRD-00059,Furniture,Tables,Tables Product,7003.35,15,0.0,-1297.36
ORD-01360,09/14/2012,09/21/2012,Second Class,AA-10562,Consumer,United States,Houston,NY,89195,East,PRD-00060,Office Supplies,Pens,Pens Product,484.51,3,0.1,37.73
ORD-01361,07/17/2013,07/19/2013,Standard Class,AA-10608,Consumer,United States,New York,CA,59556,East,PRD-00061,Technology,Copiers,Copiers Product,3500.28,13,0.0,338.22
ORD-01362,12/08/2014,12/14/2014,Same Day,AA-10393,Consumer,United States,Chicago,CA,58959,East,PRD-00062,Groceries,Beverages,Beverages Product,304.46,1,0.05,44.26
ORD-01363,05/23/2013,05/28/2013,Second Class,AA-10435,Home Office,United States,Phoenix,AZ,32846,West,PRD-00063,Office Supplies,Pens,Pens Product,1617.84,5,0.15,-103.37
ORD-01364,03/22/2014,03/23/2014,First Class,AA-10501,Consumer,United States,Houston,TX,22011,West,PRD-00064,Groceries,Beverages,Beverages Product,1445.95,12,0.05,77.99
ORD-01365,03/07/2017,03/14/2017,Second Class,AA-10550,Consumer,United States,Houston,NY,22932,West,PRD-00065,Technology,Copiers,Copiers Product,3997.45,13,0.0,1034.12
ORD-01366,07/05/2016,07/10/2016,Second Class,AA-10378,Home Office,United States,New York,TX,97322,Central,PRD-00066,Office Supplies,Binders,Binders Product,734.27,4,0.2,-48.93
ORD-01367,12/09/2013,12/11/2013,Second Class,AA-10588,Consumer,United States,Los Angeles,CA,28564,South,PRD-00067,Furniture,Furnishings,Furnishings Product,1730.38,16,0.15,436.49
ORD-01368,09/13/2016,09/19/2016,Second Class,AA-10323,Home Office,United States,Los Angeles,CA,56365,Central,PRD-00068,Technology,Machines,Machines Product,4487.38,9,0.1,610.86
ORD-01369,08/23/2011,08/25/2011,Same Day,AA-10508,Consumer,United States,New York,NY,79674,West,PRD-00069,Office Supplies,Paper,Paper Product,1344.56,7,0.0,457.32
ORD-01370,01/17/2014,01/20/2014,Second Class,AA-10518,Home Office,United States,Chicago,NY,95616,East,PRD-00070,Groceries,Canned Goods,Canned Goods Product,1662.24,4,0.0,151.83
ORD-01371,08/31/2012,09/03/2012,Same Day,AA-10321,Consumer,United States,Phoenix,TX,96094,East,PRD-00071,Technology,Copiers,Copiers Product,1241.66,13,0.0,130.66
ORD-01372,05/01/2015,05/02/2015,Second Class,AA-10347,Home Office,United States,New York,IL,21334,Central,PRD-00072,Furniture,Bookcases,Bookcases Product,513.06,16,0.1,-25.21
ORD-01373,01/01/2014,01/07/2014,Standard Class,AA-10351,Home Office,United States,Houston,AZ,37724,East,PRD-00073,Technology,Machines,Machines Product,2418.35,11,0.0,342.79
ORD-01374,01/21/2016,01/22/2016,First Class,AA-10595,Consumer,United States,Houston,CA,97380,West,PRD-00074,Groceries,Canned Goods,Canned Goods Product,236.98,6,0.0,67.95
ORD-01375,10/19/2011,10/24/2011,Second Class,AA-10569,Home Office,United States,Houston,AZ,62891,Central,PRD-00075,Technology,Copiers,Copiers Product,250.02,3,0.0,91.13
ORD-01376,12/18/2016,12/19/2016,Second Class,AA-10605,Corporate,United States,Houston,TX,40320,West,PRD-00076,Groceries,Dairy,Dairy Product,575.07,2,0.2,48.73
ORD-01377,10/01/2017,10/04/2017,Same Day,AA-10409,Home Office,United States,Phoenix,TX,56191,South,PRD-00077,Office Supplies,Binders,Binders Product,4429.43,13,0.0,337.65
ORD-01378,05/01/2013,05/03/2013,Standard Class,AA-10607,Home Office,United States,Phoenix,IL,33814,South,PRD-00078,Furniture,Tables,Tables Product,1221.13,4,0.15,-3.31
ORD-01379,05/25/2012,06/01/2012,First Class,AA-10389,Corporate,United States,Houston,IL,47065,Central,PRD-00079,Technology,Copiers,Copiers Product,1188.74,4,0.1,362.92
ORD-01380,03/09/2014,03/12/2014,First Class,AA-10560,Home Office,United States,Houston,TX,62548,East,PRD-00080,Technology,Phones,Phones Product,78.74,1,0.2,6.19
ORD-01381,06/02/2017,06/05/2017,Same Day,AA-10544,Home Office,United States,New York,IL,53335,West,PRD-00081,Groceries,Canned Goods,Canned Goods Product,647.09,3,0.05,20.31
ORD-01382,04/05/2011,04/10/2011,Same Day,AA-10523,Corporate,United States,Phoenix,TX,90800,South,PRD-00082,Office Supplies,Paper,Paper Product,3877.78,11,0.15,-312.13
ORD-01383,03/17/2016,03/21/2016,Second Class,AA-10540,Corporate,United States,Los Angeles,NY,58622,Central,PRD-00083,Technology,Phones,Phones Product,6242.19,19,0.05,883.81
ORD-01384,02/02/2011,02/08/2011,Second Class,AA-10406,Corporate,United States,Chicago,CA,20271,East,PRD-00084,Furniture,Bookcases,Bookcases Product,356.56,4,0.05,27.67
ORD-01385,11/20/2017,11/22/2017,First Class,AA-10463,Corporate,United States,Chicago,IL,39020,East,PRD-00085,Furniture,Furnishings,Furnishings Product,5544.91,12,0.15,1078.35
ORD-01386,11/20/2013,11/27/2013,Second Class,AA-10352,Home Office,United States,Chicago,IL,85801,Central,PRD-00086,Furniture,Chairs,Chairs Product,3756.99,13,0.2,576.52
ORD-01387,03/13/2014,03/15/2014,Standard Class,AA-10430,Home Office,United States,Chicago,AZ,65067,South,PRD-00087,Furniture,Furnishings,Furnishings Product,165.75,9,0.2,-16.11
ORD-01388,10/15/2017,10/22/2017,Same Day,AA-10559,Consumer,United States,New York,CA,25092,Central,PRD-00088,Office Supplies,Paper,Paper Product,528.39,4,0.0,201.0
ORD-01389,06/27/2011,07/04/2011,Same Day,AA-10560,Corporate,United States,Chicago,TX,86756,South,PRD-00089,Furniture,Bookcases,Bookcases Product,3066.74,17,0.1,546.43
ORD-01390,05/29/2012,06/01/2012,Same Day,AA-10334,Consumer,United States,Los Angeles,AZ,39287,West,PRD-00090,Office Supplies,Appliances,Appliances Product,315.74,2,0.2,18.85
ORD-01391,04/23/2011,04/27/2011,First Class,AA-10387,Corporate,United States,Chicago,AZ,87975,Central,PRD-00091,Furniture,Chairs,Chairs Product,1958.02,5,0.05,470.52
ORD-01392,02/18/2013,02/19/2013,Second Class,AA-10484,Consumer,United States,Chicago,IL,82423,East,PRD-00092,Furniture,Furnishings,Furnishings Product,282.13,1,0.15,107.92
ORD-01393,02/13/2013,02/18/2013,First Class,AA-10447,Consumer,United States,Los Angeles,IL,34060,South,PRD-00093,Furniture,Furnishings,Furnishings Product,1539.6,13,0.0,-102.09
ORD-01394,07/27/2015,07/30/2015,Same Day,AA-10395,Consumer,United States,New York,NY,49486,South,PRD-00094,Office Supplies,Appliances,Appliances Product,844.02,8,0.15,-20.55
ORD-01395,01/21/2016,01/27/2016,First Class,AA-10611,Home Office,United States,Los Angeles,AZ,46776,Central,PRD-00095,Groceries,Dairy,Dairy Product,7511.14,18,0.0,986.22
ORD-01396,07/14/2017,07/17/2017,Second Class,AA-10340,Consumer,United States,Chicago,CA,51751,West,PRD-00096,Office Supplies,Appliances,Appliances Product,3595.13,16,0.1,-580.09
ORD-01397,09/27/2012,09/30/2012,Same Day,AA-10431,Corporate,United States,Chicago,CA,68779,East,PRD-00097,Furniture,Chairs,Chairs Product,536.24,6,0.2,88.86
ORD-01398,10/15/2012,10/16/2012,Second Class,AA-10416,Consumer,United States,Los Angeles,IL,62595,West,PRD-00098,Office Supplies,Pens,Pens Product,8450.16,17,0.2,2331.61
ORD-01399,06/01/2013,06/05/2013,Standard Class,AA-10419,Home Office,United States,New York,TX,69807,East,PRD-00099,Technology,Copiers,Copiers Product,117.54,1,0.1,5.29
ORD-01400,02/13/2011,02/16/2011,Second Class,AA-10539,Home Office,United States,New York,CA,46437,East,PRD-00000,Groceries,Beverages,Beverages Product,4939.83,16,0.1,1237.64
ORD-01401,05/12/2013,05/19/2013,Same Day,AA-10343,Consumer,United States,Los Angeles,NY,38414,East,PRD-00001,Technology,Copiers,Copiers Product,2960.09,8,0.2,774.8
ORD-01402,06/23/2012,06/30/2012,Standard Class,AA-10338,Consumer,United States,Houston,CA,31418,South,PRD-00002,Office Supplies,Paper,Paper Product,650.55,15,0.2,185.86
ORD-01403,04/13/2014,04/16/2014,Same Day,AA-10341,Home Office,United States,New York,TX,94173,Central,PRD-00003,Furniture,Chairs,Chairs Product,6135.28,15,0.15,2145.97
ORD-01404,08/08/2014,08/10/2014,First Class,AA-10448,Consumer,United States,Houston,IL,93862,South,PRD-00004,Groceries,Snacks,Snacks Product,7909.27,20,0.2,2858.64
ORD-01405,01/07/2017,01/10/2017,Standard Class,AA-10540,Home Office,United States,Chicago,TX,61668,East,PRD-00005,Office Supplies,Binders,Binders Product,881.72,5,0.0,-81.18
ORD-01406,11/09/2013,11/16/2013,Standard Class,AA-10574,Consumer,United States,New York,CA,21080,West,PRD-00006,Office Supplies,Pens,Pens Product,2112.97,16,0.05,149.64
ORD-01407,07/13/2011,07/19/2011,Standard Class,AA-10376,Home Office,United States,New York,TX,16485,Central,PRD-00007,Groceries,Snacks,Snacks Product,2811.81,8,0.2,139.35
ORD-01408,04/08/2014,04/14/2014,First Class,AA-10333,Consumer,United States,Phoenix,IL,24338,Central,PRD-00008,Office Supplies,Pens,Pens Product,728.99,12,0.2,124.18
ORD-01409,02/22/2012,02/27/2012,Same Day,AA-10403,Consumer,United States,Los Angeles,NY,57279,East,PRD-00009,Office Supplies,Pens,Pens Product,7571.52,16,0.1,-379.61
ORD-01410,09/04/2012,09/07/2012,Same Day,AA-10388,Consumer,United States,Los Angeles,NY,80723,South,PRD-00010,Technology,Accessories,Accessories Product,1168.04,6,0.1,246.53
ORD-01411,04/08/2013,04/15/2013,Same Day,AA-10463,Home Office,United States,Phoenix,AZ,53331,West,PRD-00011,Furniture,Bookcases,Bookcases Product,6597.49,15,0.0,-113.21
ORD-01412,01/14/2014,01/21/2014,First Class,AA-10552,Consumer,United States,Phoenix,IL,34833,Central,PRD-00012,Technology,Copiers,Copiers Product,431.49,1,0.2,90.56
ORD-01413,07/28/2016,08/02/2016,First Class,AA-10446,Corporate,United States,Los Angeles,IL,34246,Central,PRD-00013,Office Supplies,Binders,Binders Product,4493.77,14,0.05,-467.46
ORD-01414,08/01/2016,08/05/2016,Standard Class,AA-10557,Corporate,United States,Chicago,AZ,20972,South,PRD-00014,Furniture,Tables,Tables Product,2741.42,6,0.2,-295.62
ORD-01415,10/12/2017,10/15/2017,Standard Class,AA-10383,Consumer,United States,Chicago,TX,38621,West,PRD-00015,Technology,Machines,Machines Product,6940.94,19,0.05,-759.72
ORD-01416,09/13/2012,09/20/2012,Second Class,AA-10477,Home Office,United States,Houston,CA,91582,East,PRD-00016,Furniture,Furnishings,Furnishings Product,1788.7,8,0.15,359.57
ORD-01417,01/06/2013,01/07/2013,First Class,AA-10336,Consumer,United States,Los Angeles,CA,24020,South,PRD-00017,Groceries,Dairy,Dairy Product,522.78,3,0.1,91.02
ORD-01418,01/13/2017,01/15/2017,Standard Class,AA-10335,Home Office,United States,New York,CA,29901,West,PRD-00018,Technology,Machines,Machines Product,5165.57,19,0.05,1149.98
ORD-01419,12/09/2012,12/14/2012,Second Class,AA-10354,Corporate,United States,Phoenix,TX,80226,Central,PRD-00019,Furniture,Bookcases,Bookcases Product,5690.68,17,0.0,1290.29
ORD-01420,07/03/2015,07/08/2015,Standard Class,AA-10467,Corporate,United States,Chicago,IL,27506,West,PRD-00020,Technology,Phones,Phones Product,1211.64,19,0.1,-51.75
ORD-01421,06/24/2011,06/27/2011,First Class,AA-10513,Home Office,United States,Houston,TX,46932,Central,PRD-00021,Office Supplies,Binders,Binders Product,4841.36,15,0.15,-257.89
ORD-01422,06/27/2014,06/29/2014,Same Day,AA-10375,Consumer,United States,Los Angeles,NY,35337,South,PRD-00022,Groceries,Beverages,Beverages Product,1085.95,7,0.05,-144.35
ORD-01423,03/12/2011,03/19/2011,Standard Class,AA-10471,Corporate,United States,Houston,AZ,84495,West,PRD-00023,Technology,Phones,Phones Product,899.17,10,0.1,107.13
ORD-01424,01/04/2012,01/07/2012,Standard Class,AA-10556,Home Office,United States,Los Angeles,AZ,36104,West,PRD-00024,Groceries,Beverages,Beverages Product,4174.55,14,0.2,1611.62
ORD-01425,02/28/2017,03/06/2017,Second Class,AA-10325,Home Office,United States,New York,NY,10705,East,PRD-00025,Technology,Copiers,Copiers Product,3036.62,14,0.0,736.38
ORD-01426,03/16/2013,03/22/2013,Standard Class,AA-10397,Corporate,United States,Los Angeles,IL,42017,South,PRD-00026,Furniture,Tables,Tables Product,3672.98,18,0.0,-726.11
ORD-01427,03/02/2017,03/09/2017,Standard Class,AA-10315,Consumer,United States,Houston,TX,79990,Central,PRD-00027,Furniture,Tables,Tables Product,5919.22,14,0.2,-576.83
ORD-01428,11/02/2012,11/04/2012,Same Day,AA-10549,Home Office,United States,Los Angeles,CA,73393,Central,PRD-00028,Groceries,Beverages,Beverages Product,775.06,8,0.2,306.74
ORD-01429,12/08/2011,12/12/2011,Standard Class,AA-10573,Consumer,United States,Houston,AZ,49938,West,PRD-00029,Furniture,Chairs,Chairs Product,8233.11,18,0.15,-772.1
ORD-01430,01/04/2011,01/10/2011,Second Class,AA-10353,Consumer,United States,Phoenix,AZ,39334,East,PRD-00030,Office Supplies,Pens,Pens Product,6759.88,17,0.05,2298.64
ORD-01431,02/04/2013,02/08/2013,Same Day,AA-10551,Corporate,United States,New York,NY,65376,East,PRD-00031,Technology,Accessories,Accessories Product,3927.45,11,0.0,171.38
ORD-01432,07/11/2017,07/15/2017,Same Day,AA-10400,Corporate,United States,New York,TX,75951,West,PRD-00032,Technology,Phones,Phones Product,1180.87,9,0.0,203.94
ORD-01433,12/14/2014,12/15/2014,Second Class,AA-10529,Home Office,United States,Houston,TX,58318,Central,PRD-00033,Office Supplies,Paper,Paper Product,4005.16,12,0.05,963.86
ORD-01434,12/26/2016,12/28/2016,First Class,AA-10511,Home Office,United States,Phoenix,AZ,84121,South,PRD-00034,Office Supplies,Paper,Paper Product,7912.02,19,0.05,-45.86
ORD-01435,11/07/2014,11/13/2014,First Class,AA-10481,Consumer,United States,Phoenix,AZ,12945,Central,PRD-00035,Office Supplies,Paper,Paper Product,4449.96,14,0.0,1149.86
ORD-01436,01/03/2014,01/07/2014,Same Day,AA-10558,Corporate,United States,New York,AZ,10504,Central,PRD-00036,Office Supplies,Binders,Binders Product,4189.22,14,0.1,-679.67
ORD-01437,06/11/2014,06/12/2014,Second Class,AA-10569,Home Office,United States,Phoenix,IL,24751,Central,PRD-00037,Furniture,Bookcases,Bookcases Product,8535.96,20,0.1,370.26
ORD-01438,03/07/2016,03/13/2016,Standard Class,AA-10439,Corporate,United States,Chicago,AZ,79953,West,PRD-00038,Furniture,Furnishings,Furnishings Product,8031.22,17,0.1,-612.34
ORD-01439,12/22/2013,12/23/2013,First Class,AA-10463,Consumer,United States,New York,NY,31499,Central,PRD-00039,Furniture,Chairs,Chairs Product,1833.32,20,0.2,520.15
ORD-01440,07/25/2012,07/26/2012,Second Class,AA-10549,Corporate,United States,Phoenix,IL,56998,West,PRD-00040,Technology,Accessories,Accessories Product,1976.52,13,0.2,674.07
ORD-01441,06/26/2013,07/01/2013,Same Day,AA-10315,Corporate,United States,New York,AZ,55564,Central,PRD-00041,Office Supplies,Appliances,Appliances Product,2710.5,11,0.2,354.1
ORD-01442,08/26/2013,08/27/2013,First Class,AA-10322,Home Office,United States,Houston,TX,23346,East,PRD-00042,Office Supplies,Binders,Binders Product,5501.37,12,0.0,-1098.19
ORD-01443,04/12/2013,04/14/2013,Same Day,AA-10323,Home Office,United States,Chicago,TX,68828,West,PRD-00043,Furniture,Furnishings,Furnishings Product,575.75,10,0.1,149.9
ORD-01444,08/20/2016,08/27/2016,Standard Class,AA-10560,Consumer,United States,New York,CA,66063,East,PRD-00044,Technology,Phones,Phones Product,4102.63,17,0.15,1341.2
ORD-01445,05/18/2012,05/23/2012,Standard Class,AA-10339,Corporate,United States,Houston,IL,97197,East,PRD-00045,Office Supplies,Paper,Paper Product,1584.78,10,0.1,-191.89
ORD-01446,09/25/2015,10/02/2015,Second Class,AA-10601,Consumer,United States,Chicago,IL,90121,Central,PRD-00046,Groceries,Canned Goods,Canned Goods Product,944.6,6,0.0,25.22
ORD-01447,05/10/2016,05/11/2016,First Class,AA-10385,Consumer,United States,Los Angeles,IL,67616,West,PRD-00047,Furniture,Furnishings,Furnishings Product,601.66,6,0.05,-75.25
ORD-01448,11/25/2013,11/28/2013,First Class,AA-10570,Home Office,United States,Los Angeles,AZ,67288,East,PRD-00048,Furniture,Furnishings,Furnishings Product,2063.77,13,0.1,435.13
ORD-01449,11/30/2012,12/03/2012,First Class,AA-10364,Home Office,United States,Chicago,CA,23320,South,PRD-00049,Office Supplies,Pens,Pens Product,142.91,11,0.0,54.55
ORD-01450,09/06/2017,09/13/2017,Standard Class,AA-10343,Home Office,United States,Houston,CA,93898,South,PRD-00050,Technology,Copiers,Copiers Product,943.61,13,0.05,347.16
ORD-01451,03/12/2016,03/17/2016,First Class,AA-10568,Home Office,United States,Chicago,IL,82632,East,PRD-00051,Office Supplies,Binders,Binders Product,2454.08,9,0.2,586.29
ORD-01452,12/01/2012,12/02/2012,First Class,AA-10407,Corporate,United States,Chicago,AZ,21014,Central,PRD-00052,Furniture,Tables,Tables Product,942.87,12,0.1,-131.21
ORD-01453,09/30/2011,10/05/2011,Standard Class,AA-10343,Corporate,United States,Houston,TX,50272,East,PRD-00053,Furniture,Chairs,Chairs Product,7264.49,17,0.0,130.5
ORD-01454,04/15/2016,04/20/2016,First Class,AA-10432,Consumer,United States,Houston,NY,56714,East,PRD-00054,Furniture,Tables,Tables Product,4661.58,12,0.1,293.76
ORD-01455,05/28/2017,05/31/2017,Second Class,AA-10550,Corporate,United States,Phoenix,AZ,13969,South,PRD-00055,Office Supplies,Paper,Paper Product,4252.29,10,0.2,-332.08
ORD-01456,03/10/2013,03/12/2013,Second Class,AA-10378,Corporate,United States,New York,AZ,72185,South,PRD-00056,Office Supplies,Binders,Binders Product,1314.55,3,0.0,280.04
ORD-01457,03/30/2017,04/06/2017,Same Day,AA-10349,Consumer,United States,Chicago,NY,51085,South,PRD-00057,Furniture,Tables,Tables Product,4419.51,16,0.05,-858.33
ORD-01458,05/15/2012,05/21/2012,Second Class,AA-10542,Corporate,United States,Phoenix,NY,23307,West,PRD-00058,Furniture,Furnishings,Furnishings Product,4593.04,11,0.05,1634.89
ORD-01459,12/30/2014,01/05/2015,Same Day,AA-10532,Corporate,United States,Houston,CA,87658,Central,PRD-00059,Groceries,Beverages,Beverages Product,1468.16,10,0.15,143.79
ORD-01460,08/08/2017,08/13/2017,First Class,AA-10348,Corporate,United States,Houston,IL,54755,West,PRD-00060,Furniture,Tables,Tables Product,2860.76,7,0.05,436.54
ORD-01461,11/01/2017,11/05/2017,Second Class,AA-10609,Home Office,United States,New York,AZ,40664,East,PRD-00061,Technology,Phones,Phones Product,134.52,4,0.2,17.82
ORD-01462,11/01/2012,11/04/2012,Same Day,AA-10363,Corporate,United States,Phoenix,AZ,48999,Central,PRD-00062,Technology,Accessories,Accessories Product,2589.94,17,0.1,-253.5
ORD-01463,07/15/2017,07/19/2017,First Class,AA-10504,Home Office,United States,Phoenix,IL,78144,South,PRD-00063,Groceries,Beverages,Beverages Product,8213.6,18,0.1,2417.52
ORD-01464,10/24/2016,10/29/2016,Standard Class,AA-10371,Consumer,United States,Chicago,AZ,80837,South,PRD-00064,Technology,Copiers,Copiers Product,225.07,5,0.2,17.48
ORD-01465,10/28/2017,10/31/2017,First Class,AA-10546,Consumer,United States,Chicago,CA,65765,Central,PRD-00065,Technology,Accessories,Accessories Product,463.85,1,0.2,54.49
ORD-01466,10/16/2012,10/18/2012,First Class,AA-10582,Corporate,United States,Phoenix,NY,20736,South,PRD-00066,Groceries,Snacks,Snacks Product,297.87,3,0.05,54.49
ORD-01467,11/02/2017,11/07/2017,Second Class,AA-10566,Consumer,United States,Houston,TX,85640,West,PRD-00067,Technology,Machines,Machines Product,3217.0,11,0.0,780.87
ORD-01468,02/26/2015,03/01/2015,Standard Class,AA-10476,Home Office,United States,Chicago,AZ,80577,West,PRD-00068,Office Supplies,Binders,Binders Product,4154.48,14,0.05,1220.87
ORD-01469,03/18/2016,03/19/2016,Standard Class,AA-10321,Home Office,United States,Los Angeles,AZ,20462,West,PRD-00069,Furniture,Tables,Tables Product,1699.67,5,0.0,420.97
ORD-01470,10/15/2013,10/17/2013,Same Day,AA-10587,Consumer,United States,Phoenix,NY,79614,East,PRD-00070,Office Supplies,Binders,Binders Product,758.57,10,0.1,7.39
ORD-01471,12/31/2016,01/06/2017,Same Day,AA-10366,Consumer,United States,Houston,NY,54990,Central,PRD-00071,Technology,Phones,Phones Product,1705.93,10,0.05,-34.8
ORD-01472,04/22/2013,04/27/2013,Same Day,AA-10509,Home Office,United States,Los Angeles,CA,56298,South,PRD-00072,Groceries,Beverages,Beverages Product,729.66,15,0.1,77.19
ORD-01473,12/09/2017,12/15/2017,First Class,AA-10345,Corporate,United States,Los Angeles,NY,95283,East,PRD-00073,Technology,Machines,Machines Product,3017.9,18,0.15,-439.98
ORD-01474,04/30/2015,05/01/2015,Standard Class,AA-10507,Corporate,United States,Chicago,CA,61496,West,PRD-00074,Office Supplies,Binders,Binders Product,1921.08,19,0.1,526.21
ORD-01475,07/02/2012,07/07/2012,Same Day,AA-10575,Home Office,United States,Houston,TX,10614,East,PRD-00075,Office Supplies,Binders,Binders Product,1584.61,16,0.0,496.23
ORD-01476,10/18/2013,10/24/2013,Same Day,AA-10466,Consumer,United States,New York,NY,91717,Central,PRD-00076,Office Supplies,Appliances,Appliances Product,5272.11,13,0.1,-837.14
ORD-01477,08/17/2014,08/18/2014,Standard Class,AA-10419,Consumer,United States,Phoenix,AZ,10160,South,PRD-00077,Furniture,Bookcases,Bookcases Product,5821.7,14,0.0,2242.45
ORD-01478,07/01/2016,07/08/2016,Standard Class,AA-10424,Corporate,United States,Chicago,IL,69413,West,PRD-00078,Technology,Machines,Machines Product,1242.19,5,0.05,66.25
ORD-01479,12/06/2016,12/13/2016,Standard Class,AA-10611,Corporate,United States,Houston,TX,44095,West,PRD-00079,Office Supplies,Paper,Paper Product,3248.12,7,0.2,152.85
ORD-01480,05/22/2017,05/29/2017,First Class,AA-10403,Consumer,United States,Los Angeles,IL,80469,Central,PRD-00080,Office Supplies,Paper,Paper Product,5189.65,20,0.1,1674.71
ORD-01481,07/10/2012,07/14/2012,Standard Class,AA-10566,Consumer,United States,Houston,IL,14602,South,PRD-00081,Technology,Accessories,Accessories Product,4007.25,9,0.0,741.67
ORD-01482,06/03/2014,06/06/2014,Second Class,AA-10421,Home Office,United States,Los Angeles,CA,63045,East,PRD-00082,Technology,Accessories,Accessories Product,1950.93,7,0.15,372.9
ORD-01483,04/29/2016,05/04/2016,Standard Class,AA-10545,Corporate,United States,Los Angeles,AZ,93481,Central,PRD-00083,Technology,Machines,Machines Product,495.79,4,0.0,80.83
ORD-01484,04/05/2011,04/08/2011,Standard Class,AA-10410,Home Office,United States,Los Angeles,CA,21140,West,PRD-00084,Office Supplies,Binders,Binders Product,904.27,5,0.05,345.37
ORD-01485,12/29/2014,12/30/2014,Same Day,AA-10545,Home Office,United States,Phoenix,IL,23068,South,PRD-00085,Groceries,Beverages,Beverages Product,141.58,1,0.1,-22.69
ORD-01486,10/15/2012,10/21/2012,First Class,AA-10453,Consumer,United States,Los Angeles,CA,46313,Central,PRD-00086,Furniture,Tables,Tables Product,5853.43,18,0.0,1011.65
ORD-01487,04/26/2011,04/28/2011,Second Class,AA-10600,Corporate,United States,New York,TX,49131,South,PRD-00087,Groceries,Beverages,Beverages Product,6391.48,13,0.2,282.02
ORD-01488,01/29/2013,02/05/2013,Standard Class,AA-10463,Consumer,United States,Los Angeles,IL,60144,Central,PRD-00088,Technology,Machines,Machines Product,661.3,7,0.0,-89.45
ORD-01489,02/11/2012,02/17/2012,Second Class,AA-10510,Consumer,United States,Los Angeles,NY,14167,East,PRD-00089,Office Supplies,Appliances,Appliances Product,254.07,16,0.2,10.06
ORD-01490,08/26/2013,08/31/2013,Standard Class,AA-10515,Consumer,United States,Chicago,TX,72363,East,PRD-00090,Groceries,Beverages,Beverages Product,869.72,3,0.05,39.63
ORD-01491,05/03/2011,05/04/2011,Same Day,AA-10345,Consumer,United States,Phoenix,TX,21727,South,PRD-00091,Technology,Accessories,Accessories Product,615.32,8,0.2,233.46
ORD-01492,05/22/2011,05/27/2011,Standard Class,AA-10546,Home Office,United States,Phoenix,TX,19905,Central,PRD-00092,Office Supplies,Pens,Pens Product,190.46,3,0.2,54.81
ORD-01493,07/23/2016,07/29/2016,First Class,AA-10387,Home Office,United States,Houston,NY,75008,West,PRD-00093,Office Supplies,Appliances,Appliances Product,404.09,1,0.1,-4.15
ORD-01494,05/21/2017,05/22/2017,Second Class,AA-10400,Consumer,United States,Chicago,IL,27268,South,PRD-00094,Technology,Accessories,Accessories Product,232.85,1,0.1,-12.36
ORD-01495,01/16/2015,01/21/2015,First Class,AA-10388,Consumer,United States,Los Angeles,NY,86459,East,PRD-00095,Technology,Accessories,Accessories Product,80.59,1,0.05,-5.74
ORD-01496,06/03/2014,06/07/2014,First Class,AA-10543,Corporate,United States,New York,CA,27111,Central,PRD-00096,Groceries,Beverages,Beverages Product,4060.44,13,0.05,830.94
ORD-01497,08/03/2015,08/06/2015,First Class,AA-10355,Home Office,United States,Phoenix,IL,24673,Central,PRD-00097,Groceries,Canned Goods,Canned Goods Product,392.62,18,0.05,-14.84
ORD-01498,06/01/2011,06/06/2011,Standard Class,AA-10382,Consumer,United States,Houston,AZ,63032,East,PRD-00098,Technology,Phones,Phones Product,6403.63,19,0.1,2388.87
ORD-01499,10/20/2017,10/22/2017,Second Class,AA-10589,Corporate,United States,Houston,NY,11267,East,PRD-00099,Groceries,Canned Goods,Canned Goods Product,4519.06,16,0.2,924.96
ORD-01500,07/01/2014,07/06/2014,Standard Class,AA-10548,Home Office,United States,New York,AZ,14263,Central,PRD-00000,Furniture,Chairs,Chairs Product,6410.85,17,0.15,1875.29
ORD-01501,04/09/2014,04/15/2014,Second Class,AA-10605,Corporate,United States,Phoenix,CA,35871,East,PRD-00001,Office Supplies,Appliances,Appliances Product,2203.32,14,0.0,92.98
ORD-01502,08/01/2013,08/02/2013,Second Class,AA-10457,Home Office,United States,Phoenix,TX,51754,East,PRD-00002,Furniture,Furnishings,Furnishings Product,2070.3,9,0.0,212.21
ORD-01503,11/04/2015,11/10/2015,Same Day,AA-10410,Home Office,United States,Los Angeles,NY,57091,East,PRD-00003,Office Supplies,Appliances,Appliances Product,253.8,6,0.05,-20.41
ORD-01504,01/07/2011,01/09/2011,First Class,AA-10421,Home Office,United States,Houston,TX,41361,West,PRD-00004,Office Supplies,Appliances,Appliances Product,40.21,2,0.2,4.48
ORD-01505,11/12/2017,11/13/2017,Standard Class,AA-10317,Corporate,United States,Phoenix,CA,40814,South,PRD-00005,Technology,Phones,Phones Product,534.16,4,0.15,149.03
ORD-01506,07/18/2016,07/24/2016,First Class,AA-10418,Corporate,United States,Phoenix,NY,81776,Central,PRD-00006,Groceries,Dairy,Dairy Product,638.35,20,0.0,79.84
ORD-01507,05/20/2016,05/25/2016,First Class,AA-10447,Home Office,United States,Los Angeles,CA,66958,West,PRD-00007,Groceries,Beverages,Beverages Product,69.65,2,0.2,20.17
ORD-01508,02/01/2012,02/07/2012,First Class,AA-10440,Home Office,United States,Chicago,IL,75699,South,PRD-00008,Groceries,Snacks,Snacks Product,1065.85,4,0.0,-9.59
ORD-01509,06/06/2017,06/08/2017,First Class,AA-10473,Consumer,United States,Chicago,TX,63885,West,PRD-00009,Office Supplies,Appliances,Appliances Product,2251.21,7,0.0,-357.83
ORD-01510,01/03/2016,01/07/2016,Same Day,AA-10479,Consumer,United States,New York,NY,17675,South,PRD-00010,Groceries,Canned Goods,Canned Goods Product,2951.82,10,0.1,938.5
ORD-01511,12/29/2013,01/03/2014,Same Day,AA-10323,Home Office,United States,Chicago,NY,29567,Central,PRD-00011,Office Supplies,Appliances,Appliances Product,1437.89,17,0.05,275.46
ORD-01512,07/30/2012,08/03/2012,Second Class,AA-10332,Corporate,United States,Los Angeles,TX,50838,South,PRD-00012,Furniture,Chairs,Chairs Product,2214.71,16,0.1,759.42
ORD-01513,06/29/2013,07/06/2013,Second Class,AA-10491,Home Office,United States,Chicago,NY,81952,West,PRD-00013,Groceries,Snacks,Snacks Product,154.38,1,0.05,26.53
ORD-01514,09/11/2015,09/15/2015,Standard Class,AA-10350,Consumer,United States,New York,TX,88854,South,PRD-00014,Office Supplies,Paper,Paper Product,3439.03,12,0.1,685.52
ORD-01515,06/16/2013,06/18/2013,Second Class,AA-10343,Corporate,United States,New York,NY,21761,South,PRD-00015,Furniture,Furnishings,Furnishings Product,301.43,14,0.0,-37.17
ORD-01516,04/01/2013,04/04/2013,First Class,AA-10380,Consumer,United States,Houston,TX,67045,East,PRD-00016,Groceries,Snacks,Snacks Product,646.68,12,0.0,124.76
ORD-01517,07/08/2013,07/10/2013,Same Day,AA-10447,Corporate,United States,Los Angeles,IL,60176,West,PRD-00017,Furniture,Furnishings,Furnishings Product,971.23,2,0.1,187.5
ORD-01518,03/14/2012,03/17/2012,Same Day,AA-10360,Consumer,United States,Chicago,CA,55838,Central,PRD-00018,Furniture,Tables,Tables Product,189.32,1,0.05,71.64
ORD-01519,12/07/2011,12/09/2011,Same Day,AA-10566,Home Office,United States,Los Angeles,TX,69383,West,PRD-00019,Groceries,Beverages,Beverages Product,2824.19,6,0.0,705.12
ORD-01520,09/17/2016,09/24/2016,Second Class,AA-10515,Corporate,United States,New York,AZ,67924,Central,PRD-00020,Groceries,Dairy,Dairy Product,5599.47,12,0.15,2080.89
ORD-01521,02/13/2017,02/18/2017,Standard Class,AA-10541,Home Office,United States,Los Angeles,IL,11971,West,PRD-00021,Furniture,Bookcases,Bookcases Product,3821.92,16,0.0,754.58
ORD-01522,08/18/2015,08/25/2015,First Class,AA-10370,Consumer,United States,Chicago,NY,50270,Central,PRD-00022,Furniture,Furnishings,Furnishings Product,4870.42,10,0.05,-286.5
ORD-01523,03/30/2015,04/04/2015,First Class,AA-10595,Consumer,United States,Chicago,IL,85344,South,PRD-00023,Office Supplies,Appliances,Appliances Product,262.86,5,0.15,80.46
ORD-01524,03/12/2011,03/17/2011,Same Day,AA-10519,Consumer,United States,Phoenix,AZ,20526,South,PRD-00024,Furniture,Bookcases,Bookcases Product,1156.63,3,0.0,234.04
ORD-01525,03/13/2016,03/20/2016,First Class,AA-10442,Home Office,United States,Phoenix,CA,18489,East,PRD-00025,Technology,Accessories,Accessories Product,1282.35,8,0.1,264.55
ORD-01526,07/31/2017,08/01/2017,Standard Class,AA-10529,Consumer,United States,Los Angeles,NY,31102,East,PRD-00026,Technology,Accessories,Accessories Product,1784.1,13,0.0,14.97
ORD-01527,06/27/2014,07/01/2014,Standard Class,AA-10415,Corporate,United States,Phoenix,AZ,65559,West,PRD-00027,Furniture,Chairs,Chairs Product,786.58,6,0.0,-101.41
ORD-01528,09/08/2013,09/09/2013,Second Class,AA-10569,Consumer,United States,Phoenix,TX,82189,West,PRD-00028,Office Supplies,Appliances,Appliances Product,3377.47,17,0.0,-264.86
ORD-01529,11/25/2011,11/27/2011,Standard Class,AA-10360,Home Office,United States,Houston,NY,87292,Central,PRD-00029,Furniture,Chairs,Chairs Product,112.83,1,0.15,32.49
ORD-01530,03/22/2017,03/25/2017,Standard Class,AA-10527,Home Office,United States,Phoenix,IL,22913,East,PRD-00030,Technology,Phones,Phones Product,5761.76,13,0.05,1476.94
ORD-01531,03/26/2016,03/30/2016,First Class,AA-10583,Consumer,United States,Chicago,AZ,31711,West,PRD-00031,Furniture,Bookcases,Bookcases Product,318.06,1,0.0,-24.29
ORD-01532,04/03/2011,04/07/2011,Standard Class,AA-10556,Home Office,United States,Los Angeles,TX,24673,Central,PRD-00032,Office Supplies,Binders,Binders Product,6373.16,17,0.15,-748.46
ORD-01533,03/09/2012,03/11/2012,Same Day,AA-10533,Corporate,United States,Houston,TX,25809,South,PRD-00033,Technology,Phones,Phones Product,4805.82,20,0.05,-586.95
ORD-01534,06/10/2016,06/11/2016,Second Class,AA-10488,Corporate,United States,Phoenix,NY,98307,East,PRD-00034,Office Supplies,Appliances,Appliances Product,6605.55,15,0.2,2100.4
ORD-01535,12/12/2014,12/19/2014,Second Class,AA-10553,Consumer,United States,Houston,CA,31268,West,PRD-00035,Technology,Phones,Phones Product,1974.92,6,0.1,-164.92
ORD-01536,05/20/2015,05/27/2015,Same Day,AA-10614,Corporate,United States,Houston,TX,12611,Central,PRD-00036,Technology,Accessories,Accessories Product,6755.12,20,0.15,884.19
ORD-01537,12/18/2015,12/21/2015,Second Class,AA-10497,Consumer,United States,Chicago,NY,25130,Central,PRD-00037,Technology,Accessories,Accessories Product,6962.92,20,0.05,1022.42
ORD-01538,05/06/2014,05/09/2014,Standard Class,AA-10389,Home Office,United States,Phoenix,IL,30518,East,PRD-00038,Groceries,Snacks,Snacks Product,245.37,1,0.0,-17.04
ORD-01539,05/17/2013,05/19/2013,Standard Class,AA-10372,Consumer,United States,Chicago,NY,65716,West,PRD-00039,Office Supplies,Pens,Pens Product,2754.96,10,0.1,281.1
ORD-01540,03/05/2011,03/11/2011,First Class,AA-10476,Home Office,United States,Phoenix,TX,48115,Central,PRD-00040,Office Supplies,Appliances,Appliances Product,297.29,5,0.0,7.8
ORD-01541,09/30/2013,10/01/2013,Standard Class,AA-10433,Corporate,United States,Houston,TX,44023,South,PRD-00041,Furniture,Tables,Tables Product,2794.76,10,0.0,-553.69
ORD-01542,07/02/2016,07/08/2016,Standard Class,AA-10573,Consumer,United States,Phoenix,NY,68856,Central,PRD-00042,Groceries,Snacks,Snacks Product,2656.55,11,0.2,5.78
ORD-01543,09/11/2014,09/12/2014,First Class,AA-10365,Corporate,United States,Chicago,CA,59332,West,PRD-00043,Office Supplies,Pens,Pens Product,3654.4,19,0.2,360.51
ORD-01544,09/17/2017,09/21/2017,First Class,AA-10551,Corporate,United States,Houston,TX,71415,South,PRD-00044,Office Supplies,Pens,Pens Product,250.14,13,0.1,68.05
ORD-01545,05/31/2011,06/05/2011,Same Day,AA-10498,Consumer,United States,Chicago,TX,44547,Central,PRD-00045,Technology,Accessories,Accessories Product,93.54,4,0.05,-15.28
ORD-01546,12/17/2016,12/19/2016,Standard Class,AA-10432,Consumer,United States,Houston,IL,19554,East,PRD-00046,Groceries,Snacks,Snacks Product,405.12,7,0.1,-6.43
ORD-01547,08/23/2016,08/26/2016,Same Day,AA-10481,Home Office,United States,Phoenix,TX,29333,Central,PRD-00047,Groceries,Beverages,Beverages Product,447.29,13,0.2,-43.09
ORD-01548,01/31/2013,02/04/2013,Same Day,AA-10599,Home Office,United States,Los Angeles,CA,72683,West,PRD-00048,Furniture,Chairs,Chairs Product,3212.15,15,0.1,-380.11
ORD-01549,04/25/2013,04/27/2013,Second Class,AA-10488,Home Office,United States,Houston,AZ,72283,West,PRD-00049,Office Supplies,Binders,Binders Product,3433.74,16,0.05,51.1
ORD-01550,07/23/2015,07/26/2015,First Class,AA-10330,Consumer,United States,Chicago,NY,55462,West,PRD-00050,Furniture,Furnishings,Furnishings Product,6515.43,19,0.05,-1078.17
ORD-01551,11/19/2016,11/22/2016,Same Day,AA-10389,Corporate,United States,Chicago,NY,51192,South,PRD-00051,Groceries,Beverages,Beverages Product,4082.7,19,0.0,1527.73
ORD-01552,08/10/2014,08/13/2014,First Class,AA-10525,Corporate,United States,Los Angeles,TX,20089,West,PRD-00052,Groceries,Snacks,Snacks Product,4081.5,16,0.15,407.69
ORD-01553,09/15/2013,09/17/2013,Same Day,AA-10584,Home Office,United States,Los Angeles,CA,17816,South,PRD-00053,Furniture,Tables,Tables Product,1461.96,6,0.15,365.12
ORD-01554,12/19/2012,12/25/2012,Same Day,AA-10390,Corporate,United States,Phoenix,NY,74463,West,PRD-00054,Groceries,Snacks,Snacks Product,1532.69,4,0.15,456.86
ORD-01555,09/29/2015,10/02/2015,First Class,AA-10399,Home Office,United States,Houston,AZ,82542,South,PRD-00055,Technology,Machines,Machines Product,1873.36,6,0.2,43.4
ORD-01556,05/13/2011,05/20/2011,Second Class,AA-10506,Consumer,United States,New York,CA,64160,West,PRD-00056,Office Supplies,Appliances,Appliances Product,6693.73,14,0.0,-506.06
ORD-01557,01/27/2012,02/01/2012,Standard Class,AA-10451,Consumer,United States,Houston,TX,12533,South,PRD-00057,Office Supplies,Binders,Binders Product,2274.96,9,0.0,-372.34
ORD-01558,11/26/2011,11/29/2011,Second Class,AA-10519,Consumer,United States,Los Angeles,TX,70140,South,PRD-00058,Office Supplies,Binders,Binders Product,890.41,2,0.0,324.84
ORD-01559,11/05/2013,11/08/2013,Same Day,AA-10458,Corporate,United States,Los Angeles,AZ,10698,South,PRD-00059,Groceries,Beverages,Beverages Product,1731.53,4,0.15,-180.17
ORD-01560,04/24/2017,04/29/2017,First Class,AA-10331,Consumer,United States,Phoenix,CA,89260,South,PRD-00060,Groceries,Canned Goods,Canned Goods Product,358.42,9,0.1,60.74
ORD-01561,06/05/2012,06/10/2012,Standard Class,AA-10551,Corporate,United States,Los Angeles,IL,95487,West,PRD-00061,Office Supplies,Binders,Binders Product,1650.3,6,0.0,-171.57
ORD-01562,05/07/2014,05/13/2014,First Class,AA-10603,Consumer,United States,Houston,CA,82478,East,PRD-00062,Groceries,Snacks,Snacks Product,2084.59,5,0.15,149.13
ORD-01563,12/28/2014,01/01/2015,Standard Class,AA-10420,Home Office,United States,Phoenix,TX,49498,West,PRD-00063,Groceries,Canned Goods,Canned Goods Product,7539.4,20,0.2,182.31
ORD-01564,09/11/2015,09/17/2015,Standard Class,AA-10568,Home Office,United States,Los Angeles,AZ,16089,South,PRD-00064,Furniture,Furnishings,Furnishings Product,93.13,1,0.2,-18.05
ORD-01565,02/01/2013,02/06/2013,Standard Class,AA-10354,Home Office,United States,Los Angeles,CA,30562,East,PRD-00065,Furniture,Bookcases,Bookcases Product,2509.21,8,0.1,-111.84
ORD-01566,02/27/2013,02/28/2013,Second Class,AA-10441,Corporate,United States,Chicago,IL,17782,West,PRD-00066,Office Supplies,Pens,Pens Product,479.13,1,0.05,6.95
ORD-01567,12/07/2017,12/11/2017,First Class,AA-10430,Home Office,United States,Los Angeles,AZ,35380,South,PRD-00067,Furniture,Bookcases,Bookcases Product,4401.6,11,0.0,-283.37
ORD-01568,02/28/2013,03/01/2013,Standard Class,AA-10398,Corporate,United States,Phoenix,AZ,94555,South,PRD-00068,Furniture,Tables,Tables Product,5984.9,13,0.2,335.47
ORD-01569,05/16/2012,05/23/2012,First Class,AA-10379,Home Office,United States,Houston,IL,90180,South,PRD-00069,Furniture,Bookcases,Bookcases Product,267.69,3,0.2,-44.3
ORD-01570,08/20/2011,08/23/2011,First Class,AA-10375,Corporate,United States,Los Angeles,NY,11951,Central,PRD-00070,Office Supplies,Pens,Pens Product,3307.67,16,0.0,293.3
ORD-01571,01/16/2013,01/18/2013,Same Day,AA-10452,Corporate,United States,New York,CA,23090,Central,PRD-00071,Technology,Copiers,Copiers Product,2662.95,15,0.0,403.63
ORD-01572,03/06/2015,03/08/2015,Same Day,AA-10433,Corporate,United States,Houston,NY,28594,West,PRD-00072,Groceries,Beverages,Beverages Product,6005.1,14,0.1,504.86
ORD-01573,12/17/2017,12/23/2017,First Class,AA-10532,Corporate,United States,Los Angeles,IL,18006,South,PRD-00073,Technology,Accessories,Accessories Product,183.68,8,0.2,28.63
ORD-01574,11/11/2012,11/12/2012,First Class,AA-10369,Consumer,United States,Los Angeles,NY,86269,West,PRD-00074,Technology,Machines,Machines Product,3451.43,8,0.1,-669.72
ORD-01575,05/11/2014,05/14/2014,Same Day,AA-10436,Home Office,United States,Los Angeles,IL,42941,South,PRD-00075,Technology,Accessories,Accessories Product,7351.83,16,0.15,1342.64
ORD-01576,09/20/2012,09/25/2012,Second Class,AA-10362,Home Office,United States,New York,IL,81136,Central,PRD-00076,Office Supplies,Paper,Paper Product,3885.22,11,0.2,1067.39
ORD-01577,07/10/2016,07/12/2016,Second Class,AA-10336,Home Office,United States,Phoenix,AZ,66360,East,PRD-00077,Groceries,Dairy,Dairy Product,5414.01,13,0.05,2041.0
ORD-01578,01/26/2012,01/30/2012,First Class,AA-10498,Consumer,United States,Phoenix,IL,93432,East,PRD-00078,Technology,Copiers,Copiers Product,2628.59,11,0.2,523.9
ORD-01579,11/29/2016,12/06/2016,Second Class,AA-10586,Consumer,United States,Phoenix,IL,62153,Central,PRD-00079,Office Supplies,Pens,Pens Product,3880.15,11,0.15,-461.79
ORD-01580,05/28/2012,05/29/2012,Same Day,AA-10614,Consumer,United States,Phoenix,CA,32624,South,PRD-00080,Office Supplies,Paper,Paper Product,4627.49,10,0.1,1121.09
ORD-01581,12/06/2014,12/09/2014,Same Day,AA-10319,Consumer,United States,Phoenix,TX,34733,East,PRD-00081,Technology,Copiers,Copiers Product,4408.5,12,0.15,-437.32
ORD-01582,01/08/2013,01/13/2013,Second Class,AA-10321,Home Office,United States,New York,NY,89362,Central,PRD-00082,Technology,Copiers,Copiers Product,782.31,6,0.1,-115.54
ORD-01583,06/04/2015,06/11/2015,First Class,AA-10402,Consumer,United States,Phoenix,IL,66401,South,PRD-00083,Groceries,Snacks,Snacks Product,1054.28,5,0.0,-44.95
ORD-01584,01/28/2013,01/29/2013,Standard Class,AA-10349,Home Office,United States,Los Angeles,CA,58593,South,PRD-00084,Groceries,Canned Goods,Canned Goods Product,38.39,2,0.05,6.48
ORD-01585,01/15/2017,01/20/2017,Second Class,AA-10405,Corporate,United States,New York,NY,65033,West,PRD-00085,Office Supplies,Pens,Pens Product,4198.13,10,0.0,-620.88
ORD-01586,12/06/2016,12/12/2016,Same Day,AA-10388,Consumer,United States,Houston,TX,27013,Central,PRD-00086,Groceries,Dairy,Dairy Product,333.96,2,0.1,13.41
ORD-01587,02/26/2014,02/28/2014,First Class,AA-10426,Corporate,United States,New York,TX,65785,South,PRD-00087,Furniture,Chairs,Chairs Product,290.5,1,0.05,22.61
ORD-01588,07/02/2013,07/08/2013,Standard Class,AA-10371,Corporate,United States,Chicago,CA,36220,West,PRD-00088,Office Supplies,Pens,Pens Product,926.61,14,0.2,-41.34
ORD-01589,05/13/2015,05/17/2015,Same Day,AA-10493,Home Office,United States,Houston,AZ,57449,Central,PRD-00089,Furniture,Bookcases,Bookcases Product,1834.17,4,0.05,139.14
ORD-01590,09/18/2015,09/19/2015,First Class,AA-10331,Corporate,United States,New York,TX,52964,East,PRD-00090,Groceries,Beverages,Beverages Product,2755.43,9,0.05,480.01
ORD-01591,02/14/2012,02/19/2012,Second Class,AA-10576,Consumer,United States,Chicago,CA,15397,South,PRD-00091,Groceries,Snacks,Snacks Product,1258.76,3,0.15,216.3
ORD-01592,03/21/2014,03/25/2014,Second Class,AA-10601,Consumer,United States,Chicago,IL,66151,East,PRD-00092,Office Supplies,Binders,Binders Product,1406.38,10,0.1,-215.65
ORD-01593,03/15/2013,03/22/2013,First Class,AA-10571,Home Office,United States,Chicago,CA,59610,South,PRD-00093,Groceries,Canned Goods,Canned Goods Product,4341.5,15,0.0,-437.17
ORD-01594,09/09/2015,09/15/2015,First Class,AA-10601,Consumer,United States,New York,NY,88069,East,PRD-00094,Technology,Machines,Machines Product,1421.23,15,0.2,85.73
ORD-01595,07/19/2013,07/23/2013,First Class,AA-10571,Consumer,United States,Chicago,AZ,89089,West,PRD-00095,Furniture,Bookcases,Bookcases Product,5976.64,16,0.1,-570.0
ORD-01596,05/14/2011,05/18/2011,Same Day,AA-10612,Home Office,United States,New York,IL,39114,Central,PRD-00096,Office Supplies,Binders,Binders Product,864.9,18,0.15,-147.08
ORD-01597,08/31/2016,09/01/2016,Same Day,AA-10582,Home Office,United States,Chicago,TX,43607,Central,PRD-00097,Furniture,Bookcases,Bookcases Product,1637.63,7,0.15,387.54
ORD-01598,03/29/2016,04/01/2016,Standard Class,AA-10382,Home Office,United States,Chicago,AZ,89813,West,PRD-00098,Groceries,Beverages,Beverages Product,3655.49,13,0.0,75.47
ORD-01599,09/02/2011,09/07/2011,First Class,AA-10391,Corporate,United States,New York,TX,95172,Central,PRD-00099,Groceries,Dairy,Dairy Product,1755.98,6,0.0,-339.51
ORD-01600,03/25/2011,03/26/2011,Second Class,AA-10463,Home Office,United States,Los Angeles,TX,44997,Central,PRD-00000,Office Supplies,Paper,Paper Product,5304.89,14,0.15,-955.09
ORD-01601,08/22/2017,08/23/2017,Same Day,AA-10575,Corporate,United States,New York,AZ,27778,South,PRD-00001,Office Supplies,Pens,Pens Product,204.22,1,0.15,40.75
ORD-01602,01/21/2013,01/28/2013,Same Day,AA-10530,Home Office,United States,Phoenix,TX,53135,South,PRD-00002,Groceries,Dairy,Dairy Product,6170.49,19,0.0,1040.25
ORD-01603,08/19/2016,08/22/2016,Second Class,AA-10483,Home Office,United States,Phoenix,AZ,76022,Central,PRD-00003,Technology,Accessories,Accessories Product,6051.21,16,0.2,295.46
ORD-01604,06/26/2015,06/28/2015,Standard Class,AA-10327,Home Office,United States,Houston,NY,44388,Central,PRD-00004,Furniture,Bookcases,Bookcases Product,423.48,1,0.1,60.39
ORD-01605,11/15/2011,11/16/2011,Standard Class,AA-10594,Corporate,United States,Los Angeles,AZ,98626,West,PRD-00005,Groceries,Dairy,Dairy Product,209.5,1,0.05,-18.42
ORD-01606,04/27/2016,05/02/2016,Second Class,AA-10413,Corporate,United States,Chicago,CA,40589,Central,PRD-00006,Office Supplies,Appliances,Appliances Product,7790.69,19,0.05,734.84
ORD-01607,01/06/2012,01/09/2012,Second Class,AA-10549,Consumer,United States,Los Angeles,AZ,80197,South,PRD-00007,Technology,Accessories,Accessories Product,3092.66,10,0.05,133.4
ORD-01608,12/23/2011,12/30/2011,Same Day,AA-10436,Corporate,United States,New York,TX,88487,South,PRD-00008,Furniture,Bookcases,Bookcases Product,6984.82,20,0.0,-213.97
ORD-01609,09/18/2011,09/21/2011,Second Class,AA-10489,Home Office,United States,Phoenix,IL,96335,South,PRD-00009,Groceries,Beverages,Beverages Product,190.25,1,0.2,22.51
ORD-01610,08/11/2011,08/12/2011,Same Day,AA-10390,Home Office,United States,Houston,IL,96943,South,PRD-00010,Technology,Accessories,Accessories Product,1164.72,18,0.15,117.87
ORD-01611,04/11/2012,04/16/2012,Second Class,AA-10490,Home Office,United States,Phoenix,NY,53066,West,PRD-00011,Technology,Phones,Phones Product,4273.63,13,0.1,1408.12
ORD-01612,03/29/2013,04/02/2013,First Class,AA-10544,Consumer,United States,Houston,NY,36684,West,PRD-00012,Technology,Phones,Phones Product,586.49,16,0.2,226.62
ORD-01613,10/02/2016,10/07/2016,Same Day,AA-10591,Home Office,United States,Los Angeles,IL,49209,East,PRD-00013,Technology,Phones,Phones Product,1321.11,15,0.05,154.85
ORD-01614,05/04/2011,05/09/2011,Second Class,AA-10324,Home Office,United States,Houston,IL,21641,West,PRD-00014,Groceries,Beverages,Beverages Product,4398.66,17,0.2,1669.58
ORD-01615,09/13/2015,09/17/2015,Standard Class,AA-10591,Consumer,United States,Houston,TX,61368,South,PRD-00015,Technology,Accessories,Accessories Product,6571.29,19,0.2,2173.35
ORD-01616,03/05/2011,03/11/2011,Second Class,AA-10600,Corporate,United States,Los Angeles,IL,46780,East,PRD-00016,Technology,Copiers,Copiers Product,127.65,1,0.0,9.42
ORD-01617,06/13/2013,06/17/2013,Standard Class,AA-10481,Consumer,United States,Los Angeles,NY,48697,South,PRD-00017,Groceries,Beverages,Beverages Product,1562.97,9,0.2,325.54
ORD-01618,05/06/2014,05/08/2014,Second Class,AA-10398,Corporate,United States,Chicago,CA,11173,South,PRD-00018,Furniture,Tables,Tables Product,4233.16,14,0.2,-617.98
ORD-01619,03/08/2017,03/12/2017,Standard Class,AA-10451,Consumer,United States,Chicago,CA,59208,East,PRD-00019,Groceries,Dairy,Dairy Product,264.93,2,0.15,50.18
ORD-01620,06/28/2012,07/05/2012,Standard Class,AA-10472,Home Office,United States,Phoenix,TX,58131,East,PRD-00020,Technology,Machines,Machines Product,1427.16,12,0.15,-66.36
ORD-01621,03/08/2011,03/14/2011,Same Day,AA-10439,Corporate,United States,Los Angeles,AZ,58423,East,PRD-00021,Groceries,Canned Goods,Canned Goods Product,4724.71,17,0.0,53.71
ORD-01622,06/27/2015,07/04/2015,Same Day,AA-10525,Home Office,United States,Phoenix,AZ,63444,East,PRD-00022,Office Supplies,Pens,Pens Product,615.51,5,0.0,17.66
ORD-01623,07/25/2017,08/01/2017,Second Class,AA-10352,Consumer,United States,New York,IL,34378,Central,PRD-00023,Office Supplies,Paper,Paper Product,3079.94,19,0.15,1172.45
ORD-01624,01/25/2013,01/29/2013,Same Day,AA-10399,Consumer,United States,Los Angeles,IL,59408,South,PRD-00024,Groceries,Beverages,Beverages Product,198.08,1,0.15,-30.98
ORD-01625,08/05/2017,08/09/2017,Same Day,AA-10595,Home Office,United States,Houston,TX,90073,South,PRD-00025,Office Supplies,Pens,Pens Product,4160.56,11,0.15,1327.62
ORD-01626,03/05/2015,03/10/2015,First Class,AA-10537,Home Office,United States,Los Angeles,NY,52909,South,PRD-00026,Technology,Machines,Machines Product,524.24,4,0.2,-50.54
ORD-01627,10/06/2017,10/07/2017,Standard Class,AA-10585,Corporate,United States,Chicago,NY,95507,Central,PRD-00027,Office Supplies,Appliances,Appliances Product,2478.05,5,0.15,-480.97
ORD-01628,06/22/2015,06/27/2015,Standard Class,AA-10390,Consumer,United States,Chicago,NY,12186,South,PRD-00028,Technology,Machines,Machines Product,3423.4,8,0.1,817.01
ORD-01629,10/16/2016,10/17/2016,Same Day,AA-10609,Home Office,United States,Chicago,TX,48944,South,PRD-00029,Groceries,Canned Goods,Canned Goods Product,2257.78,5,0.2,185.24
ORD-01630,07/08/2012,07/10/2012,Second Class,AA-10466,Corporate,United States,Los Angeles,NY,84740,Central,PRD-00030,Technology,Machines,Machines Product,9702.29,20,0.05,-1616.72
ORD-01631,10/14/2015,10/19/2015,Standard Class,AA-10534,Home Office,United States,Chicago,TX,79985,South,PRD-00031,Technology,Machines,Machines Product,8168.66,18,0.15,-1020.58
ORD-01632,01/18/2011,01/22/2011,Same Day,AA-10358,Consumer,United States,Phoenix,TX,84956,East,PRD-00032,Groceries,Canned Goods,Canned Goods Product,2541.55,8,0.0,175.73
ORD-01633,05/21/2016,05/22/2016,Second Class,AA-10393,Corporate,United States,Los Angeles,NY,96068,South,PRD-00033,Furniture,Chairs,Chairs Product,1314.75,10,0.1,124.18
ORD-01634,05/28/2016,06/03/2016,Second Class,AA-10476,Consumer,United States,Houston,IL,18140,South,PRD-00034,Groceries,Snacks,Snacks Product,35.4,1,0.15,3.45
ORD-01635,09/13/2015,09/18/2015,Standard Class,AA-10359,Home Office,United States,Los Angeles,AZ,73475,South,PRD-00035,Office Supplies,Appliances,Appliances Product,1752.77,5,0.2,432.11
ORD-01636,05/10/2013,05/13/2013,First Class,AA-10550,Corporate,United States,Chicago,AZ,89814,West,PRD-00036,Technology,Copiers,Copiers Product,3685.64,10,0.1,1146.49
ORD-01637,01/14/2014,01/16/2014,Second Class,AA-10567,Corporate,United States,New York,NY,71660,Central,PRD-00037,Groceries,Snacks,Snacks Product,5660.97,15,0.2,280.73
ORD-01638,08/09/2014,08/12/2014,Standard Class,AA-10354,Corporate,United States,Los Angeles,CA,80544,East,PRD-00038,Technology,Accessories,Accessories Product,977.91,2,0.2,305.11
ORD-01639,11/18/2011,11/19/2011,First Class,AA-10452,Home Office,United States,New York,IL,55392,West,PRD-00039,Furniture,Furnishings,Furnishings Product,3402.59,7,0.0,554.66
ORD-01640,01/26/2012,01/29/2012,Second Class,AA-10479,Home Office,United States,New York,TX,16146,Central,PRD-00040,Groceries,Canned Goods,Canned Goods Product,3257.76,9,0.2,115.46
ORD-01641,04/20/2016,04/23/2016,First Class,AA-10316,Consumer,United States,Phoenix,IL,12408,South,PRD-00041,Technology,Machines,Machines Product,298.04,1,0.0,68.58
ORD-01642,10/10/2017,10/15/2017,Same Day,AA-10594,Corporate,United States,Los Angeles,NY,41266,East,PRD-00042,Office Supplies,Pens,Pens Product,1212.28,3,0.0,252.86
ORD-01643,02/06/2017,02/08/2017,Same Day,AA-10598,Corporate,United States,Los Angeles,AZ,54295,West,PRD-00043,Groceries,Canned Goods,Canned Goods Product,333.44,1,0.2,41.44
ORD-01644,04/15/2015,04/17/2015,Second Class,AA-10459,Consumer,United States,Los Angeles,AZ,71397,East,PRD-00044,Groceries,Beverages,Beverages Product,2547.75,7,0.1,592.35
ORD-01645,12/15/2013,12/16/2013,Second Class,AA-10325,Consumer,United States,New York,AZ,90626,West,PRD-00045,Technology,Accessories,Accessories Product,493.76,16,0.2,66.67
ORD-01646,01/24/2017,01/28/2017,Standard Class,AA-10459,Consumer,United States,Chicago,AZ,46133,East,PRD-00046,Office Supplies,Appliances,Appliances Product,323.55,3,0.05,92.68
ORD-01647,04/16/2017,04/22/2017,Same Day,AA-10339,Consumer,United States,Chicago,TX,99619,South,PRD-00047,Furniture,Tables,Tables Product,1664.97,13,0.0,-221.67
ORD-01648,08/24/2012,08/27/2012,First Class,AA-10324,Home Office,United States,Chicago,IL,72947,West,PRD-00048,Furniture,Tables,Tables Product,9068.84,20,0.0,776.56
ORD-01649,12/18/2016,12/19/2016,First Class,AA-10385,Home Office,United States,Los Angeles,AZ,45690,Central,PRD-00049,Office Supplies,Appliances,Appliances Product,5667.76,15,0.1,194.07
ORD-01650,06/13/2016,06/18/2016,Same Day,AA-10513,Consumer,United States,Chicago,CA,11783,South,PRD-00050,Groceries,Beverages,Beverages Product,1373.44,14,0.1,304.73
ORD-01651,04/24/2015,04/25/2015,Second Class,AA-10352,Corporate,United States,Phoenix,TX,16346,East,PRD-00051,Furniture,Chairs,Chairs Product,966.23,5,0.2,332.7
ORD-01652,08/01/2011,08/04/2011,Standard Class,AA-10516,Consumer,United States,Phoenix,NY,94800,Central,PRD-00052,Office Supplies,Appliances,Appliances Product,2651.31,13,0.15,788.87
ORD-01653,12/25/2013,12/27/2013,Standard Class,AA-10319,Home Office,United States,Los Angeles,NY,28764,East,PRD-00053,Technology,Phones,Phones Product,2082.18,7,0.2,-268.69
ORD-01654,07/08/2012,07/13/2012,Same Day,AA-10326,Home Office,United States,Phoenix,IL,40312,West,PRD-00054,Furniture,Bookcases,Bookcases Product,2084.37,6,0.15,529.82
ORD-01655,06/11/2017,06/13/2017,Same Day,AA-10410,Corporate,United States,Houston,IL,96715,East,PRD-00055,Groceries,Snacks,Snacks Product,630.82,2,0.2,36.73
ORD-01656,11/21/2013,11/24/2013,First Class,AA-10454,Corporate,United States,Los Angeles,AZ,21870,West,PRD-00056,Office Supplies,Appliances,Appliances Product,1650.62,11,0.2,623.25
ORD-01657,04/02/2017,04/09/2017,First Class,AA-10323,Corporate,United States,Houston,TX,30565,South,PRD-00057,Technology,Accessories,Accessories Product,3819.99,12,0.2,-279.56
ORD-01658,09/11/2017,09/15/2017,Same Day,AA-10504,Consumer,United States,Los Angeles,TX,23441,Central,PRD-00058,Office Supplies,Appliances,Appliances Product,4993.6,16,0.0,-55.24
ORD-01659,07/25/2012,07/27/2012,Same Day,AA-10473,Corporate,United States,New York,CA,35787,East,PRD-00059,Groceries,Snacks,Snacks Product,227.06,15,0.15,72.26
ORD-01660,09/15/2011,09/16/2011,Same Day,AA-10502,Consumer,United States,New York,TX,75149,West,PRD-00060,Furniture,Chairs,Chairs Product,580.45,3,0.05,121.05
ORD-01661,07/18/2014,07/20/2014,First Class,AA-10531,Corporate,United States,New York,CA,42151,East,PRD-00061,Technology,Machines,Machines Product,3835.51,17,0.0,92.25
ORD-01662,06/13/2014,06/19/2014,First Class,AA-10541,Home Office,United States,Houston,AZ,17132,East,PRD-00062,Furniture,Chairs,Chairs Product,6300.17,13,0.1,-451.87
ORD-01663,02/29/2016,03/04/2016,Second Class,AA-10378,Corporate,United States,Chicago,TX,26129,South,PRD-00063,Technology,Accessories,Accessories Product,6755.95,14,0.1,2084.67
ORD-01664,03/08/2013,03/11/2013,Same Day,AA-10480,Consumer,United States,Los Angeles,CA,72687,Central,PRD-00064,Groceries,Canned Goods,Canned Goods Product,4237.25,18,0.2,1580.1
ORD-01665,12/30/2011,01/01/2012,Standard Class,AA-10592,Home Office,United States,Chicago,TX,74077,South,PRD-00065,Furniture,Tables,Tables Product,404.8,1,0.0,55.94
ORD-01666,06/07/2013,06/14/2013,Same Day,AA-10412,Corporate,United States,Chicago,NY,34385,South,PRD-00066,Office Supplies,Binders,Binders Product,2766.44,7,0.05,-204.16
ORD-01667,08/12/2014,08/15/2014,Second Class,AA-10437,Corporate,United States,Houston,CA,91520,South,PRD-00067,Office Supplies,Binders,Binders Product,2914.06,15,0.2,558.46
ORD-01668,07/05/2013,07/06/2013,First Class,AA-10588,Home Office,United States,New York,NY,65480,South,PRD-00068,Furniture,Tables,Tables Product,153.93,2,0.05,-28.78
ORD-01669,07/22/2013,07/23/2013,Second Class,AA-10404,Home Office,United States,New York,TX,53437,East,PRD-00069,Furniture,Bookcases,Bookcases Product,570.42,5,0.1,55.21
ORD-01670,12/11/2011,12/15/2011,First Class,AA-10483,Corporate,United States,Phoenix,AZ,91570,West,PRD-00070,Furniture,Bookcases,Bookcases Product,2246.91,5,0.0,783.96
ORD-01671,04/06/2013,04/08/2013,Second Class,AA-10597,Home Office,United States,Los Angeles,CA,66688,South,PRD-00071,Office Supplies,Appliances,Appliances Product,11.85,1,0.15,3.24
ORD-01672,06/09/2012,06/15/2012,Standard Class,AA-10567,Corporate,United States,Houston,IL,72671,West,PRD-00072,Groceries,Dairy,Dairy Product,1754.83,15,0.0,85.11
ORD-01673,12/20/2015,12/23/2015,Second Class,AA-10316,Home Office,United States,Phoenix,IL,27730,East,PRD-00073,Office Supplies,Paper,Paper Product,253.28,2,0.0,0.26
ORD-01674,12/14/2011,12/20/2011,Same Day,AA-10334,Corporate,United States,Chicago,AZ,31889,Central,PRD-00074,Groceries,Canned Goods,Canned Goods Product,149.63,2,0.15,-5.66
ORD-01675,02/01/2016,02/02/2016,Standard Class,AA-10530,Consumer,United States,Houston,CA,76631,East,PRD-00075,Office Supplies,Paper,Paper Product,8811.09,19,0.15,2627.86
ORD-01676,07/11/2015,07/15/2015,Second Class,AA-10449,Consumer,United States,Phoenix,CA,86949,Central,PRD-00076,Groceries,Snacks,Snacks Product,2911.02,10,0.1,-31.91
ORD-01677,06/10/2017,06/15/2017,First Class,AA-10592,Corporate,United States,New York,IL,88278,South,PRD-00077,Furniture,Chairs,Chairs Product,2730.45,9,0.2,153.86
ORD-01678,08/08/2012,08/11/2012,Same Day,AA-10528,Consumer,United States,Los Angeles,NY,30571,West,PRD-00078,Groceries,Canned Goods,Canned Goods Product,507.53,7,0.05,195.51
ORD-01679,03/03/2012,03/05/2012,Same Day,AA-10483,Corporate,United States,Los Angeles,CA,35311,East,PRD-00079,Furniture,Bookcases,Bookcases Product,1065.79,8,0.0,234.35
ORD-01680,07/31/2016,08/06/2016,Same Day,AA-10468,Consumer,United States,Phoenix,AZ,78990,South,PRD-00080,Office Supplies,Pens,Pens Product,2253.56,11,0.15,558.69
ORD-01681,06/11/2012,06/14/2012,Standard Class,AA-10419,Corporate,United States,Phoenix,NY,60386,West,PRD-00081,Groceries,Dairy,Dairy Product,343.23,2,0.2,131.64
ORD-01682,03/29/2013,04/05/2013,First Class,AA-10445,Corporate,United States,New York,IL,77543,Central,PRD-00082,Furniture,Furnishings,Furnishings Product,2390.94,10,0.2,381.77
ORD-01683,12/23/2015,12/30/2015,Same Day,AA-10452,Consumer,United States,Los Angeles,TX,25640,West,PRD-00083,Groceries,Beverages,Beverages Product,2309.52,18,0.0,724.7
ORD-01684,02/02/2017,02/06/2017,First Class,AA-10345,Corporate,United States,Chicago,TX,99703,Central,PRD-00084,Office Supplies,Binders,Binders Product,594.76,3,0.05,-116.31
ORD-01685,02/11/2014,02/14/2014,Standard Class,AA-10484,Consumer,United States,Chicago,TX,66485,East,PRD-00085,Groceries,Dairy,Dairy Product,1876.72,11,0.1,625.1
ORD-01686,01/24/2011,01/28/2011,Second Class,AA-10318,Corporate,United States,New York,IL,19344,Central,PRD-00086,Technology,Accessories,Accessories Product,3888.6,17,0.2,1058.24
ORD-01687,04/17/2015,04/20/2015,Standard Class,AA-10495,Home Office,United States,Phoenix,AZ,71906,East,PRD-00087,Furniture,Bookcases,Bookcases Product,341.66,4,0.1,108.29
ORD-01688,01/21/2011,01/22/2011,Second Class,AA-10388,Corporate,United States,Houston,NY,18326,Central,PRD-00088,Office Supplies,Pens,Pens Product,3556.44,17,0.2,1418.55
ORD-01689,03/23/2011,03/26/2011,Second Class,AA-10440,Consumer,United States,Phoenix,TX,17964,South,PRD-00089,Groceries,Beverages,Beverages Product,884.26,2,0.1,252.84
ORD-01690,07/05/2011,07/07/2011,First Class,AA-10485,Home Office,United States,Phoenix,NY,86530,Central,PRD-00090,Technology,Copiers,Copiers Product,491.73,1,0.1,121.96
ORD-01691,09/29/2011,10/04/2011,First Class,AA-10558,Consumer,United States,Los Angeles,IL,61018,East,PRD-00091,Groceries,Dairy,Dairy Product,2109.71,5,0.1,831.27
ORD-01692,11/27/2016,12/01/2016,Same Day,AA-10321,Corporate,United States,Phoenix,NY,85109,East,PRD-00092,Furniture,Bookcases,Bookcases Product,474.76,2,0.1,119.69
ORD-01693,08/02/2016,08/08/2016,Same Day,AA-10429,Consumer,United States,Los Angeles,AZ,42895,East,PRD-00093,Furniture,Chairs,Chairs Product,3260.34,11,0.2,-563.73
ORD-01694,08/25/2012,08/27/2012,First Class,AA-10337,Home Office,United States,Chicago,AZ,12301,Central,PRD-00094,Office Supplies,Appliances,Appliances Product,5478.72,12,0.2,2109.17
ORD-01695,02/22/2013,02/26/2013,First Class,AA-10474,Home Office,United States,Houston,TX,57523,East,PRD-00095,Office Supplies,Appliances,Appliances Product,457.77,8,0.15,91.09
ORD-01696,04/10/2012,04/12/2012,Standard Class,AA-10473,Home Office,United States,Phoenix,CA,89478,East,PRD-00096,Technology,Accessories,Accessories Product,4471.03,9,0.2,1041.66
ORD-01697,10/30/2016,11/01/2016,Second Class,AA-10517,Corporate,United States,New York,IL,81910,Central,PRD-00097,Furniture,Chairs,Chairs Product,4102.85,19,0.05,771.42
ORD-01698,12/25/2017,12/27/2017,Standard Class,AA-10458,Corporate,United States,Los Angeles,NY,60324,Central,PRD-00098,Office Supplies,Binders,Binders Product,5893.1,14,0.1,2102.98
ORD-01699,01/14/2013,01/21/2013,Standard Class,AA-10424,Corporate,United States,Phoenix,AZ,29605,East,PRD-00099,Technology,Machines,Machines Product,1473.14,3,0.2,521.48
ORD-01700,08/23/2012,08/30/2012,Standard Class,AA-10510,Corporate,United States,Los Angeles,CA,27500,Central,PRD-00000,Furniture,Bookcases,Bookcases Product,3098.53,19,0.2,400.5
ORD-01701,08/14/2012,08/16/2012,Second Class,AA-10427,Consumer,United States,Houston,AZ,17420,West,PRD-00001,Groceries,Snacks,Snacks Product,4741.35,15,0.2,-871.53
ORD-01702,10/21/2015,10/25/2015,Same Day,AA-10476,Home Office,United States,Chicago,IL,19253,Central,PRD-00002,Furniture,Furnishings,Furnishings Product,677.68,2,0.2,-21.45
ORD-01703,09/20/2015,09/27/2015,Standard Class,AA-10569,Corporate,United States,Los Angeles,TX,77395,West,PRD-00003,Furniture,Bookcases,Bookcases Product,2105.19,7,0.0,827.97
ORD-01704,12/15/2014,12/18/2014,Same Day,AA-10613,Consumer,United States,Houston,AZ,37537,East,PRD-00004,Technology,Machines,Machines Product,4883.82,16,0.2,725.83
ORD-01705,03/04/2017,03/10/2017,Same Day,AA-10577,Corporate,United States,New York,CA,41168,Central,PRD-00005,Groceries,Dairy,Dairy Product,1871.17,7,0.05,702.98
ORD-01706,03/21/2012,03/26/2012,Standard Class,AA-10407,Consumer,United States,Phoenix,AZ,78549,Central,PRD-00006,Technology,Phones,Phones Product,4089.05,11,0.2,1337.51
ORD-01707,02/07/2012,02/14/2012,Standard Class,AA-10576,Consumer,United States,New York,TX,86826,South,PRD-00007,Office Supplies,Appliances,Appliances Product,215.22,16,0.15,7.06
ORD-01708,06/17/2013,06/23/2013,Same Day,AA-10561,Home Office,United States,Chicago,AZ,69522,West,PRD-00008,Office Supplies,Pens,Pens Product,3654.39,13,0.05,-239.94
ORD-01709,09/20/2013,09/27/2013,Second Class,AA-10476,Consumer,United States,Chicago,IL,68470,West,PRD-00009,Technology,Accessories,Accessories Product,2730.76,16,0.2,460.16
ORD-01710,06/17/2016,06/20/2016,First Class,AA-10541,Home Office,United States,New York,IL,67668,West,PRD-00010,Office Supplies,Appliances,Appliances Product,2529.2,6,0.05,-353.86
ORD-01711,01/04/2015,01/10/2015,First Class,AA-10380,Corporate,United States,New York,IL,58187,South,PRD-00011,Technology,Accessories,Accessories Product,6114.34,20,0.05,672.25
ORD-01712,03/04/2012,03/10/2012,Standard Class,AA-10354,Consumer,United States,Los Angeles,IL,16451,South,PRD-00012,Furniture,Chairs,Chairs Product,4450.04,10,0.0,849.25
ORD-01713,06/29/2015,07/06/2015,Standard Class,AA-10589,Home Office,United States,New York,AZ,93737,Central,PRD-00013,Groceries,Snacks,Snacks Product,3493.76,11,0.15,1018.37
ORD-01714,01/19/2016,01/25/2016,First Class,AA-10543,Corporate,United States,Houston,AZ,48262,East,PRD-00014,Technology,Copiers,Copiers Product,2584.13,8,0.1,730.22
ORD-01715,08/15/2015,08/19/2015,First Class,AA-10557,Consumer,United States,New York,TX,38564,South,PRD-00015,Furniture,Chairs,Chairs Product,3292.06,8,0.15,774.88
ORD-01716,11/16/2017,11/19/2017,Same Day,AA-10478,Corporate,United States,Houston,CA,88829,South,PRD-00016,Groceries,Beverages,Beverages Product,4127.29,16,0.05,1325.53
ORD-01717,12/04/2015,12/06/2015,Standard Class,AA-10434,Corporate,United States,Phoenix,IL,96755,East,PRD-00017,Technology,Accessories,Accessories Product,7006.88,18,0.05,1586.37
ORD-01718,11/01/2012,11/04/2012,First Class,AA-10431,Home Office,United States,Los Angeles,AZ,66735,Central,PRD-00018,Office Supplies,Pens,Pens Product,543.3,10,0.1,-86.18
ORD-01719,04/09/2011,04/13/2011,Second Class,AA-10553,Home Office,United States,New York,IL,92862,East,PRD-00019,Office Supplies,Paper,Paper Product,3994.07,10,0.15,900.31
ORD-01720,02/09/2017,02/10/2017,Same Day,AA-10460,Consumer,United States,Chicago,NY,31176,South,PRD-00020,Technology,Accessories,Accessories Product,3356.59,9,0.2,-439.91
ORD-01721,11/12/2011,11/13/2011,Second Class,AA-10577,Corporate,United States,Chicago,TX,60672,West,PRD-00021,Technology,Accessories,Accessories Product,5327.36,19,0.1,1783.3
ORD-01722,08/16/2017,08/22/2017,Second Class,AA-10445,Home Office,United States,Houston,IL,97089,South,PRD-00022,Office Supplies,Binders,Binders Product,2265.34,15,0.05,350.89
ORD-01723,04/04/2013,04/10/2013,Same Day,AA-10329,Home Office,United States,Los Angeles,NY,83115,South,PRD-00023,Office Supplies,Binders,Binders Product,5819.16,12,0.0,844.26
ORD-01724,08/30/2015,09/03/2015,Same Day,AA-10508,Consumer,United States,New York,CA,51084,Central,PRD-00024,Groceries,Dairy,Dairy Product,1215.58,4,0.15,478.9
ORD-01725,09/12/2013,09/18/2013,Second Class,AA-10457,Corporate,United States,Phoenix,AZ,81331,West,PRD-00025,Office Supplies,Appliances,Appliances Product,1993.91,5,0.05,-238.9
ORD-01726,10/24/2011,10/29/2011,Standard Class,AA-10421,Consumer,United States,Houston,TX,90513,West,PRD-00026,Groceries,Dairy,Dairy Product,2126.64,18,0.15,197.64
ORD-01727,09/03/2014,09/05/2014,Second Class,AA-10391,Consumer,United States,Chicago,NY,70020,East,PRD-00027,Furniture,Bookcases,Bookcases Product,896.3,13,0.1,-164.79
ORD-01728,06/08/2015,06/09/2015,Same Day,AA-10499,Consumer,United States,Houston,CA,59756,South,PRD-00028,Groceries,Canned Goods,Canned Goods Product,2177.96,5,0.15,627.54
ORD-01729,09/30/2011,10/02/2011,Second Class,AA-10605,Corporate,United States,Houston,TX,44433,West,PRD-00029,Furniture,Furnishings,Furnishings Product,6410.32,20,0.1,958.91
ORD-01730,05/08/2014,05/11/2014,First Class,AA-10338,Consumer,United States,Los Angeles,IL,47820,East,PRD-00030,Technology,Copiers,Copiers Product,3032.18,18,0.05,745.22
ORD-01731,02/28/2017,03/01/2017,First Class,AA-10519,Corporate,United States,Los Angeles,CA,18664,East,PRD-00031,Groceries,Beverages,Beverages Product,1628.33,6,0.2,-102.23
ORD-01732,01/19/2015,01/21/2015,Second Class,AA-10456,Corporate,United States,New York,NY,44172,Central,PRD-00032,Groceries,Snacks,Snacks Product,4157.43,12,0.1,615.95
ORD-01733,11/24/2016,11/29/2016,First Class,AA-10579,Corporate,United States,Los Angeles,TX,74952,Central,PRD-00033,Groceries,Canned Goods,Canned Goods Product,287.9,7,0.0,-7.57
ORD-01734,10/07/2015,10/08/2015,Same Day,AA-10363,Consumer,United States,New York,IL,37017,West,PRD-00034,Office Supplies,Appliances,Appliances Product,6870.58,17,0.2,-1161.41
ORD-01735,08/22/2014,08/28/2014,Standard Class,AA-10362,Consumer,United States,Houston,AZ,20173,Central,PRD-00035,Technology,Machines,Machines Product,1777.89,8,0.2,84.51
ORD-01736,02/03/2012,02/10/2012,Standard Class,AA-10338,Corporate,United States,Phoenix,NY,28715,Central,PRD-00036,Groceries,Canned Goods,Canned Goods Product,2206.18,14,0.1,566.09
ORD-01737,06/26/2017,06/28/2017,Standard Class,AA-10416,Corporate,United States,New York,NY,34207,South,PRD-00037,Office Supplies,Appliances,Appliances Product,5659.35,12,0.05,1267.9
ORD-01738,08/11/2011,08/18/2011,Second Class,AA-10409,Consumer,United States,Chicago,NY,22561,East,PRD-00038,Groceries,Canned Goods,Canned Goods Product,5014.65,11,0.0,1028.85
ORD-01739,09/20/2012,09/23/2012,Second Class,AA-10328,Consumer,United States,New York,TX,65628,South,PRD-00039,Groceries,Dairy,Dairy Product,447.48,16,0.1,-69.26
ORD-01740,04/22/2013,04/25/2013,Second Class,AA-10580,Home Office,United States,Los Angeles,CA,97141,South,PRD-00040,Office Supplies,Pens,Pens Product,2139.56,5,0.1,-379.95
ORD-01741,07/13/2011,07/20/2011,Standard Class,AA-10505,Consumer,United States,Los Angeles,IL,80016,East,PRD-00041,Groceries,Beverages,Beverages Product,56.85,1,0.2,14.47
ORD-01742,05/06/2013,05/10/2013,Standard Class,AA-10429,Consumer,United States,Los Angeles,CA,88342,East,PRD-00042,Technology,Copiers,Copiers Product,2595.63,8,0.1,-236.41
ORD-01743,10/06/2014,10/09/2014,First Class,AA-10525,Home Office,United States,Houston,TX,10652,South,PRD-00043,Furniture,Bookcases,Bookcases Product,580.62,5,0.05,58.27
ORD-01744,12/16/2013,12/21/2013,First Class,AA-10613,Consumer,United States,Houston,TX,93447,Central,PRD-00044,Groceries,Dairy,Dairy Product,987.95,7,0.0,234.94
ORD-01745,09/20/2013,09/27/2013,Standard Class,AA-10456,Corporate,United States,Los Angeles,TX,62990,East,PRD-00045,Furniture,Tables,Tables Product,4824.6,20,0.05,66.23
ORD-01746,09/23/2014,09/26/2014,Second Class,AA-10603,Home Office,United States,Phoenix,NY,91210,Central,PRD-00046,Technology,Machines,Machines Product,6150.0,16,0.15,2314.03
ORD-01747,09/02/2015,09/06/2015,First Class,AA-10468,Consumer,United States,Chicago,TX,45493,Central,PRD-00047,Technology,Machines,Machines Product,6296.81,16,0.1,-431.3
ORD-01748,11/14/2015,11/20/2015,First Class,AA-10477,Home Office,United States,Los Angeles,CA,47963,South,PRD-00048,Office Supplies,Paper,Paper Product,1994.89,7,0.15,-246.63
ORD-01749,05/10/2015,05/14/2015,Same Day,AA-10567,Consumer,United States,Phoenix,CA,52464,East,PRD-00049,Office Supplies,Paper,Paper Product,703.96,4,0.0,-74.62
ORD-01750,05/20/2013,05/21/2013,Same Day,AA-10461,Consumer,United States,Houston,AZ,29282,East,PRD-00050,Groceries,Canned Goods,Canned Goods Product,6409.86,17,0.05,1290.01
ORD-01751,05/05/2017,05/10/2017,Standard Class,AA-10555,Consumer,United States,Houston,AZ,95954,South,PRD-00051,Office Supplies,Appliances,Appliances Product,799.81,14,0.05,163.39
ORD-01752,03/06/2016,03/10/2016,Standard Class,AA-10360,Corporate,United States,Los Angeles,NY,22506,East,PRD-00052,Technology,Copiers,Copiers Product,253.58,1,0.05,21.4
ORD-01753,01/05/2017,01/10/2017,Second Class,AA-10531,Consumer,United States,Los Angeles,NY,47417,Central,PRD-00053,Groceries,Snacks,Snacks Product,8084.81,18,0.15,1933.48
ORD-01754,03/15/2013,03/21/2013,Second Class,AA-10467,Corporate,United States,Chicago,IL,63144,South,PRD-00054,Groceries,Dairy,Dairy Product,1010.55,6,0.1,306.19
ORD-01755,02/22/2013,02/25/2013,Standard Class,AA-10370,Consumer,United States,Houston,AZ,44375,West,PRD-00055,Groceries,Beverages,Beverages Product,8201.95,19,0.2,1462.94
ORD-01756,03/25/2012,03/29/2012,Standard Class,AA-10407,Corporate,United States,Phoenix,CA,38632,East,PRD-00056,Groceries,Dairy,Dairy Product,2879.07,10,0.0,495.93
ORD-01757,06/22/2013,06/27/2013,Standard Class,AA-10371,Consumer,United States,Houston,CA,84407,East,PRD-00057,Technology,Phones,Phones Product,814.37,13,0.1,220.82
ORD-01758,07/24/2017,07/30/2017,Same Day,AA-10332,Corporate,United States,Los Angeles,IL,79924,West,PRD-00058,Technology,Copiers,Copiers Product,987.97,8,0.1,-69.88
ORD-01759,02/26/2014,02/28/2014,Standard Class,AA-10338,Consumer,United States,Chicago,AZ,21946,West,PRD-00059,Furniture,Chairs,Chairs Product,955.91,2,0.15,91.93
ORD-01760,06/29/2015,07/01/2015,Standard Class,AA-10320,Consumer,United States,Phoenix,AZ,64687,Central,PRD-00060,Furniture,Chairs,Chairs Product,33.3,1,0.1,6.45
ORD-01761,05/02/2012,05/03/2012,Second Class,AA-10521,Corporate,United States,Phoenix,IL,49631,East,PRD-00061,Technology,Phones,Phones Product,6101.77,20,0.05,-151.4
ORD-01762,09/30/2012,10/05/2012,Standard Class,AA-10345,Corporate,United States,Phoenix,NY,36923,Central,PRD-00062,Office Supplies,Paper,Paper Product,326.18,7,0.0,70.85
ORD-01763,08/29/2011,08/30/2011,Second Class,AA-10355,Consumer,United States,New York,AZ,99370,East,PRD-00063,Furniture,Furnishings,Furnishings Product,1716.22,4,0.0,470.98
ORD-01764,03/08/2011,03/14/2011,Standard Class,AA-10384,Corporate,United States,New York,NY,27369,Central,PRD-00064,Furniture,Furnishings,Furnishings Product,89.17,1,0.2,11.89
ORD-01765,05/10/2014,05/14/2014,Same Day,AA-10477,Home Office,United States,Chicago,TX,59881,East,PRD-00065,Office Supplies,Binders,Binders Product,1165.73,3,0.2,-84.08
ORD-01766,10/22/2015,10/28/2015,Same Day,AA-10411,Corporate,United States,Phoenix,NY,96195,Central,PRD-00066,Technology,Copiers,Copiers Product,7135.61,18,0.0,-1266.53
ORD-01767,05/15/2012,05/16/2012,Standard Class,AA-10610,Home Office,United States,Los Angeles,NY,53976,South,PRD-00067,Furniture,Tables,Tables Product,2594.35,8,0.0,23.38
ORD-01768,09/19/2014,09/26/2014,First Class,AA-10341,Corporate,United States,Los Angeles,IL,33003,Central,PRD-00068,Groceries,Dairy,Dairy Product,1202.3,6,0.15,154.76
ORD-01769,07/01/2014,07/05/2014,First Class,AA-10353,Home Office,United States,Phoenix,IL,65826,Central,PRD-00069,Technology,Copiers,Copiers Product,1784.01,12,0.0,643.21
ORD-01770,10/12/2017,10/18/2017,First Class,AA-10459,Corporate,United States,Houston,IL,96954,Central,PRD-00070,Office Supplies,Appliances,Appliances Product,190.93,1,0.2,75.27
ORD-01771,05/02/2013,05/08/2013,Standard Class,AA-10502,Corporate,United States,Los Angeles,TX,62980,South,PRD-00071,Furniture,Bookcases,Bookcases Product,2136.76,5,0.05,147.34
ORD-01772,01/21/2015,01/27/2015,Standard Class,AA-10522,Consumer,United States,Chicago,IL,24579,South,PRD-00072,Furniture,Chairs,Chairs Product,1778.07,9,0.0,152.64
ORD-01773,01/21/2011,01/28/2011,Standard Class,AA-10508,Consumer,United States,New York,TX,63631,West,PRD-00073,Groceries,Beverages,Beverages Product,268.72,9,0.2,18.02
ORD-01774,01/18/2014,01/20/2014,Standard Class,AA-10366,Consumer,United States,Chicago,CA,28350,South,PRD-00074,Groceries,Beverages,Beverages Product,1421.14,18,0.15,63.36
ORD-01775,08/08/2012,08/11/2012,Same Day,AA-10597,Corporate,United States,Los Angeles,AZ,35245,East,PRD-00075,Office Supplies,Pens,Pens Product,1694.84,6,0.1,-325.57
ORD-01776,10/18/2017,10/23/2017,Standard Class,AA-10467,Consumer,United States,Chicago,NY,25133,South,PRD-00076,Technology,Phones,Phones Product,496.91,9,0.2,-19.49
ORD-01777,11/22/2014,11/24/2014,Second Class,AA-10330,Consumer,United States,Houston,IL,25421,East,PRD-00077,Furniture,Tables,Tables Product,5323.11,11,0.15,1898.15
ORD-01778,06/27/2016,06/28/2016,Standard Class,AA-10599,Consumer,United States,Chicago,NY,91534,East,PRD-00078,Technology,Accessories,Accessories Product,2171.4,17,0.05,772.98
ORD-01779,09/11/2014,09/16/2014,Standard Class,AA-10439,Home Office,United States,Chicago,IL,71542,Central,PRD-00079,Furniture,Chairs,Chairs Product,3462.58,20,0.05,941.77
ORD-01780,02/04/2016,02/09/2016,Second Class,AA-10462,Consumer,United States,Houston,CA,55135,Central,PRD-00080,Office Supplies,Appliances,Appliances Product,309.91,6,0.2,63.37
ORD-01781,04/09/2017,04/10/2017,Second Class,AA-10327,Home Office,United States,Phoenix,TX,42844,South,PRD-00081,Office Supplies,Binders,Binders Product,5341.31,18,0.0,1071.36
ORD-01782,07/07/2015,07/14/2015,First Class,AA-10609,Home Office,United States,Phoenix,IL,12733,East,PRD-00082,Technology,Machines,Machines Product,3088.24,11,0.1,1077.73
ORD-01783,02/03/2013,02/09/2013,First Class,AA-10609,Corporate,United States,Los Angeles,AZ,89657,Central,PRD-00083,Technology,Accessories,Accessories Product,9654.54,20,0.2,1762.72
ORD-01784,03/02/2011,03/06/2011,First Class,AA-10508,Corporate,United States,Houston,NY,20878,Central,PRD-00084,Technology,Phones,Phones Product,2242.03,13,0.15,-124.76
ORD-01785,07/27/2014,07/28/2014,First Class,AA-10388,Home Office,United States,Phoenix,NY,28351,East,PRD-00085,Groceries,Dairy,Dairy Product,1391.87,3,0.15,276.05
ORD-01786,06/19/2013,06/25/2013,Same Day,AA-10325,Corporate,United States,Chicago,IL,70271,Central,PRD-00086,Furniture,Tables,Tables Product,5827.43,16,0.2,980.57
ORD-01787,01/08/2013,01/10/2013,Second Class,AA-10480,Corporate,United States,Phoenix,NY,14182,East,PRD-00087,Technology,Machines,Machines Product,766.74,6,0.05,261.13
ORD-01788,11/24/2011,12/01/2011,Same Day,AA-10547,Home Office,United States,New York,IL,80068,East,PRD-00088,Office Supplies,Paper,Paper Product,1451.49,4,0.1,-75.53
ORD-01789,07/15/2014,07/19/2014,Standard Class,AA-10549,Consumer,United States,Chicago,CA,58355,Central,PRD-00089,Furniture,Chairs,Chairs Product,1239.13,13,0.15,170.83
ORD-01790,09/09/2011,09/12/2011,First Class,AA-10437,Consumer,United States,Los Angeles,NY,52225,South,PRD-00090,Office Supplies,Pens,Pens Product,1570.43,5,0.1,322.56
ORD-01791,11/21/2016,11/25/2016,Second Class,AA-10513,Home Office,United States,Phoenix,AZ,21881,Central,PRD-00091,Office Supplies,Appliances,Appliances Product,179.33,9,0.05,29.24
ORD-01792,10/08/2012,10/09/2012,Same Day,AA-10365,Corporate,United States,Phoenix,CA,25626,East,PRD-00092,Groceries,Canned Goods,Canned Goods Product,1824.7,6,0.05,-335.99
ORD-01793,09/13/2013,09/15/2013,First Class,AA-10405,Consumer,United States,Los Angeles,NY,40228,South,PRD-00093,Groceries,Dairy,Dairy Product,2257.18,20,0.0,85.16
ORD-01794,08/10/2016,08/16/2016,Standard Class,AA-10338,Consumer,United States,Phoenix,CA,94277,South,PRD-00094,Furniture,Bookcases,Bookcases Product,100.62,1,0.0,5.11
ORD-01795,05/16/2013,05/17/2013,Standard Class,AA-10506,Consumer,United States,Phoenix,IL,66398,West,PRD-00095,Office Supplies,Binders,Binders Product,4974.69,20,0.2,-810.49
ORD-01796,03/24/2015,03/25/2015,First Class,AA-10389,Corporate,United States,Phoenix,IL,10322,Central,PRD-00096,Office Supplies,Paper,Paper Product,4688.0,13,0.1,1031.4
ORD-01797,07/01/2017,07/03/2017,Second Class,AA-10388,Home Office,United States,Los Angeles,NY,60471,Central,PRD-00097,Office Supplies,Appliances,Appliances Product,3990.22,10,0.1,942.38
ORD-01798,03/21/2016,03/28/2016,Second Class,AA-10588,Corporate,United States,New York,NY,90601,East,PRD-00098,Technology,Machines,Machines Product,2141.19,11,0.15,514.64
ORD-01799,12/15/2014,12/21/2014,Same Day,AA-10415,Corporate,United States,New York,IL,33172,Central,PRD-00099,Technology,Phones,Phones Product,7309.16,15,0.15,2788.57
ORD-01800,09/09/2015,09/15/2015,First Class,AA-10349,Corporate,United States,Phoenix,NY,63317,West,PRD-00000,Office Supplies,Appliances,Appliances Product,1680.73,19,0.0,492.15
ORD-01801,09/03/2011,09/08/2011,Same Day,AA-10394,Consumer,United States,Houston,TX,92917,Central,PRD-00001,Office Supplies,Pens,Pens Product,1022.5,3,0.15,89.04
ORD-01802,04/17/2013,04/20/2013,Second Class,AA-10486,Consumer,United States,Los Angeles,TX,93330,East,PRD-00002,Office Supplies,Pens,Pens Product,536.14,5,0.15,-67.63
ORD-01803,09/30/2016,10/05/2016,First Class,AA-10503,Consumer,United States,New York,NY,13790,South,PRD-00003,Groceries,Beverages,Beverages Product,816.9,16,0.1,251.18
ORD-01804,02/01/2016,02/04/2016,Same Day,AA-10487,Corporate,United States,Phoenix,AZ,59820,Central,PRD-00004,Office Supplies,Pens,Pens Product,2835.91,8,0.0,-214.66
ORD-01805,11/14/2017,11/19/2017,Second Class,AA-10421,Home Office,United States,Houston,TX,54891,West,PRD-00005,Office Supplies,Binders,Binders Product,6474.0,18,0.0,612.01
ORD-01806,10/28/2014,10/29/2014,Same Day,AA-10422,Corporate,United States,Los Angeles,TX,61500,East,PRD-00006,Office Supplies,Appliances,Appliances Product,232.79,4,0.1,46.65
ORD-01807,01/23/2013,01/26/2013,First Class,AA-10535,Corporate,United States,Los Angeles,CA,74095,East,PRD-00007,Groceries,Beverages,Beverages Product,494.05,12,0.05,45.8
ORD-01808,05/26/2015,05/31/2015,Same Day,AA-10475,Consumer,United States,Los Angeles,IL,85727,East,PRD-00008,Groceries,Dairy,Dairy Product,1924.82,14,0.15,205.54
ORD-01809,02/14/2015,02/18/2015,Second Class,AA-10376,Home Office,United States,Houston,IL,60210,East,PRD-00009,Technology,Machines,Machines Product,4430.75,14,0.1,-870.7
ORD-01810,03/25/2012,03/27/2012,Second Class,AA-10388,Home Office,United States,Chicago,NY,90463,Central,PRD-00010,Technology,Accessories,Accessories Product,1889.2,5,0.15,428.05
ORD-01811,07/21/2017,07/25/2017,First Class,AA-10425,Consumer,United States,Los Angeles,CA,35674,East,PRD-00011,Furniture,Bookcases,Bookcases Product,228.73,5,0.2,-30.62
ORD-01812,07/14/2016,07/16/2016,First Class,AA-10551,Consumer,United States,Phoenix,IL,95909,West,PRD-00012,Technology,Machines,Machines Product,5838.1,12,0.2,456.45
ORD-01813,02/23/2016,02/28/2016,Second Class,AA-10327,Consumer,United States,Los Angeles,TX,94555,South,PRD-00013,Office Supplies,Pens,Pens Product,5391.06,20,0.0,-131.74
ORD-01814,08/18/2011,08/25/2011,Same Day,AA-10605,Consumer,United States,Houston,CA,63345,South,PRD-00014,Furniture,Bookcases,Bookcases Product,1085.12,3,0.15,100.85
ORD-01815,07/29/2012,08/05/2012,Second Class,AA-10581,Consumer,United States,New York,AZ,48296,East,PRD-00015,Groceries,Beverages,Beverages Product,65.28,1,0.05,21.54
ORD-01816,06/02/2012,06/06/2012,Same Day,AA-10513,Consumer,United States,Phoenix,CA,80812,Central,PRD-00016,Furniture,Tables,Tables Product,3475.48,7,0.05,186.69
ORD-01817,08/04/2016,08/07/2016,Same Day,AA-10358,Home Office,United States,Los Angeles,NY,83700,East,PRD-00017,Office Supplies,Binders,Binders Product,427.39,1,0.1,70.07
ORD-01818,09/14/2015,09/21/2015,Standard Class,AA-10458,Home Office,United States,Los Angeles,IL,16542,West,PRD-00018,Technology,Phones,Phones Product,569.31,7,0.2,12.39
ORD-01819,11/14/2011,11/19/2011,Standard Class,AA-10370,Home Office,United States,New York,CA,78671,West,PRD-00019,Furniture,Bookcases,Bookcases Product,828.94,13,0.1,225.68
ORD-01820,03/16/2014,03/20/2014,Same Day,AA-10445,Home Office,United States,Chicago,NY,37993,East,PRD-00020,Technology,Phones,Phones Product,401.04,10,0.05,-64.84
ORD-01821,02/21/2013,02/24/2013,First Class,AA-10582,Home Office,United States,New York,CA,15513,West,PRD-00021,Technology,Machines,Machines Product,5548.9,17,0.15,-76.7
ORD-01822,02/27/2012,03/02/2012,First Class,AA-10521,Consumer,United States,New York,AZ,14876,South,PRD-00022,Furniture,Furnishings,Furnishings Product,2292.16,10,0.15,697.91
ORD-01823,03/09/2016,03/12/2016,Same Day,AA-10367,Corporate,United States,Phoenix,TX,24787,West,PRD-00023,Groceries,Beverages,Beverages Product,5661.54,16,0.15,-815.0
ORD-01824,05/18/2017,05/20/2017,Second Class,AA-10607,Corporate,United States,New York,TX,15463,East,PRD-00024,Groceries,Dairy,Dairy Product,2768.42,15,0.2,-218.21
ORD-01825,04/26/2011,04/29/2011,Same Day,AA-10485,Corporate,United States,Houston,CA,81490,East,PRD-00025,Office Supplies,Paper,Paper Product,946.65,7,0.2,-151.29
ORD-01826,10/08/2013,10/10/2013,Same Day,AA-10501,Corporate,United States,Los Angeles,NY,71358,Central,PRD-00026,Office Supplies,Pens,Pens Product,6298.6,19,0.2,-643.36
ORD-01827,10/04/2014,10/08/2014,Same Day,AA-10601,Home Office,United States,Los Angeles,NY,36528,West,PRD-00027,Technology,Phones,Phones Product,3017.51,11,0.1,1078.51
ORD-01828,09/13/2012,09/20/2012,Same Day,AA-10578,Corporate,United States,Phoenix,AZ,94849,South,PRD-00028,Furniture,Tables,Tables Product,2708.79,6,0.15,-251.21
ORD-01829,11/10/2013,11/13/2013,First Class,AA-10477,Corporate,United States,New York,CA,10579,Central,PRD-00029,Technology,Machines,Machines Product,181.31,2,0.05,58.9
ORD-01830,02/19/2013,02/25/2013,Second Class,AA-10318,Corporate,United States,Houston,TX,69753,West,PRD-00030,Groceries,Beverages,Beverages Product,323.07,1,0.05,43.08
ORD-01831,05/10/2012,05/14/2012,Second Class,AA-10571,Consumer,United States,Phoenix,NY,11129,Central,PRD-00031,Furniture,Tables,Tables Product,801.38,11,0.15,153.45
ORD-01832,12/06/2011,12/09/2011,First Class,AA-10389,Corporate,United States,Los Angeles,NY,55717,Central,PRD-00032,Technology,Phones,Phones Product,1805.0,5,0.1,-208.5
ORD-01833,01/06/2016,01/07/2016,Same Day,AA-10555,Corporate,United States,Phoenix,TX,55857,Central,PRD-00033,Technology,Accessories,Accessories Product,1368.6,4,0.2,244.35
ORD-01834,07/08/2015,07/10/2015,Second Class,AA-10548,Corporate,United States,Chicago,NY,12289,East,PRD-00034,Groceries,Canned Goods,Canned Goods Product,615.11,2,0.15,70.37
ORD-01835,09/15/2012,09/19/2012,Second Class,AA-10397,Home Office,United States,Los Angeles,CA,21566,West,PRD-00035,Furniture,Tables,Tables Product,4475.3,13,0.1,-368.02
ORD-01836,11/24/2013,11/26/2013,Same Day,AA-10439,Consumer,United States,New York,IL,74597,West,PRD-00036,Technology,Accessories,Accessories Product,187.3,1,0.1,16.29
ORD-01837,12/05/2011,12/06/2011,Standard Class,AA-10483,Consumer,United States,Houston,IL,83469,South,PRD-00037,Technology,Phones,Phones Product,87.86,2,0.05,4.52
ORD-01838,12/07/2013,12/10/2013,Second Class,AA-10554,Corporate,United States,Houston,NY,88659,South,PRD-00038,Furniture,Furnishings,Furnishings Product,8281.29,18,0.05,-559.86
ORD-01839,03/17/2012,03/23/2012,Same Day,AA-10460,Home Office,United States,Houston,IL,98968,South,PRD-00039,Groceries,Dairy,Dairy Product,1039.91,19,0.1,31.87
ORD-01840,09/30/2012,10/02/2012,Second Class,AA-10326,Corporate,United States,Houston,AZ,53656,East,PRD-00040,Office Supplies,Appliances,Appliances Product,5590.56,16,0.15,301.72
ORD-01841,08/22/2017,08/28/2017,Second Class,AA-10400,Consumer,United States,Phoenix,TX,97041,West,PRD-00041,Groceries,Beverages,Beverages Product,112.81,10,0.0,24.09
ORD-01842,12/20/2011,12/23/2011,First Class,AA-10470,Consumer,United States,Los Angeles,TX,25013,Central,PRD-00042,Groceries,Snacks,Snacks Product,573.63,11,0.0,77.83
ORD-01843,04/11/2013,04/17/2013,Second Class,AA-10344,Consumer,United States,New York,NY,17453,West,PRD-00043,Office Supplies,Pens,Pens Product,4953.46,11,0.05,142.83
ORD-01844,08/10/2017,08/17/2017,First Class,AA-10341,Home Office,United States,New York,CA,79039,South,PRD-00044,Office Supplies,Appliances,Appliances Product,4090.5,18,0.0,966.47
ORD-01845,10/07/2014,10/12/2014,Standard Class,AA-10457,Home Office,United States,Los Angeles,NY,44407,South,PRD-00045,Technology,Machines,Machines Product,7948.49,18,0.2,2015.73
ORD-01846,12/22/2015,12/28/2015,Standard Class,AA-10528,Home Office,United States,New York,CA,27970,Central,PRD-00046,Groceries,Snacks,Snacks Product,3099.63,8,0.15,-303.03
ORD-01847,10/30/2016,11/06/2016,Standard Class,AA-10349,Corporate,United States,Los Angeles,NY,21570,West,PRD-00047,Furniture,Bookcases,Bookcases Product,6721.85,15,0.1,1757.51
ORD-01848,11/29/2014,12/01/2014,Same Day,AA-10595,Home Office,United States,Phoenix,IL,28285,West,PRD-00048,Office Supplies,Pens,Pens Product,432.39,1,0.15,42.51
ORD-01849,04/03/2017,04/07/2017,First Class,AA-10614,Home Office,United States,New York,NY,63154,Central,PRD-00049,Technology,Machines,Machines Product,1684.8,5,0.2,-101.65
ORD-01850,10/16/2015,10/21/2015,Second Class,AA-10560,Corporate,United States,Los Angeles,TX,81401,East,PRD-00050,Technology,Accessories,Accessories Product,3281.33,16,0.05,639.6
ORD-01851,04/11/2011,04/13/2011,Same Day,AA-10359,Corporate,United States,Houston,TX,77465,West,PRD-00051,Groceries,Beverages,Beverages Product,6943.74,15,0.05,1078.19
ORD-01852,05/23/2017,05/28/2017,Standard Class,AA-10414,Corporate,United States,Chicago,AZ,86510,South,PRD-00052,Groceries,Dairy,Dairy Product,1425.92,3,0.1,-140.59
ORD-01853,07/26/2014,07/28/2014,Same Day,AA-10604,Corporate,United States,Phoenix,TX,59831,East,PRD-00053,Technology,Copiers,Copiers Product,1950.14,11,0.15,171.93
ORD-01854,04/13/2011,04/19/2011,First Class,AA-10596,Consumer,United States,Houston,NY,60794,East,PRD-00054,Office Supplies,Paper,Paper Product,397.3,18,0.0,140.87
ORD-01855,05/31/2016,06/03/2016,Standard Class,AA-10597,Home Office,United States,Phoenix,TX,20522,West,PRD-00055,Office Supplies,Appliances,Appliances Product,1496.07,5,0.1,479.4
ORD-01856,06/17/2014,06/18/2014,Second Class,AA-10584,Corporate,United States,Chicago,AZ,93702,South,PRD-00056,Groceries,Snacks,Snacks Product,875.58,2,0.1,231.43
ORD-01857,11/11/2016,11/18/2016,Second Class,AA-10543,Home Office,United States,Los Angeles,NY,26186,West,PRD-00057,Groceries,Canned Goods,Canned Goods Product,7444.27,15,0.05,1381.18
ORD-01858,09/06/2012,09/08/2012,Standard Class,AA-10489,Corporate,United States,Phoenix,IL,29560,South,PRD-00058,Technology,Phones,Phones Product,3430.57,17,0.0,329.49
ORD-01859,10/25/2012,10/26/2012,Same Day,AA-10431,Consumer,United States,New York,NY,75336,South,PRD-00059,Office Supplies,Binders,Binders Product,2266.04,20,0.0,408.78
ORD-01860,03/23/2011,03/29/2011,Same Day,AA-10384,Corporate,United States,Los Angeles,TX,93238,East,PRD-00060,Furniture,Tables,Tables Product,4278.2,13,0.15,-499.11
ORD-01861,04/12/2011,04/16/2011,Same Day,AA-10482,Corporate,United States,New York,TX,81139,Central,PRD-00061,Groceries,Snacks,Snacks Product,1435.38,9,0.2,29.41
ORD-01862,05/03/2013,05/06/2013,Same Day,AA-10500,Home Office,United States,Houston,AZ,80314,Central,PRD-00062,Furniture,Bookcases,Bookcases Product,1406.95,12,0.1,330.26
ORD-01863,12/20/2014,12/27/2014,Second Class,AA-10578,Home Office,United States,Chicago,AZ,66224,South,PRD-00063,Office Supplies,Paper,Paper Product,1821.83,17,0.1,249.48
ORD-01864,09/02/2015,09/04/2015,Standard Class,AA-10568,Home Office,United States,Houston,TX,57830,Central,PRD-00064,Office Supplies,Binders,Binders Product,5416.27,13,0.2,-65.46
ORD-01865,01/19/2011,01/24/2011,Second Class,AA-10575,Home Office,United States,Chicago,IL,41962,Central,PRD-00065,Furniture,Tables,Tables Product,2333.03,6,0.15,613.29
ORD-01866,09/11/2017,09/12/2017,First Class,AA-10487,Home Office,United States,New York,AZ,32920,East,PRD-00066,Technology,Machines,Machines Product,383.95,1,0.1,-3.27
ORD-01867,07/01/2015,07/08/2015,Second Class,AA-10552,Home Office,United States,New York,TX,68567,South,PRD-00067,Office Supplies,Appliances,Appliances Product,468.73,2,0.1,-45.31
ORD-01868,06/30/2016,07/01/2016,Standard Class,AA-10387,Corporate,United States,Los Angeles,IL,83281,East,PRD-00068,Furniture,Bookcases,Bookcases Product,4041.69,12,0.0,-222.24
ORD-01869,03/26/2012,03/28/2012,Standard Class,AA-10496,Corporate,United States,Los Angeles,IL,39750,West,PRD-00069,Technology,Copiers,Copiers Product,156.95,1,0.1,-29.21
ORD-01870,07/24/2012,07/31/2012,First Class,AA-10552,Consumer,United States,New York,NY,24637,South,PRD-00070,Furniture,Tables,Tables Product,3022.34,8,0.2,952.29
ORD-01871,09/05/2013,09/12/2013,First Class,AA-10495,Consumer,United States,Phoenix,TX,98558,Central,PRD-00071,Technology,Machines,Machines Product,1239.25,6,0.05,410.13
ORD-01872,01/20/2013,01/25/2013,First Class,AA-10491,Corporate,United States,Chicago,IL,20518,East,PRD-00072,Technology,Phones,Phones Product,3197.77,17,0.05,374.52
ORD-01873,11/02/2015,11/05/2015,First Class,AA-10335,Corporate,United States,Chicago,CA,69474,West,PRD-00073,Technology,Copiers,Copiers Product,615.4,11,0.15,122.67
ORD-01874,09/08/2015,09/10/2015,Same Day,AA-10384,Corporate,United States,Houston,NY,28402,West,PRD-00074,Groceries,Beverages,Beverages Product,7634.67,18,0.15,560.21
ORD-01875,07/24/2014,07/26/2014,Same Day,AA-10558,Consumer,United States,Phoenix,IL,78907,West,PRD-00075,Furniture,Furnishings,Furnishings Product,2297.49,6,0.1,757.67
ORD-01876,09/24/2016,09/26/2016,Standard Class,AA-10541,Home Office,United States,Houston,CA,12644,South,PRD-00076,Groceries,Beverages,Beverages Product,298.69,1,0.0,16.23
ORD-01877,12/08/2017,12/14/2017,First Class,AA-10487,Home Office,United States,Phoenix,AZ,80759,South,PRD-00077,Technology,Accessories,Accessories Product,7537.64,16,0.1,10.19
ORD-01878,05/27/2012,05/29/2012,Standard Class,AA-10529,Corporate,United States,Phoenix,IL,21855,East,PRD-00078,Groceries,Beverages,Beverages Product,1897.38,4,0.05,-60.26
ORD-01879,09/15/2012,09/16/2012,Second Class,AA-10344,Home Office,United States,Los Angeles,CA,24033,South,PRD-00079,Office Supplies,Paper,Paper Product,8195.92,20,0.15,-174.84
ORD-01880,11/11/2013,11/16/2013,Standard Class,AA-10382,Consumer,United States,Chicago,IL,87394,West,PRD-00080,Groceries,Canned Goods,Canned Goods Product,2716.39,12,0.15,-242.08
ORD-01881,03/14/2014,03/16/2014,Same Day,AA-10447,Home Office,United States,Chicago,CA,21082,West,PRD-00081,Office Supplies,Appliances,Appliances Product,7257.49,17,0.05,1365.41
ORD-01882,10/04/2012,10/08/2012,Second Class,AA-10614,Home Office,United States,Phoenix,NY,98230,Central,PRD-00082,Groceries,Dairy,Dairy Product,1369.28,4,0.0,-10.38
ORD-01883,10/13/2017,10/18/2017,Standard Class,AA-10379,Corporate,United States,Los Angeles,AZ,20928,West,PRD-00083,Groceries,Canned Goods,Canned Goods Product,1367.26,3,0.05,429.78
ORD-01884,08/24/2016,08/29/2016,Standard Class,AA-10565,Corporate,United States,Houston,CA,99049,Central,PRD-00084,Office Supplies,Pens,Pens Product,347.97,6,0.2,-18.2
ORD-01885,11/18/2015,11/22/2015,Standard Class,AA-10562,Corporate,United States,Chicago,IL,87969,West,PRD-00085,Technology,Phones,Phones Product,925.02,12,0.2,193.76
ORD-01886,03/09/2015,03/11/2015,Standard Class,AA-10415,Consumer,United States,Houston,AZ,41986,Central,PRD-00086,Technology,Machines,Machines Product,1491.48,9,0.0,425.55
ORD-01887,03/23/2017,03/28/2017,Same Day,AA-10332,Corporate,United States,Houston,NY,41161,West,PRD-00087,Office Supplies,Paper,Paper Product,5297.33,12,0.05,829.92
ORD-01888,01/19/2014,01/22/2014,Standard Class,AA-10319,Home Office,United States,Los Angeles,CA,65569,West,PRD-00088,Office Supplies,Paper,Paper Product,4838.03,14,0.15,1004.63
ORD-01889,07/02/2011,07/05/2011,Standard Class,AA-10353,Consumer,United States,Los Angeles,IL,59190,West,PRD-00089,Office Supplies,Pens,Pens Product,1418.05,15,0.0,457.76
ORD-01890,02/16/2012,02/21/2012,Second Class,AA-10594,Corporate,United States,Los Angeles,CA,14132,South,PRD-00090,Furniture,Tables,Tables Product,57.16,5,0.05,6.93
ORD-01891,11/11/2011,11/16/2011,Standard Class,AA-10513,Home Office,United States,Houston,CA,59856,West,PRD-00091,Technology,Accessories,Accessories Product,1708.12,8,0.0,-98.16
ORD-01892,03/23/2016,03/26/2016,Second Class,AA-10576,Consumer,United States,Chicago,NY,16600,Central,PRD-00092,Furniture,Furnishings,Furnishings Product,3447.5,14,0.0,-601.09
ORD-01893,02/06/2011,02/07/2011,First Class,AA-10548,Consumer,United States,Los Angeles,CA,70132,West,PRD-00093,Technology,Accessories,Accessories Product,1134.46,8,0.1,366.22
ORD-01894,12/07/2016,12/13/2016,First Class,AA-10505,Corporate,United States,Chicago,IL,65091,Central,PRD-00094,Technology,Phones,Phones Product,7204.85,19,0.2,-296.13
ORD-01895,08/03/2012,08/07/2012,Same Day,AA-10517,Consumer,United States,Los Angeles,TX,68477,West,PRD-00095,Furniture,Bookcases,Bookcases Product,5370.62,13,0.2,-474.55
ORD-01896,08/14/2016,08/16/2016,Same Day,AA-10571,Corporate,United States,Houston,AZ,38673,West,PRD-00096,Groceries,Beverages,Beverages Product,1789.95,14,0.1,72.45
ORD-01897,03/05/2015,03/10/2015,Same Day,AA-10501,Home Office,United States,Chicago,NY,31741,South,PRD-00097,Groceries,Beverages,Beverages Product,873.58,15,0.2,268.75
ORD-01898,06/09/2013,06/11/2013,Same Day,AA-10462,Corporate,United States,Los Angeles,CA,10111,East,PRD-00098,Groceries,Snacks,Snacks Product,1555.88,10,0.15,515.69
ORD-01899,03/28/2012,03/29/2012,First Class,AA-10351,Consumer,United States,Chicago,AZ,39722,West,PRD-00099,Groceries,Dairy,Dairy Product,1381.03,4,0.05,242.68
ORD-01900,09/27/2017,10/01/2017,First Class,AA-10518,Corporate,United States,Phoenix,AZ,60790,Central,PRD-00000,Groceries,Beverages,Beverages Product,1936.85,14,0.0,590.8
ORD-01901,03/31/2011,04/06/2011,Second Class,AA-10425,Corporate,United States,Los Angeles,NY,55156,South,PRD-00001,Groceries,Beverages,Beverages Product,23.87,1,0.2,-1.62
ORD-01902,08/16/2012,08/17/2012,Standard Class,AA-10373,Corporate,United States,New York,TX,99861,South,PRD-00002,Office Supplies,Binders,Binders Product,395.64,2,0.2,-26.18
ORD-01903,06/29/2017,06/30/2017,Second Class,AA-10363,Consumer,United States,New York,AZ,24970,Central,PRD-00003,Technology,Accessories,Accessories Product,437.15,6,0.05,-13.79
ORD-01904,07/17/2017,07/24/2017,First Class,AA-10520,Home Office,United States,Houston,IL,86236,Central,PRD-00004,Technology,Accessories,Accessories Product,3759.81,11,0.2,630.49
ORD-01905,09/24/2017,09/29/2017,Same Day,AA-10344,Corporate,United States,Houston,IL,77735,West,PRD-00005,Furniture,Tables,Tables Product,310.82,5,0.0,-41.58
ORD-01906,03/14/2017,03/20/2017,First Class,AA-10588,Corporate,United States,Los Angeles,NY,63468,South,PRD-00006,Technology,Phones,Phones Product,668.01,14,0.05,119.64
ORD-01907,01/21/2012,01/28/2012,Same Day,AA-10401,Consumer,United States,Houston,AZ,49988,Central,PRD-00007,Groceries,Canned Goods,Canned Goods Product,2757.95,12,0.05,680.96
ORD-01908,06/11/2013,06/17/2013,Standard Class,AA-10564,Corporate,United States,Phoenix,CA,16207,West,PRD-00008,Technology,Phones,Phones Product,8002.77,19,0.05,922.99
ORD-01909,04/28/2013,05/04/2013,Second Class,AA-10321,Consumer,United States,Houston,CA,35489,Central,PRD-00009,Groceries,Snacks,Snacks Product,6939.0,14,0.1,-602.89
ORD-01910,05/08/2012,05/09/2012,Standard Class,AA-10438,Corporate,United States,Phoenix,NY,41807,Central,PRD-00010,Technology,Accessories,Accessories Product,8637.63,20,0.1,-339.83
ORD-01911,10/31/2012,11/06/2012,Same Day,AA-10497,Consumer,United States,Phoenix,AZ,81848,West,PRD-00011,Furniture,Bookcases,Bookcases Product,6638.45,17,0.2,-431.87
ORD-01912,09/19/2012,09/26/2012,First Class,AA-10561,Consumer,United States,Houston,IL,19140,South,PRD-00012,Furniture,Tables,Tables Product,6394.75,20,0.05,2215.56
ORD-01913,08/14/2014,08/15/2014,Second Class,AA-10600,Home Office,United States,Los Angeles,TX,14891,West,PRD-00013,Technology,Machines,Machines Product,6962.35,16,0.05,2386.43
ORD-01914,01/29/2017,02/03/2017,First Class,AA-10517,Corporate,United States,Los Angeles,NY,51150,Central,PRD-00014,Office Supplies,Paper,Paper Product,1638.26,12,0.05,383.35
ORD-01915,06/10/2013,06/13/2013,Standard Class,AA-10341,Home Office,United States,Phoenix,TX,96717,East,PRD-00015,Office Supplies,Appliances,Appliances Product,4846.88,16,0.2,954.28
ORD-01916,01/24/2015,01/30/2015,Second Class,AA-10611,Home Office,United States,New York,TX,73367,South,PRD-00016,Groceries,Beverages,Beverages Product,4123.68,9,0.0,566.77
ORD-01917,09/08/2014,09/13/2014,Same Day,AA-10362,Consumer,United States,Houston,TX,13772,Central,PRD-00017,Groceries,Dairy,Dairy Product,706.22,17,0.05,-49.81
ORD-01918,07/11/2012,07/17/2012,Second Class,AA-10376,Home Office,United States,Los Angeles,IL,22328,South,PRD-00018,Groceries,Beverages,Beverages Product,4875.64,10,0.05,-81.04
ORD-01919,09/09/2011,09/10/2011,Standard Class,AA-10525,Home Office,United States,Chicago,IL,45186,South,PRD-00019,Office Supplies,Pens,Pens Product,1780.81,8,0.1,607.38
ORD-01920,04/29/2014,05/06/2014,First Class,AA-10598,Consumer,United States,Phoenix,IL,67569,Central,PRD-00020,Furniture,Tables,Tables Product,87.1,1,0.1,-4.63
ORD-01921,12/08/2014,12/09/2014,First Class,AA-10361,Consumer,United States,Chicago,TX,56078,South,PRD-00021,Technology,Accessories,Accessories Product,1470.42,3,0.15,579.07
ORD-01922,12/18/2017,12/20/2017,First Class,AA-10591,Corporate,United States,New York,AZ,17314,South,PRD-00022,Technology,Copiers,Copiers Product,436.15,15,0.1,130.19
ORD-01923,04/29/2015,05/01/2015,Second Class,AA-10353,Consumer,United States,Los Angeles,CA,72951,Central,PRD-00023,Technology,Phones,Phones Product,1161.79,7,0.1,197.39
ORD-01924,04/13/2015,04/17/2015,Standard Class,AA-10536,Home Office,United States,Chicago,NY,18575,South,PRD-00024,Groceries,Beverages,Beverages Product,1735.35,6,0.05,-105.81
ORD-01925,10/29/2017,11/02/2017,Same Day,AA-10323,Home Office,United States,Los Angeles,AZ,34618,East,PRD-00025,Office Supplies,Paper,Paper Product,737.08,5,0.05,-17.37
ORD-01926,08/07/2015,08/10/2015,Second Class,AA-10412,Corporate,United States,Chicago,NY,79050,Central,PRD-00026,Office Supplies,Paper,Paper Product,4658.19,17,0.05,1729.88
ORD-01927,11/22/2015,11/28/2015,Second Class,AA-10445,Corporate,United States,Phoenix,CA,82677,East,PRD-00027,Technology,Accessories,Accessories Product,4894.18,12,0.05,-144.05
ORD-01928,11/08/2014,11/11/2014,Second Class,AA-10325,Home Office,United States,Phoenix,AZ,58918,East,PRD-00028,Groceries,Canned Goods,Canned Goods Product,1236.29,7,0.0,181.2
ORD-01929,05/18/2016,05/20/2016,First Class,AA-10319,Home Office,United States,New York,TX,63065,East,PRD-00029,Office Supplies,Binders,Binders Product,8761.52,20,0.15,-262.6
ORD-01930,07/03/2011,07/08/2011,First Class,AA-10447,Corporate,United States,Los Angeles,AZ,76670,Central,PRD-00030,Groceries,Snacks,Snacks Product,4793.16,18,0.0,-850.4
ORD-01931,05/19/2013,05/24/2013,First Class,AA-10455,Corporate,United States,New York,TX,23958,Central,PRD-00031,Furniture,Furnishings,Furnishings Product,3419.12,13,0.15,197.69
ORD-01932,04/02/2011,04/09/2011,Second Class,AA-10536,Home Office,United States,Chicago,TX,23451,East,PRD-00032,Technology,Phones,Phones Product,2829.6,9,0.0,-428.75
ORD-01933,05/26/2015,05/27/2015,Same Day,AA-10560,Consumer,United States,New York,TX,74408,East,PRD-00033,Furniture,Furnishings,Furnishings Product,5133.36,14,0.0,983.41
ORD-01934,12/04/2013,12/10/2013,Same Day,AA-10603,Home Office,United States,Phoenix,IL,12444,East,PRD-00034,Office Supplies,Pens,Pens Product,3502.04,10,0.1,582.8
ORD-01935,08/20/2014,08/22/2014,Same Day,AA-10323,Corporate,United States,Chicago,NY,27788,East,PRD-00035,Furniture,Furnishings,Furnishings Product,6018.14,14,0.2,1652.54
ORD-01936,12/29/2012,01/01/2013,Same Day,AA-10602,Consumer,United States,Chicago,NY,27046,East,PRD-00036,Groceries,Snacks,Snacks Product,6678.48,16,0.2,1019.78
ORD-01937,08/17/2011,08/20/2011,Standard Class,AA-10438,Home Office,United States,Houston,CA,77803,East,PRD-00037,Furniture,Furnishings,Furnishings Product,5247.74,14,0.15,1704.08
ORD-01938,06/04/2017,06/05/2017,Standard Class,AA-10440,Consumer,United States,New York,CA,67576,Central,PRD-00038,Groceries,Snacks,Snacks Product,1377.64,13,0.2,14.43
ORD-01939,09/28/2017,09/30/2017,Same Day,AA-10485,Corporate,United States,Chicago,AZ,59289,Central,PRD-00039,Technology,Copiers,Copiers Product,381.96,1,0.2,120.62
ORD-01940,07/19/2011,07/21/2011,First Class,AA-10425,Corporate,United States,Chicago,CA,92426,East,PRD-00040,Groceries,Canned Goods,Canned Goods Product,1146.23,14,0.05,284.74
ORD-01941,07/09/2015,07/11/2015,Second Class,AA-10575,Consumer,United States,Chicago,TX,99080,Central,PRD-00041,Groceries,Beverages,Beverages Product,491.41,8,0.0,100.52
ORD-01942,12/30/2011,01/06/2012,First Class,AA-10559,Corporate,United States,Houston,TX,32683,Central,PRD-00042,Technology,Accessories,Accessories Product,3365.74,8,0.15,-64.38
ORD-01943,07/10/2012,07/15/2012,Same Day,AA-10513,Corporate,United States,Chicago,TX,59064,East,PRD-00043,Office Supplies,Binders,Binders Product,4105.64,15,0.0,433.82
ORD-01944,03/20/2014,03/24/2014,First Class,AA-10437,Consumer,United States,Los Angeles,TX,61025,Central,PRD-00044,Furniture,Bookcases,Bookcases Product,1489.21,5,0.05,100.78
ORD-01945,09/16/2015,09/23/2015,Same Day,AA-10600,Corporate,United States,Houston,IL,20553,East,PRD-00045,Groceries,Canned Goods,Canned Goods Product,139.92,1,0.05,-26.09
ORD-01946,09/10/2017,09/17/2017,Second Class,AA-10542,Home Office,United States,Los Angeles,NY,91525,West,PRD-00046,Furniture,Tables,Tables Product,532.51,10,0.1,134.53
ORD-01947,05/13/2011,05/15/2011,Second Class,AA-10338,Home Office,United States,Chicago,IL,55010,South,PRD-00047,Furniture,Chairs,Chairs Product,2696.04,14,0.1,635.14
ORD-01948,11/21/2016,11/28/2016,Second Class,AA-10485,Corporate,United States,Houston,NY,92745,West,PRD-00048,Groceries,Canned Goods,Canned Goods Product,1420.47,8,0.05,494.71
ORD-01949,05/31/2011,06/02/2011,First Class,AA-10448,Home Office,United States,Chicago,TX,20196,West,PRD-00049,Groceries,Snacks,Snacks Product,7050.19,19,0.0,-1156.53
ORD-01950,09/23/2017,09/26/2017,Second Class,AA-10571,Home Office,United States,Houston,IL,62663,Central,PRD-00050,Groceries,Canned Goods,Canned Goods Product,157.54,3,0.0,33.04
ORD-01951,11/10/2011,11/17/2011,Same Day,AA-10474,Home Office,United States,Houston,NY,46787,Central,PRD-00051,Furniture,Furnishings,Furnishings Product,3274.12,15,0.0,348.48
ORD-01952,07/18/2017,07/21/2017,Second Class,AA-10525,Corporate,United States,Houston,IL,88695,East,PRD-00052,Groceries,Dairy,Dairy Product,7989.56,18,0.2,-1522.06
ORD-01953,03/10/2011,03/12/2011,Second Class,AA-10584,Corporate,United States,Houston,IL,12273,East,PRD-00053,Technology,Machines,Machines Product,2122.07,6,0.05,-419.82
ORD-01954,02/13/2014,02/16/2014,Standard Class,AA-10561,Consumer,United States,New York,AZ,60927,Central,PRD-00054,Office Supplies,Binders,Binders Product,2749.0,6,0.0,-131.88
ORD-01955,05/13/2011,05/20/2011,Standard Class,AA-10472,Corporate,United States,Houston,AZ,54509,South,PRD-00055,Groceries,Canned Goods,Canned Goods Product,6526.97,15,0.05,855.41
ORD-01956,12/05/2013,12/08/2013,Standard Class,AA-10548,Consumer,United States,Los Angeles,CA,76132,Central,PRD-00056,Furniture,Bookcases,Bookcases Product,56.52,5,0.1,9.24
ORD-01957,07/13/2013,07/14/2013,Second Class,AA-10497,Consumer,United States,Los Angeles,IL,20007,South,PRD-00057,Technology,Accessories,Accessories Product,2267.24,14,0.15,198.25
ORD-01958,02/05/2011,02/10/2011,Standard Class,AA-10387,Corporate,United States,Los Angeles,AZ,79104,East,PRD-00058,Furniture,Bookcases,Bookcases Product,987.65,7,0.15,260.21
ORD-01959,11/18/2012,11/23/2012,First Class,AA-10375,Home Office,United States,New York,CA,82613,Central,PRD-00059,Groceries,Canned Goods,Canned Goods Product,4836.08,11,0.2,-799.25
ORD-01960,09/14/2014,09/19/2014,Second Class,AA-10499,Consumer,United States,Phoenix,CA,50769,West,PRD-00060,Technology,Accessories,Accessories Product,2686.94,15,0.2,-250.72
ORD-01961,02/21/2017,02/23/2017,First Class,AA-10336,Consumer,United States,Phoenix,CA,50862,South,PRD-00061,Technology,Copiers,Copiers Product,753.57,18,0.1,240.91
ORD-01962,02/26/2012,03/02/2012,First Class,AA-10504,Consumer,United States,Houston,CA,48691,West,PRD-00062,Groceries,Beverages,Beverages Product,843.61,2,0.0,-80.96
ORD-01963,12/23/2011,12/26/2011,First Class,AA-10466,Consumer,United States,New York,NY,52038,South,PRD-00063,Groceries,Snacks,Snacks Product,925.64,7,0.1,305.08
ORD-01964,06/09/2011,06/15/2011,Standard Class,AA-10412,Consumer,United States,Phoenix,TX,57259,East,PRD-00064,Technology,Machines,Machines Product,150.29,10,0.15,17.99
ORD-01965,07/05/2014,07/08/2014,Standard Class,AA-10478,Home Office,United States,Los Angeles,AZ,87465,West,PRD-00065,Groceries,Dairy,Dairy Product,1768.43,14,0.1,-8.27
ORD-01966,08/02/2012,08/07/2012,Standard Class,AA-10523,Consumer,United States,Houston,NY,60127,Central,PRD-00066,Furniture,Bookcases,Bookcases Product,184.94,5,0.1,38.96
ORD-01967,11/27/2017,11/29/2017,Standard Class,AA-10362,Corporate,United States,Phoenix,CA,64709,South,PRD-00067,Technology,Phones,Phones Product,5471.61,17,0.05,1086.07
ORD-01968,09/14/2012,09/19/2012,Same Day,AA-10357,Consumer,United States,New York,AZ,35369,East,PRD-00068,Groceries,Canned Goods,Canned Goods Product,1216.08,13,0.15,366.52
ORD-01969,07/26/2016,08/02/2016,First Class,AA-10608,Corporate,United States,Los Angeles,CA,82255,Central,PRD-00069,Technology,Phones,Phones Product,179.18,1,0.05,-20.88
ORD-01970,07/21/2011,07/24/2011,First Class,AA-10418,Home Office,United States,Houston,CA,43303,South,PRD-00070,Office Supplies,Pens,Pens Product,32.85,1,0.15,11.42
ORD-01971,03/29/2017,04/04/2017,Standard Class,AA-10552,Corporate,United States,Phoenix,NY,29322,Central,PRD-00071,Technology,Copiers,Copiers Product,3626.55,20,0.1,2.92
ORD-01972,03/07/2011,03/11/2011,First Class,AA-10509,Corporate,United States,Houston,IL,69133,Central,PRD-00072,Technology,Machines,Machines Product,432.96,18,0.05,-18.49
ORD-01973,10/22/2017,10/27/2017,First Class,AA-10489,Corporate,United States,Houston,IL,36769,West,PRD-00073,Technology,Phones,Phones Product,3929.45,9,0.2,1505.89
ORD-01974,01/20/2012,01/24/2012,Same Day,AA-10514,Home Office,United States,Houston,IL,65780,South,PRD-00074,Furniture,Bookcases,Bookcases Product,5664.08,14,0.05,616.78
ORD-01975,10/31/2011,11/01/2011,Standard Class,AA-10420,Consumer,United States,Los Angeles,AZ,60094,West,PRD-00075,Groceries,Snacks,Snacks Product,4579.48,14,0.05,1401.35
ORD-01976,02/18/2014,02/23/2014,Standard Class,AA-10561,Consumer,United States,Chicago,NY,43600,East,PRD-00076,Furniture,Furnishings,Furnishings Product,1137.89,3,0.2,-217.05
ORD-01977,10/04/2013,10/11/2013,Standard Class,AA-10601,Corporate,United States,Los Angeles,IL,67737,South,PRD-00077,Office Supplies,Paper,Paper Product,459.75,10,0.0,-20.33
ORD-01978,04/16/2017,04/19/2017,Second Class,AA-10437,Consumer,United States,Houston,TX,11025,East,PRD-00078,Furniture,Chairs,Chairs Product,3393.23,14,0.0,990.97
ORD-01979,09/22/2016,09/24/2016,First Class,AA-10579,Home Office,United States,Phoenix,CA,30820,South,PRD-00079,Groceries,Dairy,Dairy Product,2158.19,11,0.05,336.25
ORD-01980,01/06/2017,01/11/2017,First Class,AA-10315,Corporate,United States,Phoenix,IL,99326,Central,PRD-00080,Technology,Copiers,Copiers Product,651.4,5,0.05,-113.97
ORD-01981,06/09/2016,06/14/2016,Second Class,AA-10524,Corporate,United States,Chicago,IL,85305,East,PRD-00081,Groceries,Snacks,Snacks Product,9501.08,20,0.1,-53.5
ORD-01982,06/12/2017,06/16/2017,First Class,AA-10558,Corporate,United States,Chicago,AZ,92379,South,PRD-00082,Furniture,Tables,Tables Product,369.64,3,0.05,-55.93
ORD-01983,08/22/2016,08/25/2016,Same Day,AA-10565,Home Office,United States,Los Angeles,TX,68164,East,PRD-00083,Furniture,Furnishings,Furnishings Product,473.61,9,0.0,105.83
ORD-01984,05/07/2012,05/10/2012,First Class,AA-10375,Consumer,United States,Chicago,TX,50721,West,PRD-00084,Groceries,Dairy,Dairy Product,1565.79,9,0.1,262.86
ORD-01985,11/09/2017,11/10/2017,Second Class,AA-10521,Corporate,United States,Phoenix,CA,17998,West,PRD-00085,Groceries,Dairy,Dairy Product,3746.63,8,0.0,1304.24
ORD-01986,06/11/2015,06/14/2015,Second Class,AA-10413,Consumer,United States,Phoenix,IL,80968,South,PRD-00086,Technology,Phones,Phones Product,3212.52,11,0.05,-309.91
ORD-01987,06/04/2014,06/11/2014,First Class,AA-10400,Corporate,United States,New York,NY,93069,West,PRD-00087,Groceries,Dairy,Dairy Product,3935.62,14,0.2,696.83
ORD-01988,01/29/2014,02/01/2014,Second Class,AA-10319,Corporate,United States,Los Angeles,IL,79072,Central,PRD-00088,Office Supplies,Pens,Pens Product,2812.39,10,0.0,852.44
ORD-01989,06/28/2015,07/01/2015,Second Class,AA-10563,Home Office,United States,Los Angeles,TX,15361,Central,PRD-00089,Technology,Machines,Machines Product,1517.95,11,0.15,498.57
ORD-01990,06/07/2016,06/11/2016,First Class,AA-10451,Home Office,United States,Phoenix,NY,24035,South,PRD-00090,Groceries,Beverages,Beverages Product,1226.5,16,0.1,306.17
ORD-01991,12/13/2016,12/15/2016,Standard Class,AA-10493,Corporate,United States,Chicago,CA,83017,South,PRD-00091,Groceries,Dairy,Dairy Product,2017.4,5,0.1,489.66
ORD-01992,03/22/2011,03/26/2011,Second Class,AA-10569,Corporate,United States,Chicago,CA,89605,East,PRD-00092,Groceries,Canned Goods,Canned Goods Product,3069.23,11,0.0,1069.66
ORD-01993,06/17/2015,06/24/2015,Standard Class,AA-10559,Corporate,United States,Chicago,NY,97333,West,PRD-00093,Furniture,Bookcases,Bookcases Product,146.1,13,0.2,24.21
ORD-01994,10/22/2017,10/28/2017,First Class,AA-10573,Corporate,United States,New York,IL,89169,South,PRD-00094,Technology,Accessories,Accessories Product,3097.21,16,0.0,-334.79
ORD-01995,10/20/2014,10/26/2014,Second Class,AA-10420,Home Office,United States,Chicago,AZ,72373,East,PRD-00095,Technology,Accessories,Accessories Product,2823.81,9,0.05,316.29
ORD-01996,12/08/2015,12/12/2015,Standard Class,AA-10542,Corporate,United States,Chicago,IL,90315,East,PRD-00096,Groceries,Canned Goods,Canned Goods Product,5099.44,13,0.2,1727.36
ORD-01997,05/11/2013,05/18/2013,Same Day,AA-10471,Home Office,United States,Los Angeles,CA,10350,East,PRD-00097,Office Supplies,Binders,Binders Product,4332.02,18,0.15,-601.68
ORD-01998,11/13/2017,11/16/2017,Same Day,AA-10342,Corporate,United States,New York,NY,97030,West,PRD-00098,Groceries,Dairy,Dairy Product,1249.96,8,0.0,9.33
ORD-01999,03/25/2012,03/30/2012,First Class,AA-10378,Consumer,United States,New York,IL,80327,Central,PRD-00099,Furniture,Bookcases,Bookcases Product,3493.18,15,0.05,907.88
